"...1","prefectures","year","value"
1,"北 海 道","y1920",4.22
1,"北 海 道","y1921",4.21
1,"北 海 道","y1922",4.21
1,"北 海 道","y1923",4.21
1,"北 海 道","y1924",4.19
1,"北 海 道","y1925",4.18
1,"北 海 道","y1926",4.21
1,"北 海 道","y1927",4.24
1,"北 海 道","y1928",4.26
1,"北 海 道","y1929",4.3
1,"北 海 道","y1930",4.36
1,"北 海 道","y1931",4.38
1,"北 海 道","y1932",4.39
1,"北 海 道","y1933",4.4
1,"北 海 道","y1934",4.41
1,"北 海 道","y1935",4.43
1,"北 海 道","y1936",4.44
1,"北 海 道","y1937",4.45
1,"北 海 道","y1938",4.47
1,"北 海 道","y1939",4.49
1,"北 海 道","y1940",4.49
1,"北 海 道","y1941",4.5
1,"北 海 道","y1942",4.5
1,"北 海 道","y1943",4.47
1,"北 海 道","y1944",4.46
1,"北 海 道","y1945",4.89
1,"北 海 道","y1946",4.77
1,"北 海 道","y1947",4.93
1,"北 海 道","y1948",5.04
1,"北 海 道","y1949",5.11
1,"北 海 道","y1950",5.16
1,"北 海 道","y1951",5.2
1,"北 海 道","y1952",5.25
1,"北 海 道","y1953",5.3
1,"北 海 道","y1954",5.31
1,"北 海 道","y1955",5.35
1,"北 海 道","y1956",5.36
1,"北 海 道","y1957",5.37
1,"北 海 道","y1958",5.39
1,"北 海 道","y1959",5.4
1,"北 海 道","y1960",5.39
1,"北 海 道","y1961",5.38
1,"北 海 道","y1962",5.36
1,"北 海 道","y1963",5.32
1,"北 海 道","y1964",5.29
1,"北 海 道","y1965",5.26
1,"北 海 道","y1966",5.24
1,"北 海 道","y1967",5.19
1,"北 海 道","y1968",5.15
1,"北 海 道","y1969",5.08
1,"北 海 道","y1970",5
1,"北 海 道","y1971",4.93
1,"北 海 道","y1972",4.84
1,"北 海 道","y1973",4.8
1,"北 海 道","y1974",4.78
1,"北 海 道","y1975",4.77
1,"北 海 道","y1976",4.77
1,"北 海 道","y1977",4.77
1,"北 海 道","y1978",4.77
1,"北 海 道","y1979",4.77
1,"北 海 道","y1980",4.76
1,"北 海 道","y1981",4.75
1,"北 海 道","y1982",4.74
1,"北 海 道","y1983",4.73
1,"北 海 道","y1984",4.71
1,"北 海 道","y1985",4.69
1,"北 海 道","y1986",4.66
1,"北 海 道","y1987",4.63
1,"北 海 道","y1988",4.61
1,"北 海 道","y1989",4.59
1,"北 海 道","y1990",4.57
1,"北 海 道","y1991",4.55
1,"北 海 道","y1992",4.54
1,"北 海 道","y1993",4.54
1,"北 海 道","y1994",4.53
1,"北 海 道","y1995",4.53
1,"北 海 道","y1996",4.53
1,"北 海 道","y1997",4.52
1,"北 海 道","y1998",4.5
1,"北 海 道","y1999",4.49
1,"北 海 道","y2000",4.48
2,"青 森 県","y1920",1.35
2,"青 森 県","y1921",1.35
2,"青 森 県","y1922",1.35
2,"青 森 県","y1923",1.35
2,"青 森 県","y1924",1.35
2,"青 森 県","y1925",1.36
2,"青 森 県","y1926",1.36
2,"青 森 県","y1927",1.36
2,"青 森 県","y1928",1.35
2,"青 森 県","y1929",1.36
2,"青 森 県","y1930",1.37
2,"青 森 県","y1931",1.37
2,"青 森 県","y1932",1.37
2,"青 森 県","y1933",1.38
2,"青 森 県","y1934",1.39
2,"青 森 県","y1935",1.4
2,"青 森 県","y1936",1.39
2,"青 森 県","y1937",1.39
2,"青 森 県","y1938",1.4
2,"青 森 県","y1939",1.38
2,"青 森 県","y1940",1.37
2,"青 森 県","y1941",1.37
2,"青 森 県","y1942",1.38
2,"青 森 県","y1943",1.38
2,"青 森 県","y1944",1.38
2,"青 森 県","y1945",1.5
2,"青 森 県","y1946",1.49
2,"青 森 県","y1947",1.51
2,"青 森 県","y1948",1.52
2,"青 森 県","y1949",1.53
2,"青 森 県","y1950",1.54
2,"青 森 県","y1951",1.54
2,"青 森 県","y1952",1.54
2,"青 森 県","y1953",1.54
2,"青 森 県","y1954",1.54
2,"青 森 県","y1955",1.55
2,"青 森 県","y1956",1.55
2,"青 森 県","y1957",1.55
2,"青 森 県","y1958",1.54
2,"青 森 県","y1959",1.54
2,"青 森 県","y1960",1.53
2,"青 森 県","y1961",1.51
2,"青 森 県","y1962",1.49
2,"青 森 県","y1963",1.48
2,"青 森 県","y1964",1.46
2,"青 森 県","y1965",1.44
2,"青 森 県","y1966",1.43
2,"青 森 県","y1967",1.42
2,"青 森 県","y1968",1.41
2,"青 森 県","y1969",1.39
2,"青 森 県","y1970",1.38
2,"青 森 県","y1971",1.36
2,"青 森 県","y1972",1.33
2,"青 森 県","y1973",1.32
2,"青 森 県","y1974",1.31
2,"青 森 県","y1975",1.31
2,"青 森 県","y1976",1.31
2,"青 森 県","y1977",1.31
2,"青 森 県","y1978",1.31
2,"青 森 県","y1979",1.31
2,"青 森 県","y1980",1.3
2,"青 森 県","y1981",1.29
2,"青 森 県","y1982",1.29
2,"青 森 県","y1983",1.28
2,"青 森 県","y1984",1.27
2,"青 森 県","y1985",1.26
2,"青 森 県","y1986",1.25
2,"青 森 県","y1987",1.24
2,"青 森 県","y1988",1.22
2,"青 森 県","y1989",1.21
2,"青 森 県","y1990",1.2
2,"青 森 県","y1991",1.19
2,"青 森 県","y1992",1.18
2,"青 森 県","y1993",1.18
2,"青 森 県","y1994",1.18
2,"青 森 県","y1995",1.18
2,"青 森 県","y1996",1.18
2,"青 森 県","y1997",1.17
2,"青 森 県","y1998",1.17
2,"青 森 県","y1999",1.17
2,"青 森 県","y2000",1.16
3,"岩 手 県","y1920",1.51
3,"岩 手 県","y1921",1.51
3,"岩 手 県","y1922",1.51
3,"岩 手 県","y1923",1.52
3,"岩 手 県","y1924",1.51
3,"岩 手 県","y1925",1.51
3,"岩 手 県","y1926",1.51
3,"岩 手 県","y1927",1.51
3,"岩 手 県","y1928",1.5
3,"岩 手 県","y1929",1.51
3,"岩 手 県","y1930",1.51
3,"岩 手 県","y1931",1.51
3,"岩 手 県","y1932",1.51
3,"岩 手 県","y1933",1.5
3,"岩 手 県","y1934",1.5
3,"岩 手 県","y1935",1.51
3,"岩 手 県","y1936",1.51
3,"岩 手 県","y1937",1.51
3,"岩 手 県","y1938",1.51
3,"岩 手 県","y1939",1.5
3,"岩 手 県","y1940",1.5
3,"岩 手 県","y1941",1.5
3,"岩 手 県","y1942",1.5
3,"岩 手 県","y1943",1.51
3,"岩 手 県","y1944",1.51
3,"岩 手 県","y1945",1.71
3,"岩 手 県","y1946",1.66
3,"岩 手 県","y1947",1.62
3,"岩 手 県","y1948",1.63
3,"岩 手 県","y1949",1.62
3,"岩 手 県","y1950",1.62
3,"岩 手 県","y1951",1.62
3,"岩 手 県","y1952",1.61
3,"岩 手 県","y1953",1.61
3,"岩 手 県","y1954",1.6
3,"岩 手 県","y1955",1.6
3,"岩 手 県","y1956",1.59
3,"岩 手 県","y1957",1.58
3,"岩 手 県","y1958",1.58
3,"岩 手 県","y1959",1.56
3,"岩 手 県","y1960",1.55
3,"岩 手 県","y1961",1.53
3,"岩 手 県","y1962",1.51
3,"岩 手 県","y1963",1.49
3,"岩 手 県","y1964",1.46
3,"岩 手 県","y1965",1.44
3,"岩 手 県","y1966",1.42
3,"岩 手 県","y1967",1.39
3,"岩 手 県","y1968",1.37
3,"岩 手 県","y1969",1.35
3,"岩 手 県","y1970",1.32
3,"岩 手 県","y1971",1.3
3,"岩 手 県","y1972",1.27
3,"岩 手 県","y1973",1.25
3,"岩 手 県","y1974",1.24
3,"岩 手 県","y1975",1.24
3,"岩 手 県","y1976",1.23
3,"岩 手 県","y1977",1.23
3,"岩 手 県","y1978",1.22
3,"岩 手 県","y1979",1.22
3,"岩 手 県","y1980",1.21
3,"岩 手 県","y1981",1.21
3,"岩 手 県","y1982",1.2
3,"岩 手 県","y1983",1.2
3,"岩 手 県","y1984",1.19
3,"岩 手 県","y1985",1.18
3,"岩 手 県","y1986",1.18
3,"岩 手 県","y1987",1.17
3,"岩 手 県","y1988",1.16
3,"岩 手 県","y1989",1.15
3,"岩 手 県","y1990",1.15
3,"岩 手 県","y1991",1.14
3,"岩 手 県","y1992",1.14
3,"岩 手 県","y1993",1.13
3,"岩 手 県","y1994",1.13
3,"岩 手 県","y1995",1.13
3,"岩 手 県","y1996",1.13
3,"岩 手 県","y1997",1.13
3,"岩 手 県","y1998",1.12
3,"岩 手 県","y1999",1.12
3,"岩 手 県","y2000",1.12
4,"宮 城 県","y1920",1.72
4,"宮 城 県","y1921",1.73
4,"宮 城 県","y1922",1.73
4,"宮 城 県","y1923",1.76
4,"宮 城 県","y1924",1.76
4,"宮 城 県","y1925",1.75
4,"宮 城 県","y1926",1.75
4,"宮 城 県","y1927",1.75
4,"宮 城 県","y1928",1.76
4,"宮 城 県","y1929",1.76
4,"宮 城 県","y1930",1.77
4,"宮 城 県","y1931",1.79
4,"宮 城 県","y1932",1.8
4,"宮 城 県","y1933",1.81
4,"宮 城 県","y1934",1.8
4,"宮 城 県","y1935",1.78
4,"宮 城 県","y1936",1.8
4,"宮 城 県","y1937",1.79
4,"宮 城 県","y1938",1.74
4,"宮 城 県","y1939",1.73
4,"宮 城 県","y1940",1.73
4,"宮 城 県","y1941",1.73
4,"宮 城 県","y1942",1.73
4,"宮 城 県","y1943",1.74
4,"宮 城 県","y1944",1.75
4,"宮 城 県","y1945",2.03
4,"宮 城 県","y1946",2
4,"宮 城 県","y1947",2.01
4,"宮 城 県","y1948",2.01
4,"宮 城 県","y1949",2
4,"宮 城 県","y1950",2
4,"宮 城 県","y1951",1.97
4,"宮 城 県","y1952",1.96
4,"宮 城 県","y1953",1.95
4,"宮 城 県","y1954",1.94
4,"宮 城 県","y1955",1.93
4,"宮 城 県","y1956",1.93
4,"宮 城 県","y1957",1.91
4,"宮 城 県","y1958",1.9
4,"宮 城 県","y1959",1.89
4,"宮 城 県","y1960",1.87
4,"宮 城 県","y1961",1.85
4,"宮 城 県","y1962",1.82
4,"宮 城 県","y1963",1.81
4,"宮 城 県","y1964",1.8
4,"宮 城 県","y1965",1.78
4,"宮 城 県","y1966",1.78
4,"宮 城 県","y1967",1.77
4,"宮 城 県","y1968",1.77
4,"宮 城 県","y1969",1.76
4,"宮 城 県","y1970",1.75
4,"宮 城 県","y1971",1.75
4,"宮 城 県","y1972",1.73
4,"宮 城 県","y1973",1.73
4,"宮 城 県","y1974",1.74
4,"宮 城 県","y1975",1.75
4,"宮 城 県","y1976",1.75
4,"宮 城 県","y1977",1.76
4,"宮 城 県","y1978",1.76
4,"宮 城 県","y1979",1.77
4,"宮 城 県","y1980",1.78
4,"宮 城 県","y1981",1.78
4,"宮 城 県","y1982",1.79
4,"宮 城 県","y1983",1.79
4,"宮 城 県","y1984",1.8
4,"宮 城 県","y1985",1.8
4,"宮 城 県","y1986",1.8
4,"宮 城 県","y1987",1.8
4,"宮 城 県","y1988",1.81
4,"宮 城 県","y1989",1.81
4,"宮 城 県","y1990",1.82
4,"宮 城 県","y1991",1.83
4,"宮 城 県","y1992",1.83
4,"宮 城 県","y1993",1.84
4,"宮 城 県","y1994",1.85
4,"宮 城 県","y1995",1.85
4,"宮 城 県","y1996",1.86
4,"宮 城 県","y1997",1.86
4,"宮 城 県","y1998",1.86
4,"宮 城 県","y1999",1.86
4,"宮 城 県","y2000",1.86
5,"秋 田 県","y1920",1.61
5,"秋 田 県","y1921",1.6
5,"秋 田 県","y1922",1.62
5,"秋 田 県","y1923",1.62
5,"秋 田 県","y1924",1.57
5,"秋 田 県","y1925",1.57
5,"秋 田 県","y1926",1.54
5,"秋 田 県","y1927",1.54
5,"秋 田 県","y1928",1.53
5,"秋 田 県","y1929",1.52
5,"秋 田 県","y1930",1.53
5,"秋 田 県","y1931",1.53
5,"秋 田 県","y1932",1.53
5,"秋 田 県","y1933",1.52
5,"秋 田 県","y1934",1.51
5,"秋 田 県","y1935",1.5
5,"秋 田 県","y1936",1.49
5,"秋 田 県","y1937",1.48
5,"秋 田 県","y1938",1.47
5,"秋 田 県","y1939",1.46
5,"秋 田 県","y1940",1.44
5,"秋 田 県","y1941",1.43
5,"秋 田 県","y1942",1.43
5,"秋 田 県","y1943",1.44
5,"秋 田 県","y1944",1.44
5,"秋 田 県","y1945",1.68
5,"秋 田 県","y1946",1.64
5,"秋 田 県","y1947",1.61
5,"秋 田 県","y1948",1.59
5,"秋 田 県","y1949",1.58
5,"秋 田 県","y1950",1.57
5,"秋 田 県","y1951",1.56
5,"秋 田 県","y1952",1.54
5,"秋 田 県","y1953",1.53
5,"秋 田 県","y1954",1.52
5,"秋 田 県","y1955",1.51
5,"秋 田 県","y1956",1.5
5,"秋 田 県","y1957",1.48
5,"秋 田 県","y1958",1.46
5,"秋 田 県","y1959",1.45
5,"秋 田 県","y1960",1.43
5,"秋 田 県","y1961",1.41
5,"秋 田 県","y1962",1.38
5,"秋 田 県","y1963",1.35
5,"秋 田 県","y1964",1.33
5,"秋 田 県","y1965",1.3
5,"秋 田 県","y1966",1.28
5,"秋 田 県","y1967",1.26
5,"秋 田 県","y1968",1.24
5,"秋 田 県","y1969",1.22
5,"秋 田 県","y1970",1.2
5,"秋 田 県","y1971",1.17
5,"秋 田 県","y1972",1.14
5,"秋 田 県","y1973",1.12
5,"秋 田 県","y1974",1.11
5,"秋 田 県","y1975",1.1
5,"秋 田 県","y1976",1.1
5,"秋 田 県","y1977",1.09
5,"秋 田 県","y1978",1.08
5,"秋 田 県","y1979",1.08
5,"秋 田 県","y1980",1.07
5,"秋 田 県","y1981",1.07
5,"秋 田 県","y1982",1.06
5,"秋 田 県","y1983",1.05
5,"秋 田 県","y1984",1.04
5,"秋 田 県","y1985",1.04
5,"秋 田 県","y1986",1.03
5,"秋 田 県","y1987",1.02
5,"秋 田 県","y1988",1.01
5,"秋 田 県","y1989",1
5,"秋 田 県","y1990",0.99
5,"秋 田 県","y1991",0.99
5,"秋 田 県","y1992",0.98
5,"秋 田 県","y1993",0.97
5,"秋 田 県","y1994",0.97
5,"秋 田 県","y1995",0.97
5,"秋 田 県","y1996",0.96
5,"秋 田 県","y1997",0.96
5,"秋 田 県","y1998",0.95
5,"秋 田 県","y1999",0.94
5,"秋 田 県","y2000",0.94
6,"山 形 県","y1920",1.73
6,"山 形 県","y1921",1.73
6,"山 形 県","y1922",1.72
6,"山 形 県","y1923",1.72
6,"山 形 県","y1924",1.72
6,"山 形 県","y1925",1.72
6,"山 形 県","y1926",1.71
6,"山 形 県","y1927",1.71
6,"山 形 県","y1928",1.7
6,"山 形 県","y1929",1.69
6,"山 形 県","y1930",1.68
6,"山 形 県","y1931",1.66
6,"山 形 県","y1932",1.65
6,"山 形 県","y1933",1.64
6,"山 形 県","y1934",1.63
6,"山 形 県","y1935",1.61
6,"山 形 県","y1936",1.59
6,"山 形 県","y1937",1.55
6,"山 形 県","y1938",1.55
6,"山 形 県","y1939",1.54
6,"山 形 県","y1940",1.53
6,"山 形 県","y1941",1.51
6,"山 形 県","y1942",1.46
6,"山 形 県","y1943",1.45
6,"山 形 県","y1944",1.48
6,"山 形 県","y1945",1.84
6,"山 形 県","y1946",1.77
6,"山 形 県","y1947",1.71
6,"山 形 県","y1948",1.69
6,"山 形 県","y1949",1.66
6,"山 形 県","y1950",1.63
6,"山 形 県","y1951",1.6
6,"山 形 県","y1952",1.57
6,"山 形 県","y1953",1.55
6,"山 形 県","y1954",1.53
6,"山 形 県","y1955",1.52
6,"山 形 県","y1956",1.5
6,"山 形 県","y1957",1.48
6,"山 形 県","y1958",1.46
6,"山 形 県","y1959",1.43
6,"山 形 県","y1960",1.41
6,"山 形 県","y1961",1.39
6,"山 形 県","y1962",1.36
6,"山 形 県","y1963",1.34
6,"山 形 県","y1964",1.31
6,"山 形 県","y1965",1.29
6,"山 形 県","y1966",1.26
6,"山 形 県","y1967",1.24
6,"山 形 県","y1968",1.22
6,"山 形 県","y1969",1.2
6,"山 形 県","y1970",1.18
6,"山 形 県","y1971",1.16
6,"山 形 県","y1972",1.13
6,"山 形 県","y1973",1.11
6,"山 形 県","y1974",1.1
6,"山 形 県","y1975",1.09
6,"山 形 県","y1976",1.08
6,"山 形 県","y1977",1.08
6,"山 形 県","y1978",1.08
6,"山 形 県","y1979",1.07
6,"山 形 県","y1980",1.07
6,"山 形 県","y1981",1.06
6,"山 形 県","y1982",1.06
6,"山 形 県","y1983",1.05
6,"山 形 県","y1984",1.05
6,"山 形 県","y1985",1.04
6,"山 形 県","y1986",1.04
6,"山 形 県","y1987",1.03
6,"山 形 県","y1988",1.03
6,"山 形 県","y1989",1.02
6,"山 形 県","y1990",1.02
6,"山 形 県","y1991",1.01
6,"山 形 県","y1992",1.01
6,"山 形 県","y1993",1.01
6,"山 形 県","y1994",1
6,"山 形 県","y1995",1
6,"山 形 県","y1996",1
6,"山 形 県","y1997",0.99
6,"山 形 県","y1998",0.99
6,"山 形 県","y1999",0.98
6,"山 形 県","y2000",0.98
7,"福 島 県","y1920",2.44
7,"福 島 県","y1921",2.44
7,"福 島 県","y1922",2.41
7,"福 島 県","y1923",2.44
7,"福 島 県","y1924",2.42
7,"福 島 県","y1925",2.41
7,"福 島 県","y1926",2.41
7,"福 島 県","y1927",2.39
7,"福 島 県","y1928",2.38
7,"福 島 県","y1929",2.36
7,"福 島 県","y1930",2.34
7,"福 島 県","y1931",2.33
7,"福 島 県","y1932",2.32
7,"福 島 県","y1933",2.31
7,"福 島 県","y1934",2.3
7,"福 島 県","y1935",2.28
7,"福 島 県","y1936",2.27
7,"福 島 県","y1937",2.27
7,"福 島 県","y1938",2.27
7,"福 島 県","y1939",2.25
7,"福 島 県","y1940",2.22
7,"福 島 県","y1941",2.21
7,"福 島 県","y1942",2.19
7,"福 島 県","y1943",2.18
7,"福 島 県","y1944",2.19
7,"福 島 県","y1945",2.72
7,"福 島 県","y1946",2.62
7,"福 島 県","y1947",2.55
7,"福 島 県","y1948",2.52
7,"福 島 県","y1949",2.49
7,"福 島 県","y1950",2.48
7,"福 島 県","y1951",2.44
7,"福 島 県","y1952",2.42
7,"福 島 県","y1953",2.39
7,"福 島 県","y1954",2.36
7,"福 島 県","y1955",2.35
7,"福 島 県","y1956",2.32
7,"福 島 県","y1957",2.29
7,"福 島 県","y1958",2.26
7,"福 島 県","y1959",2.23
7,"福 島 県","y1960",2.2
7,"福 島 県","y1961",2.16
7,"福 島 県","y1962",2.12
7,"福 島 県","y1963",2.09
7,"福 島 県","y1964",2.05
7,"福 島 県","y1965",2.02
7,"福 島 県","y1966",1.99
7,"福 島 県","y1967",1.96
7,"福 島 県","y1968",1.93
7,"福 島 県","y1969",1.9
7,"福 島 県","y1970",1.88
7,"福 島 県","y1971",1.85
7,"福 島 県","y1972",1.81
7,"福 島 県","y1973",1.79
7,"福 島 県","y1974",1.77
7,"福 島 県","y1975",1.76
7,"福 島 県","y1976",1.75
7,"福 島 県","y1977",1.75
7,"福 島 県","y1978",1.75
7,"福 島 県","y1979",1.74
7,"福 島 県","y1980",1.74
7,"福 島 県","y1981",1.73
7,"福 島 県","y1982",1.73
7,"福 島 県","y1983",1.72
7,"福 島 県","y1984",1.72
7,"福 島 県","y1985",1.72
7,"福 島 県","y1986",1.71
7,"福 島 県","y1987",1.71
7,"福 島 県","y1988",1.71
7,"福 島 県","y1989",1.7
7,"福 島 県","y1990",1.7
7,"福 島 県","y1991",1.7
7,"福 島 県","y1992",1.7
7,"福 島 県","y1993",1.7
7,"福 島 県","y1994",1.7
7,"福 島 県","y1995",1.7
7,"福 島 県","y1996",1.7
7,"福 島 県","y1997",1.69
7,"福 島 県","y1998",1.69
7,"福 島 県","y1999",1.68
7,"福 島 県","y2000",1.68
8,"茨 城 県","y1920",2.41
8,"茨 城 県","y1921",2.39
8,"茨 城 県","y1922",2.38
8,"茨 城 県","y1923",2.39
8,"茨 城 県","y1924",2.38
8,"茨 城 県","y1925",2.36
8,"茨 城 県","y1926",2.35
8,"茨 城 県","y1927",2.33
8,"茨 城 県","y1928",2.32
8,"茨 城 県","y1929",2.31
8,"茨 城 県","y1930",2.31
8,"茨 城 県","y1931",2.28
8,"茨 城 県","y1932",2.26
8,"茨 城 県","y1933",2.25
8,"茨 城 県","y1934",2.24
8,"茨 城 県","y1935",2.24
8,"茨 城 県","y1936",2.21
8,"茨 城 県","y1937",2.21
8,"茨 城 県","y1938",2.2
8,"茨 城 県","y1939",2.2
8,"茨 城 県","y1940",2.22
8,"茨 城 県","y1941",2.22
8,"茨 城 県","y1942",2.21
8,"茨 城 県","y1943",2.24
8,"茨 城 県","y1944",2.27
8,"茨 城 県","y1945",2.7
8,"茨 城 県","y1946",2.65
8,"茨 城 県","y1947",2.58
8,"茨 城 県","y1948",2.54
8,"茨 城 県","y1949",2.49
8,"茨 城 県","y1950",2.45
8,"茨 城 県","y1951",2.41
8,"茨 城 県","y1952",2.38
8,"茨 城 県","y1953",2.36
8,"茨 城 県","y1954",2.33
8,"茨 城 県","y1955",2.31
8,"茨 城 県","y1956",2.29
8,"茨 城 県","y1957",2.27
8,"茨 城 県","y1958",2.24
8,"茨 城 県","y1959",2.21
8,"茨 城 県","y1960",2.19
8,"茨 城 県","y1961",2.18
8,"茨 城 県","y1962",2.16
8,"茨 城 県","y1963",2.14
8,"茨 城 県","y1964",2.11
8,"茨 城 県","y1965",2.09
8,"茨 城 県","y1966",2.07
8,"茨 城 県","y1967",2.06
8,"茨 城 県","y1968",2.05
8,"茨 城 県","y1969",2.06
8,"茨 城 県","y1970",2.07
8,"茨 城 県","y1971",2.07
8,"茨 城 県","y1972",2.05
8,"茨 城 県","y1973",2.06
8,"茨 城 県","y1974",2.08
8,"茨 城 県","y1975",2.09
8,"茨 城 県","y1976",2.1
8,"茨 城 県","y1977",2.12
8,"茨 城 県","y1978",2.14
8,"茨 城 県","y1979",2.16
8,"茨 城 県","y1980",2.19
8,"茨 城 県","y1981",2.2
8,"茨 城 県","y1982",2.22
8,"茨 城 県","y1983",2.23
8,"茨 城 県","y1984",2.24
8,"茨 城 県","y1985",2.25
8,"茨 城 県","y1986",2.26
8,"茨 城 県","y1987",2.27
8,"茨 城 県","y1988",2.28
8,"茨 城 県","y1989",2.29
8,"茨 城 県","y1990",2.3
8,"茨 城 県","y1991",2.31
8,"茨 城 県","y1992",2.33
8,"茨 城 県","y1993",2.34
8,"茨 城 県","y1994",2.35
8,"茨 城 県","y1995",2.35
8,"茨 城 県","y1996",2.36
8,"茨 城 県","y1997",2.36
8,"茨 城 県","y1998",2.36
8,"茨 城 県","y1999",2.35
8,"茨 城 県","y2000",2.35
9,"栃 木 県","y1920",1.87
9,"栃 木 県","y1921",1.86
9,"栃 木 県","y1922",1.85
9,"栃 木 県","y1923",1.87
9,"栃 木 県","y1924",1.85
9,"栃 木 県","y1925",1.83
9,"栃 木 県","y1926",1.81
9,"栃 木 県","y1927",1.8
9,"栃 木 県","y1928",1.78
9,"栃 木 県","y1929",1.77
9,"栃 木 県","y1930",1.77
9,"栃 木 県","y1931",1.76
9,"栃 木 県","y1932",1.75
9,"栃 木 県","y1933",1.74
9,"栃 木 県","y1934",1.73
9,"栃 木 県","y1935",1.73
9,"栃 木 県","y1936",1.71
9,"栃 木 県","y1937",1.7
9,"栃 木 県","y1938",1.67
9,"栃 木 県","y1939",1.65
9,"栃 木 県","y1940",1.65
9,"栃 木 県","y1941",1.65
9,"栃 木 県","y1942",1.64
9,"栃 木 県","y1943",1.64
9,"栃 木 県","y1944",1.65
9,"栃 木 県","y1945",2.15
9,"栃 木 県","y1946",2.06
9,"栃 木 県","y1947",1.96
9,"栃 木 県","y1948",1.92
9,"栃 木 県","y1949",1.89
9,"栃 木 県","y1950",1.86
9,"栃 木 県","y1951",1.83
9,"栃 木 県","y1952",1.8
9,"栃 木 県","y1953",1.78
9,"栃 木 県","y1954",1.75
9,"栃 木 県","y1955",1.73
9,"栃 木 県","y1956",1.71
9,"栃 木 県","y1957",1.69
9,"栃 木 県","y1958",1.67
9,"栃 木 県","y1959",1.64
9,"栃 木 県","y1960",1.62
9,"栃 木 県","y1961",1.6
9,"栃 木 県","y1962",1.59
9,"栃 木 県","y1963",1.58
9,"栃 木 県","y1964",1.56
9,"栃 木 県","y1965",1.55
9,"栃 木 県","y1966",1.54
9,"栃 木 県","y1967",1.53
9,"栃 木 県","y1968",1.52
9,"栃 木 県","y1969",1.52
9,"栃 木 県","y1970",1.52
9,"栃 木 県","y1971",1.53
9,"栃 木 県","y1972",1.51
9,"栃 木 県","y1973",1.51
9,"栃 木 県","y1974",1.52
9,"栃 木 県","y1975",1.52
9,"栃 木 県","y1976",1.52
9,"栃 木 県","y1977",1.52
9,"栃 木 県","y1978",1.52
9,"栃 木 県","y1979",1.53
9,"栃 木 県","y1980",1.53
9,"栃 木 県","y1981",1.53
9,"栃 木 県","y1982",1.53
9,"栃 木 県","y1983",1.54
9,"栃 木 県","y1984",1.54
9,"栃 木 県","y1985",1.54
9,"栃 木 県","y1986",1.55
9,"栃 木 県","y1987",1.55
9,"栃 木 県","y1988",1.55
9,"栃 木 県","y1989",1.56
9,"栃 木 県","y1990",1.57
9,"栃 木 県","y1991",1.57
9,"栃 木 県","y1992",1.57
9,"栃 木 県","y1993",1.58
9,"栃 木 県","y1994",1.58
9,"栃 木 県","y1995",1.58
9,"栃 木 県","y1996",1.58
9,"栃 木 県","y1997",1.58
9,"栃 木 県","y1998",1.58
9,"栃 木 県","y1999",1.58
9,"栃 木 県","y2000",1.58
10,"群 馬 県","y1920",1.88
10,"群 馬 県","y1921",1.87
10,"群 馬 県","y1922",1.87
10,"群 馬 県","y1923",1.88
10,"群 馬 県","y1924",1.88
10,"群 馬 県","y1925",1.87
10,"群 馬 県","y1926",1.85
10,"群 馬 県","y1927",1.87
10,"群 馬 県","y1928",1.89
10,"群 馬 県","y1929",1.87
10,"群 馬 県","y1930",1.84
10,"群 馬 県","y1931",1.82
10,"群 馬 県","y1932",1.81
10,"群 馬 県","y1933",1.8
10,"群 馬 県","y1934",1.8
10,"群 馬 県","y1935",1.79
10,"群 馬 県","y1936",1.79
10,"群 馬 県","y1937",1.79
10,"群 馬 県","y1938",1.78
10,"群 馬 県","y1939",1.78
10,"群 馬 県","y1940",1.78
10,"群 馬 県","y1941",1.78
10,"群 馬 県","y1942",1.77
10,"群 馬 県","y1943",1.79
10,"群 馬 県","y1944",1.81
10,"群 馬 県","y1945",2.15
10,"群 馬 県","y1946",2.09
10,"群 馬 県","y1947",2.01
10,"群 馬 県","y1948",1.98
10,"群 馬 県","y1949",1.95
10,"群 馬 県","y1950",1.92
10,"群 馬 県","y1951",1.89
10,"群 馬 県","y1952",1.87
10,"群 馬 県","y1953",1.85
10,"群 馬 県","y1954",1.82
10,"群 馬 県","y1955",1.81
10,"群 馬 県","y1956",1.79
10,"群 馬 県","y1957",1.76
10,"群 馬 県","y1958",1.73
10,"群 馬 県","y1959",1.71
10,"群 馬 県","y1960",1.69
10,"群 馬 県","y1961",1.68
10,"群 馬 県","y1962",1.66
10,"群 馬 県","y1963",1.65
10,"群 馬 県","y1964",1.64
10,"群 馬 県","y1965",1.63
10,"群 馬 県","y1966",1.62
10,"群 馬 県","y1967",1.61
10,"群 馬 県","y1968",1.61
10,"群 馬 県","y1969",1.6
10,"群 馬 県","y1970",1.6
10,"群 馬 県","y1971",1.59
10,"群 馬 県","y1972",1.58
10,"群 馬 県","y1973",1.58
10,"群 馬 県","y1974",1.57
10,"群 馬 県","y1975",1.57
10,"群 馬 県","y1976",1.57
10,"群 馬 県","y1977",1.58
10,"群 馬 県","y1978",1.58
10,"群 馬 県","y1979",1.58
10,"群 馬 県","y1980",1.58
10,"群 馬 県","y1981",1.58
10,"群 馬 県","y1982",1.58
10,"群 馬 県","y1983",1.58
10,"群 馬 県","y1984",1.59
10,"群 馬 県","y1985",1.59
10,"群 馬 県","y1986",1.59
10,"群 馬 県","y1987",1.59
10,"群 馬 県","y1988",1.59
10,"群 馬 県","y1989",1.59
10,"群 馬 県","y1990",1.59
10,"群 馬 県","y1991",1.59
10,"群 馬 県","y1992",1.59
10,"群 馬 県","y1993",1.59
10,"群 馬 県","y1994",1.59
10,"群 馬 県","y1995",1.6
10,"群 馬 県","y1996",1.6
10,"群 馬 県","y1997",1.6
10,"群 馬 県","y1998",1.6
10,"群 馬 県","y1999",1.59
10,"群 馬 県","y2000",1.6
11,"埼 玉 県","y1920",2.36
11,"埼 玉 県","y1921",2.35
11,"埼 玉 県","y1922",2.34
11,"埼 玉 県","y1923",2.35
11,"埼 玉 県","y1924",2.34
11,"埼 玉 県","y1925",2.33
11,"埼 玉 県","y1926",2.32
11,"埼 玉 県","y1927",2.31
11,"埼 玉 県","y1928",2.3
11,"埼 玉 県","y1929",2.28
11,"埼 玉 県","y1930",2.26
11,"埼 玉 県","y1931",2.25
11,"埼 玉 県","y1932",2.23
11,"埼 玉 県","y1933",2.22
11,"埼 玉 県","y1934",2.21
11,"埼 玉 県","y1935",2.21
11,"埼 玉 県","y1936",2.19
11,"埼 玉 県","y1937",2.18
11,"埼 玉 県","y1938",2.18
11,"埼 玉 県","y1939",2.18
11,"埼 玉 県","y1940",2.2
11,"埼 玉 県","y1941",2.21
11,"埼 玉 県","y1942",2.22
11,"埼 玉 県","y1943",2.24
11,"埼 玉 県","y1944",2.26
11,"埼 玉 県","y1945",2.84
11,"埼 玉 県","y1946",2.77
11,"埼 玉 県","y1947",2.69
11,"埼 玉 県","y1948",2.64
11,"埼 玉 県","y1949",2.6
11,"埼 玉 県","y1950",2.58
11,"埼 玉 県","y1951",2.56
11,"埼 玉 県","y1952",2.55
11,"埼 玉 県","y1953",2.54
11,"埼 玉 県","y1954",2.54
11,"埼 玉 県","y1955",2.53
11,"埼 玉 県","y1956",2.54
11,"埼 玉 県","y1957",2.54
11,"埼 玉 県","y1958",2.55
11,"埼 玉 県","y1959",2.57
11,"埼 玉 県","y1960",2.6
11,"埼 玉 県","y1961",2.65
11,"埼 玉 県","y1962",2.72
11,"埼 玉 県","y1963",2.83
11,"埼 玉 県","y1964",2.95
11,"埼 玉 県","y1965",3.07
11,"埼 玉 県","y1966",3.19
11,"埼 玉 県","y1967",3.32
11,"埼 玉 県","y1968",3.45
11,"埼 玉 県","y1969",3.58
11,"埼 玉 県","y1970",3.73
11,"埼 玉 県","y1971",3.86
11,"埼 玉 県","y1972",3.96
11,"埼 玉 県","y1973",4.1
11,"埼 玉 県","y1974",4.21
11,"埼 玉 県","y1975",4.31
11,"埼 玉 県","y1976",4.39
11,"埼 玉 県","y1977",4.46
11,"埼 玉 県","y1978",4.52
11,"埼 玉 県","y1979",4.58
11,"埼 玉 県","y1980",4.63
11,"埼 玉 県","y1981",4.68
11,"埼 玉 県","y1982",4.73
11,"埼 玉 県","y1983",4.77
11,"埼 玉 県","y1984",4.81
11,"埼 玉 県","y1985",4.84
11,"埼 玉 県","y1986",4.89
11,"埼 玉 県","y1987",4.97
11,"埼 玉 県","y1988",5.05
11,"埼 玉 県","y1989",5.12
11,"埼 玉 県","y1990",5.18
11,"埼 玉 県","y1991",5.23
11,"埼 玉 県","y1992",5.27
11,"埼 玉 県","y1993",5.31
11,"埼 玉 県","y1994",5.35
11,"埼 玉 県","y1995",5.38
11,"埼 玉 県","y1996",5.41
11,"埼 玉 県","y1997",5.42
11,"埼 玉 県","y1998",5.44
11,"埼 玉 県","y1999",5.45
11,"埼 玉 県","y2000",5.47
12,"千 葉 県","y1920",2.39
12,"千 葉 県","y1921",2.36
12,"千 葉 県","y1922",2.36
12,"千 葉 県","y1923",2.38
12,"千 葉 県","y1924",2.37
12,"千 葉 県","y1925",2.34
12,"千 葉 県","y1926",2.33
12,"千 葉 県","y1927",2.31
12,"千 葉 県","y1928",2.29
12,"千 葉 県","y1929",2.28
12,"千 葉 県","y1930",2.28
12,"千 葉 県","y1931",2.27
12,"千 葉 県","y1932",2.26
12,"千 葉 県","y1933",2.25
12,"千 葉 県","y1934",2.24
12,"千 葉 県","y1935",2.23
12,"千 葉 県","y1936",2.21
12,"千 葉 県","y1937",2.2
12,"千 葉 県","y1938",2.19
12,"千 葉 県","y1939",2.18
12,"千 葉 県","y1940",2.17
12,"千 葉 県","y1941",2.17
12,"千 葉 県","y1942",2.17
12,"千 葉 県","y1943",2.22
12,"千 葉 県","y1944",2.27
12,"千 葉 県","y1945",2.73
12,"千 葉 県","y1946",2.75
12,"千 葉 県","y1947",2.71
12,"千 葉 県","y1948",2.65
12,"千 葉 県","y1949",2.59
12,"千 葉 県","y1950",2.57
12,"千 葉 県","y1951",2.54
12,"千 葉 県","y1952",2.52
12,"千 葉 県","y1953",2.5
12,"千 葉 県","y1954",2.48
12,"千 葉 県","y1955",2.47
12,"千 葉 県","y1956",2.46
12,"千 葉 県","y1957",2.46
12,"千 葉 県","y1958",2.46
12,"千 葉 県","y1959",2.46
12,"千 葉 県","y1960",2.47
12,"千 葉 県","y1961",2.5
12,"千 葉 県","y1962",2.55
12,"千 葉 県","y1963",2.61
12,"千 葉 県","y1964",2.68
12,"千 葉 県","y1965",2.75
12,"千 葉 県","y1966",2.81
12,"千 葉 県","y1967",2.9
12,"千 葉 県","y1968",2.99
12,"千 葉 県","y1969",3.12
12,"千 葉 県","y1970",3.25
12,"千 葉 県","y1971",3.35
12,"千 葉 県","y1972",3.42
12,"千 葉 県","y1973",3.52
12,"千 葉 県","y1974",3.62
12,"千 葉 県","y1975",3.71
12,"千 葉 県","y1976",3.77
12,"千 葉 県","y1977",3.84
12,"千 葉 県","y1978",3.91
12,"千 葉 県","y1979",3.98
12,"千 葉 県","y1980",4.05
12,"千 葉 県","y1981",4.1
12,"千 葉 県","y1982",4.15
12,"千 葉 県","y1983",4.19
12,"千 葉 県","y1984",4.22
12,"千 葉 県","y1985",4.25
12,"千 葉 県","y1986",4.29
12,"千 葉 県","y1987",4.34
12,"千 葉 県","y1988",4.4
12,"千 葉 県","y1989",4.45
12,"千 葉 県","y1990",4.49
12,"千 葉 県","y1991",4.53
12,"千 葉 県","y1992",4.56
12,"千 葉 県","y1993",4.59
12,"千 葉 県","y1994",4.6
12,"千 葉 県","y1995",4.62
12,"千 葉 県","y1996",4.62
12,"千 葉 県","y1997",4.63
12,"千 葉 県","y1998",4.64
12,"千 葉 県","y1999",4.65
12,"千 葉 県","y2000",4.67
13,"東 京 都","y1920",6.61
13,"東 京 都","y1921",6.76
13,"東 京 都","y1922",6.94
13,"東 京 都","y1923",6.64
13,"東 京 都","y1924",7.11
13,"東 京 都","y1925",7.51
13,"東 京 都","y1926",7.73
13,"東 京 都","y1927",7.94
13,"東 京 都","y1928",8.15
13,"東 京 都","y1929",8.35
13,"東 京 都","y1930",8.39
13,"東 京 都","y1931",8.43
13,"東 京 都","y1932",8.66
13,"東 京 都","y1933",8.86
13,"東 京 都","y1934",9.04
13,"東 京 都","y1935",9.2
13,"東 京 都","y1936",9.39
13,"東 京 都","y1937",9.52
13,"東 京 都","y1938",9.68
13,"東 京 都","y1939",9.92
13,"東 京 都","y1940",10.13
13,"東 京 都","y1941",10.16
13,"東 京 都","y1942",10.16
13,"東 京 都","y1943",10.06
13,"東 京 都","y1944",9.95
13,"東 京 都","y1945",4.84
13,"東 京 都","y1946",5.72
13,"東 京 都","y1947",6.4
13,"東 京 都","y1948",6.84
13,"東 京 都","y1949",7.21
13,"東 京 都","y1950",7.55
13,"東 京 都","y1951",7.94
13,"東 京 都","y1952",8.28
13,"東 京 都","y1953",8.59
13,"東 京 都","y1954",8.81
13,"東 京 都","y1955",9
13,"東 京 都","y1956",9.26
13,"東 京 都","y1957",9.55
13,"東 京 都","y1958",9.82
13,"東 京 都","y1959",10.09
13,"東 京 都","y1960",10.37
13,"東 京 都","y1961",10.57
13,"東 京 都","y1962",10.74
13,"東 京 都","y1963",10.89
13,"東 京 都","y1964",10.98
13,"東 京 都","y1965",11.06
13,"東 京 都","y1966",11.12
13,"東 京 都","y1967",11.14
13,"東 京 都","y1968",11.14
13,"東 京 都","y1969",11.09
13,"東 京 都","y1970",11
13,"東 京 都","y1971",10.96
13,"東 京 都","y1972",10.79
13,"東 京 都","y1973",10.67
13,"東 京 都","y1974",10.53
13,"東 京 都","y1975",10.43
13,"東 京 都","y1976",10.32
13,"東 京 都","y1977",10.22
13,"東 京 都","y1978",10.12
13,"東 京 都","y1979",10.02
13,"東 京 都","y1980",9.93
13,"東 京 都","y1981",9.86
13,"東 京 都","y1982",9.81
13,"東 京 都","y1983",9.79
13,"東 京 都","y1984",9.77
13,"東 京 都","y1985",9.77
13,"東 京 都","y1986",9.77
13,"東 京 都","y1987",9.72
13,"東 京 都","y1988",9.67
13,"東 京 都","y1989",9.63
13,"東 京 都","y1990",9.59
13,"東 京 都","y1991",9.58
13,"東 京 都","y1992",9.54
13,"東 京 都","y1993",9.48
13,"東 京 都","y1994",9.42
13,"東 京 都","y1995",9.38
13,"東 京 都","y1996",9.38
13,"東 京 都","y1997",9.42
13,"東 京 都","y1998",9.44
13,"東 京 都","y1999",9.46
13,"東 京 都","y2000",9.5
14,"神奈川県","y1920",2.36
14,"神奈川県","y1921",2.4
14,"神奈川県","y1922",2.41
14,"神奈川県","y1923",2.33
14,"神奈川県","y1924",2.33
14,"神奈川県","y1925",2.37
14,"神奈川県","y1926",2.39
14,"神奈川県","y1927",2.43
14,"神奈川県","y1928",2.46
14,"神奈川県","y1929",2.49
14,"神奈川県","y1930",2.51
14,"神奈川県","y1931",2.52
14,"神奈川県","y1932",2.54
14,"神奈川県","y1933",2.56
14,"神奈川県","y1934",2.6
14,"神奈川県","y1935",2.66
14,"神奈川県","y1936",2.74
14,"神奈川県","y1937",2.79
14,"神奈川県","y1938",2.83
14,"神奈川県","y1939",2.91
14,"神奈川県","y1940",3
14,"神奈川県","y1941",3.06
14,"神奈川県","y1942",3.16
14,"神奈川県","y1943",3.34
14,"神奈川県","y1944",3.39
14,"神奈川県","y1945",2.59
14,"神奈川県","y1946",2.76
14,"神奈川県","y1947",2.84
14,"神奈川県","y1948",2.88
14,"神奈川県","y1949",2.93
14,"神奈川県","y1950",2.99
14,"神奈川県","y1951",3.06
14,"神奈川県","y1952",3.12
14,"神奈川県","y1953",3.18
14,"神奈川県","y1954",3.23
14,"神奈川県","y1955",3.27
14,"神奈川県","y1956",3.32
14,"神奈川県","y1957",3.4
14,"神奈川県","y1958",3.48
14,"神奈川県","y1959",3.57
14,"神奈川県","y1960",3.69
14,"神奈川県","y1961",3.82
14,"神奈川県","y1962",3.99
14,"神奈川県","y1963",4.15
14,"神奈川県","y1964",4.32
14,"神奈川県","y1965",4.51
14,"神奈川県","y1966",4.64
14,"神奈川県","y1967",4.79
14,"神奈川県","y1968",4.96
14,"神奈川県","y1969",5.11
14,"神奈川県","y1970",5.28
14,"神奈川県","y1971",5.43
14,"神奈川県","y1972",5.51
14,"神奈川県","y1973",5.6
14,"神奈川県","y1974",5.67
14,"神奈川県","y1975",5.72
14,"神奈川県","y1976",5.76
14,"神奈川県","y1977",5.79
14,"神奈川県","y1978",5.84
14,"神奈川県","y1979",5.88
14,"神奈川県","y1980",5.92
14,"神奈川県","y1981",5.96
14,"神奈川県","y1982",6
14,"神奈川県","y1983",6.05
14,"神奈川県","y1984",6.09
14,"神奈川県","y1985",6.14
14,"神奈川県","y1986",6.21
14,"神奈川県","y1987",6.29
14,"神奈川県","y1988",6.35
14,"神奈川県","y1989",6.4
14,"神奈川県","y1990",6.46
14,"神奈川県","y1991",6.49
14,"神奈川県","y1992",6.52
14,"神奈川県","y1993",6.54
14,"神奈川県","y1994",6.55
14,"神奈川県","y1995",6.57
14,"神奈川県","y1996",6.58
14,"神奈川県","y1997",6.59
14,"神奈川県","y1998",6.63
14,"神奈川県","y1999",6.66
14,"神奈川県","y2000",6.69
15,"新 潟 県","y1920",3.17
15,"新 潟 県","y1921",3.16
15,"新 潟 県","y1922",3.14
15,"新 潟 県","y1923",3.14
15,"新 潟 県","y1924",3.12
15,"新 潟 県","y1925",3.1
15,"新 潟 県","y1926",3.07
15,"新 潟 県","y1927",3.05
15,"新 潟 県","y1928",3.03
15,"新 潟 県","y1929",3.01
15,"新 潟 県","y1930",3
15,"新 潟 県","y1931",2.99
15,"新 潟 県","y1932",2.97
15,"新 潟 県","y1933",2.95
15,"新 潟 県","y1934",2.92
15,"新 潟 県","y1935",2.88
15,"新 潟 県","y1936",2.92
15,"新 潟 県","y1937",2.93
15,"新 潟 県","y1938",2.93
15,"新 潟 県","y1939",2.87
15,"新 潟 県","y1940",2.81
15,"新 潟 県","y1941",2.79
15,"新 潟 県","y1942",2.78
15,"新 潟 県","y1943",2.75
15,"新 潟 県","y1944",2.73
15,"新 潟 県","y1945",3.32
15,"新 潟 県","y1946",3.18
15,"新 潟 県","y1947",3.1
15,"新 潟 県","y1948",3.03
15,"新 潟 県","y1949",2.99
15,"新 潟 県","y1950",2.96
15,"新 潟 県","y1951",2.91
15,"新 潟 県","y1952",2.86
15,"新 潟 県","y1953",2.83
15,"新 潟 県","y1954",2.79
15,"新 潟 県","y1955",2.77
15,"新 潟 県","y1956",2.74
15,"新 潟 県","y1957",2.71
15,"新 潟 県","y1958",2.68
15,"新 潟 県","y1959",2.65
15,"新 潟 県","y1960",2.61
15,"新 潟 県","y1961",2.58
15,"新 潟 県","y1962",2.54
15,"新 潟 県","y1963",2.51
15,"新 潟 県","y1964",2.47
15,"新 潟 県","y1965",2.44
15,"新 潟 県","y1966",2.41
15,"新 潟 県","y1967",2.38
15,"新 潟 県","y1968",2.34
15,"新 潟 県","y1969",2.31
15,"新 潟 県","y1970",2.28
15,"新 潟 県","y1971",2.24
15,"新 潟 県","y1972",2.19
15,"新 潟 県","y1973",2.17
15,"新 潟 県","y1974",2.15
15,"新 潟 県","y1975",2.14
15,"新 潟 県","y1976",2.13
15,"新 潟 県","y1977",2.12
15,"新 潟 県","y1978",2.11
15,"新 潟 県","y1979",2.1
15,"新 潟 県","y1980",2.09
15,"新 潟 県","y1981",2.09
15,"新 潟 県","y1982",2.08
15,"新 潟 県","y1983",2.07
15,"新 潟 県","y1984",2.06
15,"新 潟 県","y1985",2.05
15,"新 潟 県","y1986",2.04
15,"新 潟 県","y1987",2.03
15,"新 潟 県","y1988",2.02
15,"新 潟 県","y1989",2.01
15,"新 潟 県","y1990",2
15,"新 潟 県","y1991",1.99
15,"新 潟 県","y1992",1.99
15,"新 潟 県","y1993",1.98
15,"新 潟 県","y1994",1.98
15,"新 潟 県","y1995",1.98
15,"新 潟 県","y1996",1.98
15,"新 潟 県","y1997",1.97
15,"新 潟 県","y1998",1.97
15,"新 潟 県","y1999",1.96
15,"新 潟 県","y2000",1.95
16,"富 山 県","y1920",1.29
16,"富 山 県","y1921",1.28
16,"富 山 県","y1922",1.26
16,"富 山 県","y1923",1.26
16,"富 山 県","y1924",1.26
16,"富 山 県","y1925",1.25
16,"富 山 県","y1926",1.25
16,"富 山 県","y1927",1.24
16,"富 山 県","y1928",1.23
16,"富 山 県","y1929",1.22
16,"富 山 県","y1930",1.21
16,"富 山 県","y1931",1.2
16,"富 山 県","y1932",1.18
16,"富 山 県","y1933",1.17
16,"富 山 県","y1934",1.16
16,"富 山 県","y1935",1.15
16,"富 山 県","y1936",1.15
16,"富 山 県","y1937",1.15
16,"富 山 県","y1938",1.15
16,"富 山 県","y1939",1.14
16,"富 山 県","y1940",1.13
16,"富 山 県","y1941",1.12
16,"富 山 県","y1942",1.12
16,"富 山 県","y1943",1.12
16,"富 山 県","y1944",1.12
16,"富 山 県","y1945",1.32
16,"富 山 県","y1946",1.28
16,"富 山 県","y1947",1.25
16,"富 山 県","y1948",1.24
16,"富 山 県","y1949",1.22
16,"富 山 県","y1950",1.21
16,"富 山 県","y1951",1.2
16,"富 山 県","y1952",1.18
16,"富 山 県","y1953",1.17
16,"富 山 県","y1954",1.15
16,"富 山 県","y1955",1.14
16,"富 山 県","y1956",1.14
16,"富 山 県","y1957",1.13
16,"富 山 県","y1958",1.12
16,"富 山 県","y1959",1.11
16,"富 山 県","y1960",1.11
16,"富 山 県","y1961",1.09
16,"富 山 県","y1962",1.08
16,"富 山 県","y1963",1.07
16,"富 山 県","y1964",1.06
16,"富 山 県","y1965",1.04
16,"富 山 県","y1966",1.03
16,"富 山 県","y1967",1.02
16,"富 山 県","y1968",1.01
16,"富 山 県","y1969",1
16,"富 山 県","y1970",0.99
16,"富 山 県","y1971",0.99
16,"富 山 県","y1972",0.97
16,"富 山 県","y1973",0.97
16,"富 山 県","y1974",0.96
16,"富 山 県","y1975",0.96
16,"富 山 県","y1976",0.95
16,"富 山 県","y1977",0.95
16,"富 山 県","y1978",0.95
16,"富 山 県","y1979",0.95
16,"富 山 県","y1980",0.94
16,"富 山 県","y1981",0.94
16,"富 山 県","y1982",0.93
16,"富 山 県","y1983",0.93
16,"富 山 県","y1984",0.93
16,"富 山 県","y1985",0.92
16,"富 山 県","y1986",0.92
16,"富 山 県","y1987",0.92
16,"富 山 県","y1988",0.91
16,"富 山 県","y1989",0.91
16,"富 山 県","y1990",0.91
16,"富 山 県","y1991",0.9
16,"富 山 県","y1992",0.9
16,"富 山 県","y1993",0.9
16,"富 山 県","y1994",0.9
16,"富 山 県","y1995",0.89
16,"富 山 県","y1996",0.89
16,"富 山 県","y1997",0.89
16,"富 山 県","y1998",0.89
16,"富 山 県","y1999",0.89
16,"富 山 県","y2000",0.88
17,"石 川 県","y1920",1.34
17,"石 川 県","y1921",1.32
17,"石 川 県","y1922",1.3
17,"石 川 県","y1923",1.29
17,"石 川 県","y1924",1.27
17,"石 川 県","y1925",1.26
17,"石 川 県","y1926",1.24
17,"石 川 県","y1927",1.22
17,"石 川 県","y1928",1.2
17,"石 川 県","y1929",1.19
17,"石 川 県","y1930",1.17
17,"石 川 県","y1931",1.15
17,"石 川 県","y1932",1.13
17,"石 川 県","y1933",1.13
17,"石 川 県","y1934",1.12
17,"石 川 県","y1935",1.11
17,"石 川 県","y1936",1.11
17,"石 川 県","y1937",1.1
17,"石 川 県","y1938",1.08
17,"石 川 県","y1939",1.05
17,"石 川 県","y1940",1.04
17,"石 川 県","y1941",1.03
17,"石 川 県","y1942",1.02
17,"石 川 県","y1943",1.02
17,"石 川 県","y1944",1.02
17,"石 川 県","y1945",1.23
17,"石 川 県","y1946",1.2
17,"石 川 県","y1947",1.19
17,"石 川 県","y1948",1.18
17,"石 川 県","y1949",1.16
17,"石 川 県","y1950",1.15
17,"石 川 県","y1951",1.14
17,"石 川 県","y1952",1.12
17,"石 川 県","y1953",1.1
17,"石 川 県","y1954",1.09
17,"石 川 県","y1955",1.08
17,"石 川 県","y1956",1.07
17,"石 川 県","y1957",1.07
17,"石 川 県","y1958",1.06
17,"石 川 県","y1959",1.05
17,"石 川 県","y1960",1.04
17,"石 川 県","y1961",1.03
17,"石 川 県","y1962",1.02
17,"石 川 県","y1963",1.01
17,"石 川 県","y1964",1.01
17,"石 川 県","y1965",1
17,"石 川 県","y1966",0.99
17,"石 川 県","y1967",0.98
17,"石 川 県","y1968",0.98
17,"石 川 県","y1969",0.97
17,"石 川 県","y1970",0.97
17,"石 川 県","y1971",0.96
17,"石 川 県","y1972",0.95
17,"石 川 県","y1973",0.95
17,"石 川 県","y1974",0.95
17,"石 川 県","y1975",0.96
17,"石 川 県","y1976",0.96
17,"石 川 県","y1977",0.96
17,"石 川 県","y1978",0.95
17,"石 川 県","y1979",0.96
17,"石 川 県","y1980",0.96
17,"石 川 県","y1981",0.96
17,"石 川 県","y1982",0.96
17,"石 川 県","y1983",0.95
17,"石 川 県","y1984",0.95
17,"石 川 県","y1985",0.95
17,"石 川 県","y1986",0.95
17,"石 川 県","y1987",0.95
17,"石 川 県","y1988",0.95
17,"石 川 県","y1989",0.94
17,"石 川 県","y1990",0.94
17,"石 川 県","y1991",0.94
17,"石 川 県","y1992",0.94
17,"石 川 県","y1993",0.94
17,"石 川 県","y1994",0.94
17,"石 川 県","y1995",0.94
17,"石 川 県","y1996",0.94
17,"石 川 県","y1997",0.94
17,"石 川 県","y1998",0.93
17,"石 川 県","y1999",0.93
17,"石 川 県","y2000",0.93
18,"福 井 県","y1920",1.07
18,"福 井 県","y1921",1.06
18,"福 井 県","y1922",1.04
18,"福 井 県","y1923",1.03
18,"福 井 県","y1924",1.03
18,"福 井 県","y1925",1
18,"福 井 県","y1926",0.98
18,"福 井 県","y1927",0.97
18,"福 井 県","y1928",0.96
18,"福 井 県","y1929",0.96
18,"福 井 県","y1930",0.96
18,"福 井 県","y1931",0.95
18,"福 井 県","y1932",0.95
18,"福 井 県","y1933",0.94
18,"福 井 県","y1934",0.94
18,"福 井 県","y1935",0.93
18,"福 井 県","y1936",0.91
18,"福 井 県","y1937",0.91
18,"福 井 県","y1938",0.9
18,"福 井 県","y1939",0.89
18,"福 井 県","y1940",0.88
18,"福 井 県","y1941",0.87
18,"福 井 県","y1942",0.86
18,"福 井 県","y1943",0.86
18,"福 井 県","y1944",0.85
18,"福 井 県","y1945",1.01
18,"福 井 県","y1946",0.95
18,"福 井 県","y1947",0.93
18,"福 井 県","y1948",0.91
18,"福 井 県","y1949",0.91
18,"福 井 県","y1950",0.9
18,"福 井 県","y1951",0.89
18,"福 井 県","y1952",0.87
18,"福 井 県","y1953",0.86
18,"福 井 県","y1954",0.85
18,"福 井 県","y1955",0.84
18,"福 井 県","y1956",0.84
18,"福 井 県","y1957",0.83
18,"福 井 県","y1958",0.82
18,"福 井 県","y1959",0.81
18,"福 井 県","y1960",0.81
18,"福 井 県","y1961",0.8
18,"福 井 県","y1962",0.79
18,"福 井 県","y1963",0.78
18,"福 井 県","y1964",0.77
18,"福 井 県","y1965",0.76
18,"福 井 県","y1966",0.75
18,"福 井 県","y1967",0.74
18,"福 井 県","y1968",0.73
18,"福 井 県","y1969",0.72
18,"福 井 県","y1970",0.72
18,"福 井 県","y1971",0.71
18,"福 井 県","y1972",0.7
18,"福 井 県","y1973",0.7
18,"福 井 県","y1974",0.69
18,"福 井 県","y1975",0.69
18,"福 井 県","y1976",0.69
18,"福 井 県","y1977",0.69
18,"福 井 県","y1978",0.68
18,"福 井 県","y1979",0.68
18,"福 井 県","y1980",0.68
18,"福 井 県","y1981",0.68
18,"福 井 県","y1982",0.68
18,"福 井 県","y1983",0.68
18,"福 井 県","y1984",0.68
18,"福 井 県","y1985",0.68
18,"福 井 県","y1986",0.67
18,"福 井 県","y1987",0.67
18,"福 井 県","y1988",0.67
18,"福 井 県","y1989",0.67
18,"福 井 県","y1990",0.67
18,"福 井 県","y1991",0.66
18,"福 井 県","y1992",0.66
18,"福 井 県","y1993",0.66
18,"福 井 県","y1994",0.66
18,"福 井 県","y1995",0.66
18,"福 井 県","y1996",0.66
18,"福 井 県","y1997",0.66
18,"福 井 県","y1998",0.65
18,"福 井 県","y1999",0.65
18,"福 井 県","y2000",0.65
19,"山 梨 県","y1920",1.04
19,"山 梨 県","y1921",1.03
19,"山 梨 県","y1922",1.03
19,"山 梨 県","y1923",1.02
19,"山 梨 県","y1924",1.01
19,"山 梨 県","y1925",1.01
19,"山 梨 県","y1926",0.99
19,"山 梨 県","y1927",0.99
19,"山 梨 県","y1928",0.98
19,"山 梨 県","y1929",0.97
19,"山 梨 県","y1930",0.98
19,"山 梨 県","y1931",0.97
19,"山 梨 県","y1932",0.96
19,"山 梨 県","y1933",0.95
19,"山 梨 県","y1934",0.94
19,"山 梨 県","y1935",0.93
19,"山 梨 県","y1936",0.92
19,"山 梨 県","y1937",0.92
19,"山 梨 県","y1938",0.91
19,"山 梨 県","y1939",0.91
19,"山 梨 県","y1940",0.91
19,"山 梨 県","y1941",0.87
19,"山 梨 県","y1942",0.86
19,"山 梨 県","y1943",0.86
19,"山 梨 県","y1944",0.87
19,"山 梨 県","y1945",1.17
19,"山 梨 県","y1946",1.09
19,"山 梨 県","y1947",1.03
19,"山 梨 県","y1948",1.01
19,"山 梨 県","y1949",0.99
19,"山 梨 県","y1950",0.98
19,"山 梨 県","y1951",0.96
19,"山 梨 県","y1952",0.94
19,"山 梨 県","y1953",0.93
19,"山 梨 県","y1954",0.91
19,"山 梨 県","y1955",0.9
19,"山 梨 県","y1956",0.89
19,"山 梨 県","y1957",0.88
19,"山 梨 県","y1958",0.86
19,"山 梨 県","y1959",0.85
19,"山 梨 県","y1960",0.84
19,"山 梨 県","y1961",0.82
19,"山 梨 県","y1962",0.81
19,"山 梨 県","y1963",0.8
19,"山 梨 県","y1964",0.79
19,"山 梨 県","y1965",0.78
19,"山 梨 県","y1966",0.77
19,"山 梨 県","y1967",0.76
19,"山 梨 県","y1968",0.75
19,"山 梨 県","y1969",0.74
19,"山 梨 県","y1970",0.73
19,"山 梨 県","y1971",0.73
19,"山 梨 県","y1972",0.71
19,"山 梨 県","y1973",0.71
19,"山 梨 県","y1974",0.7
19,"山 梨 県","y1975",0.7
19,"山 梨 県","y1976",0.7
19,"山 梨 県","y1977",0.69
19,"山 梨 県","y1978",0.69
19,"山 梨 県","y1979",0.69
19,"山 梨 県","y1980",0.69
19,"山 梨 県","y1981",0.69
19,"山 梨 県","y1982",0.69
19,"山 梨 県","y1983",0.69
19,"山 梨 県","y1984",0.69
19,"山 梨 県","y1985",0.69
19,"山 梨 県","y1986",0.69
19,"山 梨 県","y1987",0.69
19,"山 梨 県","y1988",0.69
19,"山 梨 県","y1989",0.69
19,"山 梨 県","y1990",0.69
19,"山 梨 県","y1991",0.69
19,"山 梨 県","y1992",0.69
19,"山 梨 県","y1993",0.7
19,"山 梨 県","y1994",0.7
19,"山 梨 県","y1995",0.7
19,"山 梨 県","y1996",0.7
19,"山 梨 県","y1997",0.7
19,"山 梨 県","y1998",0.7
19,"山 梨 県","y1999",0.7
19,"山 梨 県","y2000",0.7
20,"長 野 県","y1920",2.79
20,"長 野 県","y1921",2.79
20,"長 野 県","y1922",2.76
20,"長 野 県","y1923",2.76
20,"長 野 県","y1924",2.74
20,"長 野 県","y1925",2.73
20,"長 野 県","y1926",2.72
20,"長 野 県","y1927",2.7
20,"長 野 県","y1928",2.69
20,"長 野 県","y1929",2.68
20,"長 野 県","y1930",2.66
20,"長 野 県","y1931",2.68
20,"長 野 県","y1932",2.65
20,"長 野 県","y1933",2.6
20,"長 野 県","y1934",2.54
20,"長 野 県","y1935",2.47
20,"長 野 県","y1936",2.42
20,"長 野 県","y1937",2.4
20,"長 野 県","y1938",2.39
20,"長 野 県","y1939",2.37
20,"長 野 県","y1940",2.34
20,"長 野 県","y1941",2.3
20,"長 野 県","y1942",2.28
20,"長 野 県","y1943",2.26
20,"長 野 県","y1944",2.26
20,"長 野 県","y1945",2.95
20,"長 野 県","y1946",2.77
20,"長 野 県","y1947",2.64
20,"長 野 県","y1948",2.57
20,"長 野 県","y1949",2.52
20,"長 野 県","y1950",2.48
20,"長 野 県","y1951",2.43
20,"長 野 県","y1952",2.38
20,"長 野 県","y1953",2.33
20,"長 野 県","y1954",2.29
20,"長 野 県","y1955",2.26
20,"長 野 県","y1956",2.23
20,"長 野 県","y1957",2.2
20,"長 野 県","y1958",2.18
20,"長 野 県","y1959",2.15
20,"長 野 県","y1960",2.12
20,"長 野 県","y1961",2.09
20,"長 野 県","y1962",2.07
20,"長 野 県","y1963",2.04
20,"長 野 県","y1964",2.02
20,"長 野 県","y1965",1.99
20,"長 野 県","y1966",1.97
20,"長 野 県","y1967",1.95
20,"長 野 県","y1968",1.92
20,"長 野 県","y1969",1.9
20,"長 野 県","y1970",1.89
20,"長 野 県","y1971",1.87
20,"長 野 県","y1972",1.84
20,"長 野 県","y1973",1.82
20,"長 野 県","y1974",1.81
20,"長 野 県","y1975",1.8
20,"長 野 県","y1976",1.8
20,"長 野 県","y1977",1.79
20,"長 野 県","y1978",1.79
20,"長 野 県","y1979",1.79
20,"長 野 県","y1980",1.78
20,"長 野 県","y1981",1.78
20,"長 野 県","y1982",1.77
20,"長 野 県","y1983",1.77
20,"長 野 県","y1984",1.77
20,"長 野 県","y1985",1.77
20,"長 野 県","y1986",1.76
20,"長 野 県","y1987",1.76
20,"長 野 県","y1988",1.75
20,"長 野 県","y1989",1.75
20,"長 野 県","y1990",1.74
20,"長 野 県","y1991",1.74
20,"長 野 県","y1992",1.74
20,"長 野 県","y1993",1.74
20,"長 野 県","y1994",1.74
20,"長 野 県","y1995",1.75
20,"長 野 県","y1996",1.75
20,"長 野 県","y1997",1.75
20,"長 野 県","y1998",1.75
20,"長 野 県","y1999",1.74
20,"長 野 県","y2000",1.75
21,"岐 阜 県","y1920",1.91
21,"岐 阜 県","y1921",1.91
21,"岐 阜 県","y1922",1.91
21,"岐 阜 県","y1923",1.92
21,"岐 阜 県","y1924",1.9
21,"岐 阜 県","y1925",1.9
21,"岐 阜 県","y1926",1.89
21,"岐 阜 県","y1927",1.87
21,"岐 阜 県","y1928",1.85
21,"岐 阜 県","y1929",1.84
21,"岐 阜 県","y1930",1.83
21,"岐 阜 県","y1931",1.82
21,"岐 阜 県","y1932",1.8
21,"岐 阜 県","y1933",1.79
21,"岐 阜 県","y1934",1.78
21,"岐 阜 県","y1935",1.77
21,"岐 阜 県","y1936",1.75
21,"岐 阜 県","y1937",1.75
21,"岐 阜 県","y1938",1.74
21,"岐 阜 県","y1939",1.73
21,"岐 阜 県","y1940",1.73
21,"岐 阜 県","y1941",1.72
21,"岐 阜 県","y1942",1.71
21,"岐 阜 県","y1943",1.72
21,"岐 阜 県","y1944",1.73
21,"岐 阜 県","y1945",2.11
21,"岐 阜 県","y1946",1.97
21,"岐 阜 県","y1947",1.91
21,"岐 阜 県","y1948",1.88
21,"岐 阜 県","y1949",1.86
21,"岐 阜 県","y1950",1.86
21,"岐 阜 県","y1951",1.84
21,"岐 阜 県","y1952",1.83
21,"岐 阜 県","y1953",1.82
21,"岐 阜 県","y1954",1.79
21,"岐 阜 県","y1955",1.77
21,"岐 阜 県","y1956",1.76
21,"岐 阜 県","y1957",1.76
21,"岐 阜 県","y1958",1.75
21,"岐 阜 県","y1959",1.75
21,"岐 阜 県","y1960",1.75
21,"岐 阜 県","y1961",1.75
21,"岐 阜 県","y1962",1.74
21,"岐 阜 県","y1963",1.74
21,"岐 阜 県","y1964",1.73
21,"岐 阜 県","y1965",1.73
21,"岐 阜 県","y1966",1.72
21,"岐 阜 県","y1967",1.71
21,"岐 阜 県","y1968",1.7
21,"岐 阜 県","y1969",1.7
21,"岐 阜 県","y1970",1.7
21,"岐 阜 県","y1971",1.69
21,"岐 阜 県","y1972",1.68
21,"岐 阜 県","y1973",1.67
21,"岐 阜 県","y1974",1.67
21,"岐 阜 県","y1975",1.67
21,"岐 阜 県","y1976",1.67
21,"岐 阜 県","y1977",1.67
21,"岐 阜 県","y1978",1.67
21,"岐 阜 県","y1979",1.67
21,"岐 阜 県","y1980",1.67
21,"岐 阜 県","y1981",1.68
21,"岐 阜 県","y1982",1.68
21,"岐 阜 県","y1983",1.68
21,"岐 阜 県","y1984",1.68
21,"岐 阜 県","y1985",1.68
21,"岐 阜 県","y1986",1.67
21,"岐 阜 県","y1987",1.67
21,"岐 阜 県","y1988",1.67
21,"岐 阜 県","y1989",1.67
21,"岐 阜 県","y1990",1.67
21,"岐 阜 県","y1991",1.67
21,"岐 阜 県","y1992",1.67
21,"岐 阜 県","y1993",1.67
21,"岐 阜 県","y1994",1.67
21,"岐 阜 県","y1995",1.67
21,"岐 阜 県","y1996",1.67
21,"岐 阜 県","y1997",1.67
21,"岐 阜 県","y1998",1.67
21,"岐 阜 県","y1999",1.66
21,"岐 阜 県","y2000",1.66
22,"静 岡 県","y1920",2.77
22,"静 岡 県","y1921",2.78
22,"静 岡 県","y1922",2.78
22,"静 岡 県","y1923",2.8
22,"静 岡 県","y1924",2.79
22,"静 岡 県","y1925",2.8
22,"静 岡 県","y1926",2.8
22,"静 岡 県","y1927",2.79
22,"静 岡 県","y1928",2.79
22,"静 岡 県","y1929",2.79
22,"静 岡 県","y1930",2.79
22,"静 岡 県","y1931",2.8
22,"静 岡 県","y1932",2.8
22,"静 岡 県","y1933",2.79
22,"静 岡 県","y1934",2.8
22,"静 岡 県","y1935",2.8
22,"静 岡 県","y1936",2.83
22,"静 岡 県","y1937",2.82
22,"静 岡 県","y1938",2.78
22,"静 岡 県","y1939",2.76
22,"静 岡 県","y1940",2.76
22,"静 岡 県","y1941",2.76
22,"静 岡 県","y1942",2.76
22,"静 岡 県","y1943",2.77
22,"静 岡 県","y1944",2.78
22,"静 岡 県","y1945",3.08
22,"静 岡 県","y1946",3.09
22,"静 岡 県","y1947",3.01
22,"静 岡 県","y1948",2.99
22,"静 岡 県","y1949",2.98
22,"静 岡 県","y1950",2.97
22,"静 岡 県","y1951",2.96
22,"静 岡 県","y1952",2.96
22,"静 岡 県","y1953",2.96
22,"静 岡 県","y1954",2.97
22,"静 岡 県","y1955",2.97
22,"静 岡 県","y1956",2.96
22,"静 岡 県","y1957",2.96
22,"静 岡 県","y1958",2.95
22,"静 岡 県","y1959",2.95
22,"静 岡 県","y1960",2.95
22,"静 岡 県","y1961",2.95
22,"静 岡 県","y1962",2.95
22,"静 岡 県","y1963",2.96
22,"静 岡 県","y1964",2.96
22,"静 岡 県","y1965",2.96
22,"静 岡 県","y1966",2.96
22,"静 岡 県","y1967",2.97
22,"静 岡 県","y1968",2.97
22,"静 岡 県","y1969",2.97
22,"静 岡 県","y1970",2.98
22,"静 岡 県","y1971",2.98
22,"静 岡 県","y1972",2.96
22,"静 岡 県","y1973",2.96
22,"静 岡 県","y1974",2.96
22,"静 岡 県","y1975",2.96
22,"静 岡 県","y1976",2.95
22,"静 岡 県","y1977",2.95
22,"静 岡 県","y1978",2.95
22,"静 岡 県","y1979",2.95
22,"静 岡 県","y1980",2.94
22,"静 岡 県","y1981",2.94
22,"静 岡 県","y1982",2.95
22,"静 岡 県","y1983",2.95
22,"静 岡 県","y1984",2.95
22,"静 岡 県","y1985",2.95
22,"静 岡 県","y1986",2.96
22,"静 岡 県","y1987",2.96
22,"静 岡 県","y1988",2.96
22,"静 岡 県","y1989",2.97
22,"静 岡 県","y1990",2.97
22,"静 岡 県","y1991",2.97
22,"静 岡 県","y1992",2.97
22,"静 岡 県","y1993",2.97
22,"静 岡 県","y1994",2.98
22,"静 岡 県","y1995",2.98
22,"静 岡 県","y1996",2.98
22,"静 岡 県","y1997",2.97
22,"静 岡 県","y1998",2.97
22,"静 岡 県","y1999",2.97
22,"静 岡 県","y2000",2.97
23,"愛 知 県","y1920",3.73
23,"愛 知 県","y1921",3.75
23,"愛 知 県","y1922",3.78
23,"愛 知 県","y1923",3.85
23,"愛 知 県","y1924",3.86
23,"愛 知 県","y1925",3.88
23,"愛 知 県","y1926",3.9
23,"愛 知 県","y1927",3.92
23,"愛 知 県","y1928",3.93
23,"愛 知 県","y1929",3.95
23,"愛 知 県","y1930",3.98
23,"愛 知 県","y1931",4.03
23,"愛 知 県","y1932",4.06
23,"愛 知 県","y1933",4.08
23,"愛 知 県","y1934",4.1
23,"愛 知 県","y1935",4.13
23,"愛 知 県","y1936",4.19
23,"愛 知 県","y1937",4.22
23,"愛 知 県","y1938",4.24
23,"愛 知 県","y1939",4.28
23,"愛 知 県","y1940",4.34
23,"愛 知 県","y1941",4.36
23,"愛 知 県","y1942",4.42
23,"愛 知 県","y1943",4.49
23,"愛 知 県","y1944",4.49
23,"愛 知 県","y1945",3.97
23,"愛 知 県","y1946",3.99
23,"愛 知 県","y1947",4
23,"愛 知 県","y1948",4.05
23,"愛 知 県","y1949",4.06
23,"愛 知 県","y1950",4.08
23,"愛 知 県","y1951",4.13
23,"愛 知 県","y1952",4.16
23,"愛 知 県","y1953",4.19
23,"愛 知 県","y1954",4.2
23,"愛 知 県","y1955",4.22
23,"愛 知 県","y1956",4.27
23,"愛 知 県","y1957",4.34
23,"愛 知 県","y1958",4.37
23,"愛 知 県","y1959",4.43
23,"愛 知 県","y1960",4.5
23,"愛 知 県","y1961",4.58
23,"愛 知 県","y1962",4.66
23,"愛 知 県","y1963",4.73
23,"愛 知 県","y1964",4.82
23,"愛 知 県","y1965",4.88
23,"愛 知 県","y1966",4.93
23,"愛 知 県","y1967",4.99
23,"愛 知 県","y1968",5.06
23,"愛 知 県","y1969",5.13
23,"愛 知 県","y1970",5.19
23,"愛 知 県","y1971",5.26
23,"愛 知 県","y1972",5.25
23,"愛 知 県","y1973",5.28
23,"愛 知 県","y1974",5.29
23,"愛 知 県","y1975",5.29
23,"愛 知 県","y1976",5.29
23,"愛 知 県","y1977",5.3
23,"愛 知 県","y1978",5.31
23,"愛 知 県","y1979",5.31
23,"愛 知 県","y1980",5.31
23,"愛 知 県","y1981",5.31
23,"愛 知 県","y1982",5.31
23,"愛 知 県","y1983",5.32
23,"愛 知 県","y1984",5.32
23,"愛 知 県","y1985",5.33
23,"愛 知 県","y1986",5.35
23,"愛 知 県","y1987",5.37
23,"愛 知 県","y1988",5.38
23,"愛 知 県","y1989",5.4
23,"愛 知 県","y1990",5.41
23,"愛 知 県","y1991",5.42
23,"愛 知 県","y1992",5.44
23,"愛 知 県","y1993",5.45
23,"愛 知 県","y1994",5.46
23,"愛 知 県","y1995",5.47
23,"愛 知 県","y1996",5.48
23,"愛 知 県","y1997",5.49
23,"愛 知 県","y1998",5.51
23,"愛 知 県","y1999",5.53
23,"愛 知 県","y2000",5.55
24,"三 重 県","y1920",1.91
24,"三 重 県","y1921",1.88
24,"三 重 県","y1922",1.86
24,"三 重 県","y1923",1.87
24,"三 重 県","y1924",1.86
24,"三 重 県","y1925",1.85
24,"三 重 県","y1926",1.84
24,"三 重 県","y1927",1.82
24,"三 重 県","y1928",1.8
24,"三 重 県","y1929",1.79
24,"三 重 県","y1930",1.8
24,"三 重 県","y1931",1.77
24,"三 重 県","y1932",1.75
24,"三 重 県","y1933",1.73
24,"三 重 県","y1934",1.71
24,"三 重 県","y1935",1.7
24,"三 重 県","y1936",1.67
24,"三 重 県","y1937",1.66
24,"三 重 県","y1938",1.66
24,"三 重 県","y1939",1.65
24,"三 重 県","y1940",1.64
24,"三 重 県","y1941",1.64
24,"三 重 県","y1942",1.63
24,"三 重 県","y1943",1.64
24,"三 重 県","y1944",1.66
24,"三 重 県","y1945",1.94
24,"三 重 県","y1946",1.88
24,"三 重 県","y1947",1.81
24,"三 重 県","y1948",1.8
24,"三 重 県","y1949",1.78
24,"三 重 県","y1950",1.76
24,"三 重 県","y1951",1.73
24,"三 重 県","y1952",1.71
24,"三 重 県","y1953",1.7
24,"三 重 県","y1954",1.68
24,"三 重 県","y1955",1.66
24,"三 重 県","y1956",1.65
24,"三 重 県","y1957",1.63
24,"三 重 県","y1958",1.62
24,"三 重 県","y1959",1.6
24,"三 重 県","y1960",1.59
24,"三 重 県","y1961",1.58
24,"三 重 県","y1962",1.57
24,"三 重 県","y1963",1.57
24,"三 重 県","y1964",1.56
24,"三 重 県","y1965",1.54
24,"三 重 県","y1966",1.53
24,"三 重 県","y1967",1.51
24,"三 重 県","y1968",1.5
24,"三 重 県","y1969",1.49
24,"三 重 県","y1970",1.49
24,"三 重 県","y1971",1.48
24,"三 重 県","y1972",1.46
24,"三 重 県","y1973",1.46
24,"三 重 県","y1974",1.46
24,"三 重 県","y1975",1.45
24,"三 重 県","y1976",1.45
24,"三 重 県","y1977",1.44
24,"三 重 県","y1978",1.44
24,"三 重 県","y1979",1.44
24,"三 重 県","y1980",1.44
24,"三 重 県","y1981",1.44
24,"三 重 県","y1982",1.45
24,"三 重 県","y1983",1.45
24,"三 重 県","y1984",1.44
24,"三 重 県","y1985",1.44
24,"三 重 県","y1986",1.44
24,"三 重 県","y1987",1.44
24,"三 重 県","y1988",1.44
24,"三 重 県","y1989",1.45
24,"三 重 県","y1990",1.45
24,"三 重 県","y1991",1.45
24,"三 重 県","y1992",1.46
24,"三 重 県","y1993",1.46
24,"三 重 県","y1994",1.46
24,"三 重 県","y1995",1.47
24,"三 重 県","y1996",1.47
24,"三 重 県","y1997",1.47
24,"三 重 県","y1998",1.47
24,"三 重 県","y1999",1.46
24,"三 重 県","y2000",1.46
25,"滋 賀 県","y1920",1.16
25,"滋 賀 県","y1921",1.15
25,"滋 賀 県","y1922",1.14
25,"滋 賀 県","y1923",1.13
25,"滋 賀 県","y1924",1.12
25,"滋 賀 県","y1925",1.11
25,"滋 賀 県","y1926",1.1
25,"滋 賀 県","y1927",1.09
25,"滋 賀 県","y1928",1.08
25,"滋 賀 県","y1929",1.08
25,"滋 賀 県","y1930",1.07
25,"滋 賀 県","y1931",1.07
25,"滋 賀 県","y1932",1.06
25,"滋 賀 県","y1933",1.05
25,"滋 賀 県","y1934",1.04
25,"滋 賀 県","y1935",1.03
25,"滋 賀 県","y1936",1
25,"滋 賀 県","y1937",0.99
25,"滋 賀 県","y1938",0.99
25,"滋 賀 県","y1939",0.98
25,"滋 賀 県","y1940",0.96
25,"滋 賀 県","y1941",0.96
25,"滋 賀 県","y1942",0.95
25,"滋 賀 県","y1943",0.95
25,"滋 賀 県","y1944",0.95
25,"滋 賀 県","y1945",1.2
25,"滋 賀 県","y1946",1.14
25,"滋 賀 県","y1947",1.1
25,"滋 賀 県","y1948",1.07
25,"滋 賀 県","y1949",1.05
25,"滋 賀 県","y1950",1.04
25,"滋 賀 県","y1951",1.01
25,"滋 賀 県","y1952",1
25,"滋 賀 県","y1953",0.98
25,"滋 賀 県","y1954",0.97
25,"滋 賀 県","y1955",0.96
25,"滋 賀 県","y1956",0.94
25,"滋 賀 県","y1957",0.93
25,"滋 賀 県","y1958",0.92
25,"滋 賀 県","y1959",0.91
25,"滋 賀 県","y1960",0.9
25,"滋 賀 県","y1961",0.9
25,"滋 賀 県","y1962",0.89
25,"滋 賀 県","y1963",0.88
25,"滋 賀 県","y1964",0.87
25,"滋 賀 県","y1965",0.87
25,"滋 賀 県","y1966",0.86
25,"滋 賀 県","y1967",0.86
25,"滋 賀 県","y1968",0.85
25,"滋 賀 県","y1969",0.85
25,"滋 賀 県","y1970",0.86
25,"滋 賀 県","y1971",0.86
25,"滋 賀 県","y1972",0.86
25,"滋 賀 県","y1973",0.86
25,"滋 賀 県","y1974",0.87
25,"滋 賀 県","y1975",0.88
25,"滋 賀 県","y1976",0.89
25,"滋 賀 県","y1977",0.9
25,"滋 賀 県","y1978",0.91
25,"滋 賀 県","y1979",0.91
25,"滋 賀 県","y1980",0.92
25,"滋 賀 県","y1981",0.93
25,"滋 賀 県","y1982",0.94
25,"滋 賀 県","y1983",0.94
25,"滋 賀 県","y1984",0.95
25,"滋 賀 県","y1985",0.95
25,"滋 賀 県","y1986",0.96
25,"滋 賀 県","y1987",0.96
25,"滋 賀 県","y1988",0.97
25,"滋 賀 県","y1989",0.98
25,"滋 賀 県","y1990",0.99
25,"滋 賀 県","y1991",1
25,"滋 賀 県","y1992",1
25,"滋 賀 県","y1993",1.01
25,"滋 賀 県","y1994",1.02
25,"滋 賀 県","y1995",1.02
25,"滋 賀 県","y1996",1.03
25,"滋 賀 県","y1997",1.04
25,"滋 賀 県","y1998",1.05
25,"滋 賀 県","y1999",1.05
25,"滋 賀 県","y2000",1.06
26,"京 都 府","y1920",2.3
26,"京 都 府","y1921",2.31
26,"京 都 府","y1922",2.32
26,"京 都 府","y1923",2.34
26,"京 都 府","y1924",2.36
26,"京 都 府","y1925",2.35
26,"京 都 府","y1926",2.36
26,"京 都 府","y1927",2.37
26,"京 都 府","y1928",2.38
26,"京 都 府","y1929",2.39
26,"京 都 府","y1930",2.41
26,"京 都 府","y1931",2.44
26,"京 都 府","y1932",2.45
26,"京 都 府","y1933",2.45
26,"京 都 府","y1934",2.45
26,"京 都 府","y1935",2.46
26,"京 都 府","y1936",2.42
26,"京 都 府","y1937",2.41
26,"京 都 府","y1938",2.4
26,"京 都 府","y1939",2.39
26,"京 都 府","y1940",2.37
26,"京 都 府","y1941",2.37
26,"京 都 府","y1942",2.33
26,"京 都 府","y1943",2.27
26,"京 都 府","y1944",2.24
26,"京 都 府","y1945",2.23
26,"京 都 府","y1946",2.22
26,"京 都 府","y1947",2.23
26,"京 都 府","y1948",2.22
26,"京 都 府","y1949",2.22
26,"京 都 府","y1950",2.2
26,"京 都 府","y1951",2.2
26,"京 都 府","y1952",2.19
26,"京 都 府","y1953",2.18
26,"京 都 府","y1954",2.17
26,"京 都 府","y1955",2.17
26,"京 都 府","y1956",2.16
26,"京 都 府","y1957",2.16
26,"京 都 府","y1958",2.15
26,"京 都 府","y1959",2.15
26,"京 都 府","y1960",2.13
26,"京 都 府","y1961",2.13
26,"京 都 府","y1962",2.13
26,"京 都 府","y1963",2.13
26,"京 都 府","y1964",2.14
26,"京 都 府","y1965",2.14
26,"京 都 府","y1966",2.14
26,"京 都 府","y1967",2.15
26,"京 都 府","y1968",2.16
26,"京 都 府","y1969",2.16
26,"京 都 府","y1970",2.17
26,"京 都 府","y1971",2.17
26,"京 都 府","y1972",2.16
26,"京 都 府","y1973",2.17
26,"京 都 府","y1974",2.17
26,"京 都 府","y1975",2.17
26,"京 都 府","y1976",2.17
26,"京 都 府","y1977",2.17
26,"京 都 府","y1978",2.17
26,"京 都 府","y1979",2.16
26,"京 都 府","y1980",2.16
26,"京 都 府","y1981",2.15
26,"京 都 府","y1982",2.15
26,"京 都 府","y1983",2.15
26,"京 都 府","y1984",2.14
26,"京 都 府","y1985",2.14
26,"京 都 府","y1986",2.13
26,"京 都 府","y1987",2.13
26,"京 都 府","y1988",2.12
26,"京 都 府","y1989",2.11
26,"京 都 府","y1990",2.11
26,"京 都 府","y1991",2.1
26,"京 都 府","y1992",2.1
26,"京 都 府","y1993",2.1
26,"京 都 府","y1994",2.09
26,"京 都 府","y1995",2.09
26,"京 都 府","y1996",2.09
26,"京 都 府","y1997",2.09
26,"京 都 府","y1998",2.09
26,"京 都 府","y1999",2.09
26,"京 都 府","y2000",2.08
27,"大 阪 府","y1920",4.62
27,"大 阪 府","y1921",4.74
27,"大 阪 府","y1922",4.84
27,"大 阪 府","y1923",5.04
27,"大 阪 府","y1924",5.09
27,"大 阪 府","y1925",5.12
27,"大 阪 府","y1926",5.2
27,"大 阪 府","y1927",5.29
27,"大 阪 府","y1928",5.37
27,"大 阪 府","y1929",5.45
27,"大 阪 府","y1930",5.49
27,"大 阪 府","y1931",5.58
27,"大 阪 府","y1932",5.71
27,"大 阪 府","y1933",5.84
27,"大 阪 府","y1934",6.02
27,"大 阪 府","y1935",6.2
27,"大 阪 府","y1936",6.36
27,"大 阪 府","y1937",6.4
27,"大 阪 府","y1938",6.45
27,"大 阪 府","y1939",6.56
27,"大 阪 府","y1940",6.59
27,"大 阪 府","y1941",6.5
27,"大 阪 府","y1942",6.44
27,"大 阪 府","y1943",6.18
27,"大 阪 府","y1944",6.04
27,"大 阪 府","y1945",3.89
27,"大 阪 府","y1946",4.07
27,"大 阪 府","y1947",4.27
27,"大 阪 府","y1948",4.4
27,"大 阪 府","y1949",4.54
27,"大 阪 府","y1950",4.64
27,"大 阪 府","y1951",4.82
27,"大 阪 府","y1952",4.94
27,"大 阪 府","y1953",5.05
27,"大 阪 府","y1954",5.11
27,"大 阪 府","y1955",5.17
27,"大 阪 府","y1956",5.28
27,"大 阪 府","y1957",5.43
27,"大 阪 府","y1958",5.57
27,"大 阪 府","y1959",5.71
27,"大 阪 府","y1960",5.89
27,"大 阪 府","y1961",6.08
27,"大 阪 府","y1962",6.28
27,"大 阪 府","y1963",6.45
27,"大 阪 府","y1964",6.63
27,"大 阪 府","y1965",6.77
27,"大 阪 府","y1966",6.88
27,"大 阪 府","y1967",7
27,"大 阪 府","y1968",7.12
27,"大 阪 府","y1969",7.24
27,"大 阪 府","y1970",7.35
27,"大 阪 府","y1971",7.42
27,"大 阪 府","y1972",7.4
27,"大 阪 府","y1973",7.41
27,"大 阪 府","y1974",7.41
27,"大 阪 府","y1975",7.4
27,"大 阪 府","y1976",7.37
27,"大 阪 府","y1977",7.33
27,"大 阪 府","y1978",7.3
27,"大 阪 府","y1979",7.27
27,"大 阪 府","y1980",7.24
27,"大 阪 府","y1981",7.22
27,"大 阪 府","y1982",7.2
27,"大 阪 府","y1983",7.18
27,"大 阪 府","y1984",7.18
27,"大 阪 府","y1985",7.16
27,"大 阪 府","y1986",7.16
27,"大 阪 府","y1987",7.15
27,"大 阪 府","y1988",7.13
27,"大 阪 府","y1989",7.1
27,"大 阪 府","y1990",7.07
27,"大 阪 府","y1991",7.05
27,"大 阪 府","y1992",7.03
27,"大 阪 府","y1993",7.01
27,"大 阪 府","y1994",6.99
27,"大 阪 府","y1995",7.01
27,"大 阪 府","y1996",7
27,"大 阪 府","y1997",6.98
27,"大 阪 府","y1998",6.97
27,"大 阪 府","y1999",6.96
27,"大 阪 府","y2000",6.94
28,"兵 庫 県","y1920",4.11
28,"兵 庫 県","y1921",4.11
28,"兵 庫 県","y1922",4.12
28,"兵 庫 県","y1923",4.15
28,"兵 庫 県","y1924",4.12
28,"兵 庫 県","y1925",4.11
28,"兵 庫 県","y1926",4.11
28,"兵 庫 県","y1927",4.1
28,"兵 庫 県","y1928",4.1
28,"兵 庫 県","y1929",4.1
28,"兵 庫 県","y1930",4.11
28,"兵 庫 県","y1931",4.12
28,"兵 庫 県","y1932",4.13
28,"兵 庫 県","y1933",4.15
28,"兵 庫 県","y1934",4.18
28,"兵 庫 県","y1935",4.22
28,"兵 庫 県","y1936",4.28
28,"兵 庫 県","y1937",4.31
28,"兵 庫 県","y1938",4.34
28,"兵 庫 県","y1939",4.37
28,"兵 庫 県","y1940",4.41
28,"兵 庫 県","y1941",4.45
28,"兵 庫 県","y1942",4.51
28,"兵 庫 県","y1943",4.49
28,"兵 庫 県","y1944",4.41
28,"兵 庫 県","y1945",3.92
28,"兵 庫 県","y1946",3.87
28,"兵 庫 県","y1947",3.91
28,"兵 庫 県","y1948",3.9
28,"兵 庫 県","y1949",3.94
28,"兵 庫 県","y1950",3.98
28,"兵 庫 県","y1951",4.03
28,"兵 庫 県","y1952",4.05
28,"兵 庫 県","y1953",4.06
28,"兵 庫 県","y1954",4.06
28,"兵 庫 県","y1955",4.06
28,"兵 庫 県","y1956",4.07
28,"兵 庫 県","y1957",4.1
28,"兵 庫 県","y1958",4.12
28,"兵 庫 県","y1959",4.15
28,"兵 庫 県","y1960",4.18
28,"兵 庫 県","y1961",4.23
28,"兵 庫 県","y1962",4.28
28,"兵 庫 県","y1963",4.32
28,"兵 庫 県","y1964",4.36
28,"兵 庫 県","y1965",4.39
28,"兵 庫 県","y1966",4.4
28,"兵 庫 県","y1967",4.42
28,"兵 庫 県","y1968",4.44
28,"兵 庫 県","y1969",4.47
28,"兵 庫 県","y1970",4.5
28,"兵 庫 県","y1971",4.51
28,"兵 庫 県","y1972",4.47
28,"兵 庫 県","y1973",4.47
28,"兵 庫 県","y1974",4.47
28,"兵 庫 県","y1975",4.46
28,"兵 庫 県","y1976",4.45
28,"兵 庫 県","y1977",4.43
28,"兵 庫 県","y1978",4.42
28,"兵 庫 県","y1979",4.41
28,"兵 庫 県","y1980",4.4
28,"兵 庫 県","y1981",4.39
28,"兵 庫 県","y1982",4.38
28,"兵 庫 県","y1983",4.37
28,"兵 庫 県","y1984",4.37
28,"兵 庫 県","y1985",4.36
28,"兵 庫 県","y1986",4.36
28,"兵 庫 県","y1987",4.35
28,"兵 庫 県","y1988",4.35
28,"兵 庫 県","y1989",4.36
28,"兵 庫 県","y1990",4.37
28,"兵 庫 県","y1991",4.37
28,"兵 庫 県","y1992",4.37
28,"兵 庫 県","y1993",4.37
28,"兵 庫 県","y1994",4.37
28,"兵 庫 県","y1995",4.3
28,"兵 庫 県","y1996",4.31
28,"兵 庫 県","y1997",4.32
28,"兵 庫 県","y1998",4.34
28,"兵 庫 県","y1999",4.36
28,"兵 庫 県","y2000",4.37
29,"奈 良 県","y1920",1.01
29,"奈 良 県","y1921",1
29,"奈 良 県","y1922",1
29,"奈 良 県","y1923",0.99
29,"奈 良 県","y1924",0.98
29,"奈 良 県","y1925",0.98
29,"奈 良 県","y1926",0.96
29,"奈 良 県","y1927",0.95
29,"奈 良 県","y1928",0.94
29,"奈 良 県","y1929",0.94
29,"奈 良 県","y1930",0.93
29,"奈 良 県","y1931",0.92
29,"奈 良 県","y1932",0.91
29,"奈 良 県","y1933",0.9
29,"奈 良 県","y1934",0.9
29,"奈 良 県","y1935",0.9
29,"奈 良 県","y1936",0.88
29,"奈 良 県","y1937",0.87
29,"奈 良 県","y1938",0.85
29,"奈 良 県","y1939",0.83
29,"奈 良 県","y1940",0.85
29,"奈 良 県","y1941",0.84
29,"奈 良 県","y1942",0.83
29,"奈 良 県","y1943",0.84
29,"奈 良 県","y1944",0.83
29,"奈 良 県","y1945",1.08
29,"奈 良 県","y1946",1.02
29,"奈 良 県","y1947",1
29,"奈 良 県","y1948",0.96
29,"奈 良 県","y1949",0.94
29,"奈 良 県","y1950",0.92
29,"奈 良 県","y1951",0.91
29,"奈 良 県","y1952",0.9
29,"奈 良 県","y1953",0.89
29,"奈 良 県","y1954",0.88
29,"奈 良 県","y1955",0.87
29,"奈 良 県","y1956",0.86
29,"奈 良 県","y1957",0.85
29,"奈 良 県","y1958",0.85
29,"奈 良 県","y1959",0.84
29,"奈 良 県","y1960",0.84
29,"奈 良 県","y1961",0.83
29,"奈 良 県","y1962",0.83
29,"奈 良 県","y1963",0.83
29,"奈 良 県","y1964",0.83
29,"奈 良 県","y1965",0.84
29,"奈 良 県","y1966",0.85
29,"奈 良 県","y1967",0.85
29,"奈 良 県","y1968",0.87
29,"奈 良 県","y1969",0.88
29,"奈 良 県","y1970",0.9
29,"奈 良 県","y1971",0.91
29,"奈 良 県","y1972",0.92
29,"奈 良 県","y1973",0.94
29,"奈 良 県","y1974",0.95
29,"奈 良 県","y1975",0.96
29,"奈 良 県","y1976",0.97
29,"奈 良 県","y1977",0.98
29,"奈 良 県","y1978",1
29,"奈 良 県","y1979",1.02
29,"奈 良 県","y1980",1.03
29,"奈 良 県","y1981",1.05
29,"奈 良 県","y1982",1.06
29,"奈 良 県","y1983",1.06
29,"奈 良 県","y1984",1.07
29,"奈 良 県","y1985",1.08
29,"奈 良 県","y1986",1.08
29,"奈 良 県","y1987",1.09
29,"奈 良 県","y1988",1.1
29,"奈 良 県","y1989",1.11
29,"奈 良 県","y1990",1.11
29,"奈 良 県","y1991",1.12
29,"奈 良 県","y1992",1.12
29,"奈 良 県","y1993",1.13
29,"奈 良 県","y1994",1.13
29,"奈 良 県","y1995",1.14
29,"奈 良 県","y1996",1.14
29,"奈 良 県","y1997",1.14
29,"奈 良 県","y1998",1.14
29,"奈 良 県","y1999",1.14
29,"奈 良 県","y2000",1.14
30,"和歌山県","y1920",1.34
30,"和歌山県","y1921",1.34
30,"和歌山県","y1922",1.33
30,"和歌山県","y1923",1.34
30,"和歌山県","y1924",1.33
30,"和歌山県","y1925",1.32
30,"和歌山県","y1926",1.31
30,"和歌山県","y1927",1.3
30,"和歌山県","y1928",1.29
30,"和歌山県","y1929",1.29
30,"和歌山県","y1930",1.29
30,"和歌山県","y1931",1.28
30,"和歌山県","y1932",1.28
30,"和歌山県","y1933",1.27
30,"和歌山県","y1934",1.26
30,"和歌山県","y1935",1.25
30,"和歌山県","y1936",1.24
30,"和歌山県","y1937",1.23
30,"和歌山県","y1938",1.2
30,"和歌山県","y1939",1.18
30,"和歌山県","y1940",1.18
30,"和歌山県","y1941",1.17
30,"和歌山県","y1942",1.15
30,"和歌山県","y1943",1.15
30,"和歌山県","y1944",1.16
30,"和歌山県","y1945",1.3
30,"和歌山県","y1946",1.28
30,"和歌山県","y1947",1.23
30,"和歌山県","y1948",1.21
30,"和歌山県","y1949",1.2
30,"和歌山県","y1950",1.18
30,"和歌山県","y1951",1.16
30,"和歌山県","y1952",1.15
30,"和歌山県","y1953",1.14
30,"和歌山県","y1954",1.13
30,"和歌山県","y1955",1.13
30,"和歌山県","y1956",1.12
30,"和歌山県","y1957",1.1
30,"和歌山県","y1958",1.09
30,"和歌山県","y1959",1.08
30,"和歌山県","y1960",1.07
30,"和歌山県","y1961",1.06
30,"和歌山県","y1962",1.06
30,"和歌山県","y1963",1.05
30,"和歌山県","y1964",1.05
30,"和歌山県","y1965",1.05
30,"和歌山県","y1966",1.04
30,"和歌山県","y1967",1.03
30,"和歌山県","y1968",1.02
30,"和歌山県","y1969",1.01
30,"和歌山県","y1970",1.01
30,"和歌山県","y1971",1
30,"和歌山県","y1972",0.98
30,"和歌山県","y1973",0.97
30,"和歌山県","y1974",0.96
30,"和歌山県","y1975",0.96
30,"和歌山県","y1976",0.95
30,"和歌山県","y1977",0.95
30,"和歌山県","y1978",0.94
30,"和歌山県","y1979",0.94
30,"和歌山県","y1980",0.93
30,"和歌山県","y1981",0.92
30,"和歌山県","y1982",0.92
30,"和歌山県","y1983",0.91
30,"和歌山県","y1984",0.9
30,"和歌山県","y1985",0.9
30,"和歌山県","y1986",0.89
30,"和歌山県","y1987",0.88
30,"和歌山県","y1988",0.88
30,"和歌山県","y1989",0.87
30,"和歌山県","y1990",0.87
30,"和歌山県","y1991",0.87
30,"和歌山県","y1992",0.86
30,"和歌山県","y1993",0.86
30,"和歌山県","y1994",0.86
30,"和歌山県","y1995",0.86
30,"和歌山県","y1996",0.86
30,"和歌山県","y1997",0.85
30,"和歌山県","y1998",0.85
30,"和歌山県","y1999",0.85
30,"和歌山県","y2000",0.84
31,"鳥 取 県","y1920",0.81
31,"鳥 取 県","y1921",0.81
31,"鳥 取 県","y1922",0.81
31,"鳥 取 県","y1923",0.8
31,"鳥 取 県","y1924",0.8
31,"鳥 取 県","y1925",0.79
31,"鳥 取 県","y1926",0.79
31,"鳥 取 県","y1927",0.78
31,"鳥 取 県","y1928",0.77
31,"鳥 取 県","y1929",0.77
31,"鳥 取 県","y1930",0.76
31,"鳥 取 県","y1931",0.76
31,"鳥 取 県","y1932",0.75
31,"鳥 取 県","y1933",0.74
31,"鳥 取 県","y1934",0.72
31,"鳥 取 県","y1935",0.71
31,"鳥 取 県","y1936",0.69
31,"鳥 取 県","y1937",0.68
31,"鳥 取 県","y1938",0.68
31,"鳥 取 県","y1939",0.67
31,"鳥 取 県","y1940",0.66
31,"鳥 取 県","y1941",0.66
31,"鳥 取 県","y1942",0.65
31,"鳥 取 県","y1943",0.65
31,"鳥 取 県","y1944",0.65
31,"鳥 取 県","y1945",0.78
31,"鳥 取 県","y1946",0.76
31,"鳥 取 県","y1947",0.75
31,"鳥 取 県","y1948",0.74
31,"鳥 取 県","y1949",0.73
31,"鳥 取 県","y1950",0.72
31,"鳥 取 県","y1951",0.71
31,"鳥 取 県","y1952",0.7
31,"鳥 取 県","y1953",0.7
31,"鳥 取 県","y1954",0.69
31,"鳥 取 県","y1955",0.69
31,"鳥 取 県","y1956",0.68
31,"鳥 取 県","y1957",0.67
31,"鳥 取 県","y1958",0.66
31,"鳥 取 県","y1959",0.65
31,"鳥 取 県","y1960",0.64
31,"鳥 取 県","y1961",0.63
31,"鳥 取 県","y1962",0.62
31,"鳥 取 県","y1963",0.61
31,"鳥 取 県","y1964",0.6
31,"鳥 取 県","y1965",0.59
31,"鳥 取 県","y1966",0.58
31,"鳥 取 県","y1967",0.57
31,"鳥 取 県","y1968",0.56
31,"鳥 取 県","y1969",0.56
31,"鳥 取 県","y1970",0.55
31,"鳥 取 県","y1971",0.54
31,"鳥 取 県","y1972",0.53
31,"鳥 取 県","y1973",0.53
31,"鳥 取 県","y1974",0.52
31,"鳥 取 県","y1975",0.52
31,"鳥 取 県","y1976",0.52
31,"鳥 取 県","y1977",0.52
31,"鳥 取 県","y1978",0.52
31,"鳥 取 県","y1979",0.52
31,"鳥 取 県","y1980",0.52
31,"鳥 取 県","y1981",0.52
31,"鳥 取 県","y1982",0.51
31,"鳥 取 県","y1983",0.51
31,"鳥 取 県","y1984",0.51
31,"鳥 取 県","y1985",0.51
31,"鳥 取 県","y1986",0.51
31,"鳥 取 県","y1987",0.5
31,"鳥 取 県","y1988",0.5
31,"鳥 取 県","y1989",0.5
31,"鳥 取 県","y1990",0.5
31,"鳥 取 県","y1991",0.5
31,"鳥 取 県","y1992",0.49
31,"鳥 取 県","y1993",0.49
31,"鳥 取 県","y1994",0.49
31,"鳥 取 県","y1995",0.49
31,"鳥 取 県","y1996",0.49
31,"鳥 取 県","y1997",0.49
31,"鳥 取 県","y1998",0.49
31,"鳥 取 県","y1999",0.48
31,"鳥 取 県","y2000",0.48
32,"島 根 県","y1920",1.28
32,"島 根 県","y1921",1.27
32,"島 根 県","y1922",1.25
32,"島 根 県","y1923",1.24
32,"島 根 県","y1924",1.22
32,"島 根 県","y1925",1.21
32,"島 根 県","y1926",1.2
32,"島 根 県","y1927",1.18
32,"島 根 県","y1928",1.17
32,"島 根 県","y1929",1.16
32,"島 根 県","y1930",1.15
32,"島 根 県","y1931",1.13
32,"島 根 県","y1932",1.12
32,"島 根 県","y1933",1.1
32,"島 根 県","y1934",1.09
32,"島 根 県","y1935",1.08
32,"島 根 県","y1936",1.07
32,"島 根 県","y1937",1.06
32,"島 根 県","y1938",1.05
32,"島 根 県","y1939",1.02
32,"島 根 県","y1940",1.01
32,"島 根 県","y1941",1
32,"島 根 県","y1942",0.99
32,"島 根 県","y1943",0.99
32,"島 根 県","y1944",1
32,"島 根 県","y1945",1.19
32,"島 根 県","y1946",1.16
32,"島 根 県","y1947",1.15
32,"島 根 県","y1948",1.13
32,"島 根 県","y1949",1.11
32,"島 根 県","y1950",1.1
32,"島 根 県","y1951",1.08
32,"島 根 県","y1952",1.07
32,"島 根 県","y1953",1.06
32,"島 根 県","y1954",1.05
32,"島 根 県","y1955",1.04
32,"島 根 県","y1956",1.03
32,"島 根 県","y1957",1.01
32,"島 根 県","y1958",0.99
32,"島 根 県","y1959",0.97
32,"島 根 県","y1960",0.95
32,"島 根 県","y1961",0.93
32,"島 根 県","y1962",0.91
32,"島 根 県","y1963",0.89
32,"島 根 県","y1964",0.86
32,"島 根 県","y1965",0.84
32,"島 根 県","y1966",0.82
32,"島 根 県","y1967",0.8
32,"島 根 県","y1968",0.78
32,"島 根 県","y1969",0.76
32,"島 根 県","y1970",0.75
32,"島 根 県","y1971",0.73
32,"島 根 県","y1972",0.71
32,"島 根 県","y1973",0.7
32,"島 根 県","y1974",0.69
32,"島 根 県","y1975",0.69
32,"島 根 県","y1976",0.68
32,"島 根 県","y1977",0.68
32,"島 根 県","y1978",0.68
32,"島 根 県","y1979",0.67
32,"島 根 県","y1980",0.67
32,"島 根 県","y1981",0.67
32,"島 根 県","y1982",0.67
32,"島 根 県","y1983",0.66
32,"島 根 県","y1984",0.66
32,"島 根 県","y1985",0.66
32,"島 根 県","y1986",0.65
32,"島 根 県","y1987",0.65
32,"島 根 県","y1988",0.64
32,"島 根 県","y1989",0.64
32,"島 根 県","y1990",0.63
32,"島 根 県","y1991",0.63
32,"島 根 県","y1992",0.62
32,"島 根 県","y1993",0.62
32,"島 根 県","y1994",0.62
32,"島 根 県","y1995",0.61
32,"島 根 県","y1996",0.61
32,"島 根 県","y1997",0.61
32,"島 根 県","y1998",0.61
32,"島 根 県","y1999",0.6
32,"島 根 県","y2000",0.6
33,"岡 山 県","y1920",2.18
33,"岡 山 県","y1921",2.16
33,"岡 山 県","y1922",2.14
33,"岡 山 県","y1923",2.13
33,"岡 山 県","y1924",2.1
33,"岡 山 県","y1925",2.07
33,"岡 山 県","y1926",2.06
33,"岡 山 県","y1927",2.04
33,"岡 山 県","y1928",2.02
33,"岡 山 県","y1929",2.01
33,"岡 山 県","y1930",1.99
33,"岡 山 県","y1931",1.98
33,"岡 山 県","y1932",1.97
33,"岡 山 県","y1933",1.96
33,"岡 山 県","y1934",1.94
33,"岡 山 県","y1935",1.92
33,"岡 山 県","y1936",1.88
33,"岡 山 県","y1937",1.87
33,"岡 山 県","y1938",1.86
33,"岡 山 県","y1939",1.84
33,"岡 山 県","y1940",1.82
33,"岡 山 県","y1941",1.82
33,"岡 山 県","y1942",1.81
33,"岡 山 県","y1943",1.82
33,"岡 山 県","y1944",1.82
33,"岡 山 県","y1945",2.17
33,"岡 山 県","y1946",2.1
33,"岡 山 県","y1947",2.07
33,"岡 山 県","y1948",2.05
33,"岡 山 県","y1949",2.02
33,"岡 山 県","y1950",2
33,"岡 山 県","y1951",1.98
33,"岡 山 県","y1952",1.95
33,"岡 山 県","y1953",1.94
33,"岡 山 県","y1954",1.91
33,"岡 山 県","y1955",1.89
33,"岡 山 県","y1956",1.88
33,"岡 山 県","y1957",1.85
33,"岡 山 県","y1958",1.83
33,"岡 山 県","y1959",1.81
33,"岡 山 県","y1960",1.79
33,"岡 山 県","y1961",1.76
33,"岡 山 県","y1962",1.74
33,"岡 山 県","y1963",1.71
33,"岡 山 県","y1964",1.69
33,"岡 山 県","y1965",1.67
33,"岡 山 県","y1966",1.66
33,"岡 山 県","y1967",1.66
33,"岡 山 県","y1968",1.65
33,"岡 山 県","y1969",1.64
33,"岡 山 県","y1970",1.65
33,"岡 山 県","y1971",1.65
33,"岡 山 県","y1972",1.63
33,"岡 山 県","y1973",1.62
33,"岡 山 県","y1974",1.62
33,"岡 山 県","y1975",1.62
33,"岡 山 県","y1976",1.62
33,"岡 山 県","y1977",1.61
33,"岡 山 県","y1978",1.61
33,"岡 山 県","y1979",1.6
33,"岡 山 県","y1980",1.6
33,"岡 山 県","y1981",1.6
33,"岡 山 県","y1982",1.59
33,"岡 山 県","y1983",1.59
33,"岡 山 県","y1984",1.59
33,"岡 山 県","y1985",1.58
33,"岡 山 県","y1986",1.58
33,"岡 山 県","y1987",1.57
33,"岡 山 県","y1988",1.57
33,"岡 山 県","y1989",1.56
33,"岡 山 県","y1990",1.56
33,"岡 山 県","y1991",1.56
33,"岡 山 県","y1992",1.55
33,"岡 山 県","y1993",1.55
33,"岡 山 県","y1994",1.55
33,"岡 山 県","y1995",1.55
33,"岡 山 県","y1996",1.55
33,"岡 山 県","y1997",1.55
33,"岡 山 県","y1998",1.54
33,"岡 山 県","y1999",1.54
33,"岡 山 県","y2000",1.54
34,"広 島 県","y1920",2.76
34,"広 島 県","y1921",2.75
34,"広 島 県","y1922",2.74
34,"広 島 県","y1923",2.75
34,"広 島 県","y1924",2.73
34,"広 島 県","y1925",2.71
34,"広 島 県","y1926",2.69
34,"広 島 県","y1927",2.67
34,"広 島 県","y1928",2.65
34,"広 島 県","y1929",2.64
34,"広 島 県","y1930",2.63
34,"広 島 県","y1931",2.62
34,"広 島 県","y1932",2.62
34,"広 島 県","y1933",2.62
34,"広 島 県","y1934",2.61
34,"広 島 県","y1935",2.61
34,"広 島 県","y1936",2.59
34,"広 島 県","y1937",2.58
34,"広 島 県","y1938",2.57
34,"広 島 県","y1939",2.55
34,"広 島 県","y1940",2.53
34,"広 島 県","y1941",2.55
34,"広 島 県","y1942",2.62
34,"広 島 県","y1943",2.67
34,"広 島 県","y1944",2.69
34,"広 島 県","y1945",2.62
34,"広 島 県","y1946",2.6
34,"広 島 県","y1947",2.58
34,"広 島 県","y1948",2.56
34,"広 島 県","y1949",2.53
34,"広 島 県","y1950",2.5
34,"広 島 県","y1951",2.48
34,"広 島 県","y1952",2.45
34,"広 島 県","y1953",2.44
34,"広 島 県","y1954",2.42
34,"広 島 県","y1955",2.41
34,"広 島 県","y1956",2.39
34,"広 島 県","y1957",2.38
34,"広 島 県","y1958",2.36
34,"広 島 県","y1959",2.35
34,"広 島 県","y1960",2.34
34,"広 島 県","y1961",2.33
34,"広 島 県","y1962",2.32
34,"広 島 県","y1963",2.32
34,"広 島 県","y1964",2.32
34,"広 島 県","y1965",2.32
34,"広 島 県","y1966",2.32
34,"広 島 県","y1967",2.33
34,"広 島 県","y1968",2.34
34,"広 島 県","y1969",2.34
34,"広 島 県","y1970",2.35
34,"広 島 県","y1971",2.36
34,"広 島 県","y1972",2.35
34,"広 島 県","y1973",2.36
34,"広 島 県","y1974",2.37
34,"広 島 県","y1975",2.36
34,"広 島 県","y1976",2.36
34,"広 島 県","y1977",2.36
34,"広 島 県","y1978",2.35
34,"広 島 県","y1979",2.34
34,"広 島 県","y1980",2.34
34,"広 島 県","y1981",2.34
34,"広 島 県","y1982",2.34
34,"広 島 県","y1983",2.34
34,"広 島 県","y1984",2.33
34,"広 島 県","y1985",2.33
34,"広 島 県","y1986",2.33
34,"広 島 県","y1987",2.32
34,"広 島 県","y1988",2.31
34,"広 島 県","y1989",2.31
34,"広 島 県","y1990",2.31
34,"広 島 県","y1991",2.3
34,"広 島 県","y1992",2.3
34,"広 島 県","y1993",2.3
34,"広 島 県","y1994",2.3
34,"広 島 県","y1995",2.29
34,"広 島 県","y1996",2.29
34,"広 島 県","y1997",2.28
34,"広 島 県","y1998",2.28
34,"広 島 県","y1999",2.27
34,"広 島 県","y2000",2.27
35,"山 口 県","y1920",1.86
35,"山 口 県","y1921",1.86
35,"山 口 県","y1922",1.85
35,"山 口 県","y1923",1.85
35,"山 口 県","y1924",1.84
35,"山 口 県","y1925",1.83
35,"山 口 県","y1926",1.82
35,"山 口 県","y1927",1.81
35,"山 口 県","y1928",1.79
35,"山 口 県","y1929",1.78
35,"山 口 県","y1930",1.76
35,"山 口 県","y1931",1.75
35,"山 口 県","y1932",1.74
35,"山 口 県","y1933",1.74
35,"山 口 県","y1934",1.73
35,"山 口 県","y1935",1.72
35,"山 口 県","y1936",1.73
35,"山 口 県","y1937",1.73
35,"山 口 県","y1938",1.74
35,"山 口 県","y1939",1.75
35,"山 口 県","y1940",1.76
35,"山 口 県","y1941",1.77
35,"山 口 県","y1942",1.81
35,"山 口 県","y1943",1.85
35,"山 口 県","y1944",1.86
35,"山 口 県","y1945",1.88
35,"山 口 県","y1946",1.88
35,"山 口 県","y1947",1.89
35,"山 口 県","y1948",1.89
35,"山 口 県","y1949",1.9
35,"山 口 県","y1950",1.85
35,"山 口 県","y1951",1.84
35,"山 口 県","y1952",1.83
35,"山 口 県","y1953",1.83
35,"山 口 県","y1954",1.81
35,"山 口 県","y1955",1.8
35,"山 口 県","y1956",1.79
35,"山 口 県","y1957",1.78
35,"山 口 県","y1958",1.77
35,"山 口 県","y1959",1.75
35,"山 口 県","y1960",1.72
35,"山 口 県","y1961",1.69
35,"山 口 県","y1962",1.67
35,"山 口 県","y1963",1.63
35,"山 口 県","y1964",1.6
35,"山 口 県","y1965",1.57
35,"山 口 県","y1966",1.55
35,"山 口 県","y1967",1.52
35,"山 口 県","y1968",1.5
35,"山 口 県","y1969",1.48
35,"山 口 県","y1970",1.46
35,"山 口 県","y1971",1.44
35,"山 口 県","y1972",1.42
35,"山 口 県","y1973",1.4
35,"山 口 県","y1974",1.39
35,"山 口 県","y1975",1.39
35,"山 口 県","y1976",1.38
35,"山 口 県","y1977",1.38
35,"山 口 県","y1978",1.37
35,"山 口 県","y1979",1.36
35,"山 口 県","y1980",1.36
35,"山 口 県","y1981",1.35
35,"山 口 県","y1982",1.35
35,"山 口 県","y1983",1.34
35,"山 口 県","y1984",1.33
35,"山 口 県","y1985",1.32
35,"山 口 県","y1986",1.31
35,"山 口 県","y1987",1.3
35,"山 口 県","y1988",1.29
35,"山 口 県","y1989",1.28
35,"山 口 県","y1990",1.27
35,"山 口 県","y1991",1.26
35,"山 口 県","y1992",1.26
35,"山 口 県","y1993",1.25
35,"山 口 県","y1994",1.24
35,"山 口 県","y1995",1.24
35,"山 口 県","y1996",1.23
35,"山 口 県","y1997",1.22
35,"山 口 県","y1998",1.22
35,"山 口 県","y1999",1.21
35,"山 口 県","y2000",1.2
36,"徳 島 県","y1920",1.2
36,"徳 島 県","y1921",1.19
36,"徳 島 県","y1922",1.19
36,"徳 島 県","y1923",1.18
36,"徳 島 県","y1924",1.17
36,"徳 島 県","y1925",1.15
36,"徳 島 県","y1926",1.14
36,"徳 島 県","y1927",1.13
36,"徳 島 県","y1928",1.12
36,"徳 島 県","y1929",1.11
36,"徳 島 県","y1930",1.11
36,"徳 島 県","y1931",1.1
36,"徳 島 県","y1932",1.09
36,"徳 島 県","y1933",1.08
36,"徳 島 県","y1934",1.07
36,"徳 島 県","y1935",1.05
36,"徳 島 県","y1936",1.04
36,"徳 島 県","y1937",1.03
36,"徳 島 県","y1938",1.01
36,"徳 島 県","y1939",0.99
36,"徳 島 県","y1940",0.98
36,"徳 島 県","y1941",0.98
36,"徳 島 県","y1942",0.97
36,"徳 島 県","y1943",0.96
36,"徳 島 県","y1944",0.96
36,"徳 島 県","y1945",1.16
36,"徳 島 県","y1946",1.13
36,"徳 島 県","y1947",1.09
36,"徳 島 県","y1948",1.09
36,"徳 島 県","y1949",1.07
36,"徳 島 県","y1950",1.06
36,"徳 島 県","y1951",1.03
36,"徳 島 県","y1952",1.02
36,"徳 島 県","y1953",1
36,"徳 島 県","y1954",0.99
36,"徳 島 県","y1955",0.98
36,"徳 島 県","y1956",0.97
36,"徳 島 県","y1957",0.95
36,"徳 島 県","y1958",0.94
36,"徳 島 県","y1959",0.92
36,"徳 島 県","y1960",0.91
36,"徳 島 県","y1961",0.89
36,"徳 島 県","y1962",0.87
36,"徳 島 県","y1963",0.86
36,"徳 島 県","y1964",0.84
36,"徳 島 県","y1965",0.83
36,"徳 島 県","y1966",0.82
36,"徳 島 県","y1967",0.8
36,"徳 島 県","y1968",0.79
36,"徳 島 県","y1969",0.77
36,"徳 島 県","y1970",0.76
36,"徳 島 県","y1971",0.75
36,"徳 島 県","y1972",0.74
36,"徳 島 県","y1973",0.73
36,"徳 島 県","y1974",0.72
36,"徳 島 県","y1975",0.72
36,"徳 島 県","y1976",0.72
36,"徳 島 県","y1977",0.71
36,"徳 島 県","y1978",0.71
36,"徳 島 県","y1979",0.71
36,"徳 島 県","y1980",0.7
36,"徳 島 県","y1981",0.7
36,"徳 島 県","y1982",0.7
36,"徳 島 県","y1983",0.7
36,"徳 島 県","y1984",0.69
36,"徳 島 県","y1985",0.69
36,"徳 島 県","y1986",0.69
36,"徳 島 県","y1987",0.68
36,"徳 島 県","y1988",0.68
36,"徳 島 県","y1989",0.68
36,"徳 島 県","y1990",0.67
36,"徳 島 県","y1991",0.67
36,"徳 島 県","y1992",0.67
36,"徳 島 県","y1993",0.67
36,"徳 島 県","y1994",0.66
36,"徳 島 県","y1995",0.66
36,"徳 島 県","y1996",0.66
36,"徳 島 県","y1997",0.66
36,"徳 島 県","y1998",0.66
36,"徳 島 県","y1999",0.65
36,"徳 島 県","y2000",0.65
37,"香 川 県","y1920",1.21
37,"香 川 県","y1921",1.2
37,"香 川 県","y1922",1.19
37,"香 川 県","y1923",1.19
37,"香 川 県","y1924",1.18
37,"香 川 県","y1925",1.17
37,"香 川 県","y1926",1.17
37,"香 川 県","y1927",1.16
37,"香 川 県","y1928",1.15
37,"香 川 県","y1929",1.14
37,"香 川 県","y1930",1.14
37,"香 川 県","y1931",1.14
37,"香 川 県","y1932",1.14
37,"香 川 県","y1933",1.13
37,"香 川 県","y1934",1.1
37,"香 川 県","y1935",1.08
37,"香 川 県","y1936",1.05
37,"香 川 県","y1937",1.04
37,"香 川 県","y1938",1.03
37,"香 川 県","y1939",1.02
37,"香 川 県","y1940",1
37,"香 川 県","y1941",0.99
37,"香 川 県","y1942",0.98
37,"香 川 県","y1943",0.98
37,"香 川 県","y1944",0.98
37,"香 川 県","y1945",1.2
37,"香 川 県","y1946",1.19
37,"香 川 県","y1947",1.17
37,"香 川 県","y1948",1.16
37,"香 川 県","y1949",1.15
37,"香 川 県","y1950",1.14
37,"香 川 県","y1951",1.12
37,"香 川 県","y1952",1.1
37,"香 川 県","y1953",1.08
37,"香 川 県","y1954",1.06
37,"香 川 県","y1955",1.06
37,"香 川 県","y1956",1.05
37,"香 川 県","y1957",1.03
37,"香 川 県","y1958",1.01
37,"香 川 県","y1959",1
37,"香 川 県","y1960",0.98
37,"香 川 県","y1961",0.97
37,"香 川 県","y1962",0.95
37,"香 川 県","y1963",0.94
37,"香 川 県","y1964",0.93
37,"香 川 県","y1965",0.92
37,"香 川 県","y1966",0.9
37,"香 川 県","y1967",0.9
37,"香 川 県","y1968",0.89
37,"香 川 県","y1969",0.88
37,"香 川 県","y1970",0.88
37,"香 川 県","y1971",0.87
37,"香 川 県","y1972",0.86
37,"香 川 県","y1973",0.86
37,"香 川 県","y1974",0.86
37,"香 川 県","y1975",0.86
37,"香 川 県","y1976",0.86
37,"香 川 県","y1977",0.86
37,"香 川 県","y1978",0.86
37,"香 川 県","y1979",0.86
37,"香 川 県","y1980",0.85
37,"香 川 県","y1981",0.85
37,"香 川 県","y1982",0.85
37,"香 川 県","y1983",0.85
37,"香 川 県","y1984",0.85
37,"香 川 県","y1985",0.84
37,"香 川 県","y1986",0.84
37,"香 川 県","y1987",0.84
37,"香 川 県","y1988",0.83
37,"香 川 県","y1989",0.83
37,"香 川 県","y1990",0.83
37,"香 川 県","y1991",0.82
37,"香 川 県","y1992",0.82
37,"香 川 県","y1993",0.82
37,"香 川 県","y1994",0.82
37,"香 川 県","y1995",0.82
37,"香 川 県","y1996",0.82
37,"香 川 県","y1997",0.81
37,"香 川 県","y1998",0.81
37,"香 川 県","y1999",0.81
37,"香 川 県","y2000",0.81
38,"愛 媛 県","y1920",1.87
38,"愛 媛 県","y1921",1.86
38,"愛 媛 県","y1922",1.86
38,"愛 媛 県","y1923",1.87
38,"愛 媛 県","y1924",1.85
38,"愛 媛 県","y1925",1.84
38,"愛 媛 県","y1926",1.83
38,"愛 媛 県","y1927",1.82
38,"愛 媛 県","y1928",1.8
38,"愛 媛 県","y1929",1.79
38,"愛 媛 県","y1930",1.77
38,"愛 媛 県","y1931",1.79
38,"愛 媛 県","y1932",1.76
38,"愛 媛 県","y1933",1.72
38,"愛 媛 県","y1934",1.7
38,"愛 媛 県","y1935",1.68
38,"愛 媛 県","y1936",1.68
38,"愛 媛 県","y1937",1.67
38,"愛 媛 県","y1938",1.64
38,"愛 媛 県","y1939",1.6
38,"愛 媛 県","y1940",1.61
38,"愛 媛 県","y1941",1.62
38,"愛 媛 県","y1942",1.61
38,"愛 媛 県","y1943",1.62
38,"愛 媛 県","y1944",1.62
38,"愛 媛 県","y1945",1.89
38,"愛 媛 県","y1946",1.89
38,"愛 媛 県","y1947",1.86
38,"愛 媛 県","y1948",1.84
38,"愛 媛 県","y1949",1.83
38,"愛 媛 県","y1950",1.83
38,"愛 媛 県","y1951",1.8
38,"愛 媛 県","y1952",1.78
38,"愛 媛 県","y1953",1.75
38,"愛 媛 県","y1954",1.74
38,"愛 媛 県","y1955",1.73
38,"愛 媛 県","y1956",1.71
38,"愛 媛 県","y1957",1.68
38,"愛 媛 県","y1958",1.66
38,"愛 媛 県","y1959",1.64
38,"愛 媛 県","y1960",1.61
38,"愛 媛 県","y1961",1.58
38,"愛 媛 県","y1962",1.55
38,"愛 媛 県","y1963",1.52
38,"愛 媛 県","y1964",1.49
38,"愛 媛 県","y1965",1.47
38,"愛 媛 県","y1966",1.45
38,"愛 媛 県","y1967",1.43
38,"愛 媛 県","y1968",1.41
38,"愛 媛 県","y1969",1.39
38,"愛 媛 県","y1970",1.37
38,"愛 媛 県","y1971",1.35
38,"愛 媛 県","y1972",1.33
38,"愛 媛 県","y1973",1.32
38,"愛 媛 県","y1974",1.31
38,"愛 媛 県","y1975",1.31
38,"愛 媛 県","y1976",1.31
38,"愛 媛 県","y1977",1.3
38,"愛 媛 県","y1978",1.3
38,"愛 媛 県","y1979",1.29
38,"愛 媛 県","y1980",1.29
38,"愛 媛 県","y1981",1.28
38,"愛 媛 県","y1982",1.28
38,"愛 媛 県","y1983",1.27
38,"愛 媛 県","y1984",1.27
38,"愛 媛 県","y1985",1.26
38,"愛 媛 県","y1986",1.26
38,"愛 媛 県","y1987",1.25
38,"愛 媛 県","y1988",1.24
38,"愛 媛 県","y1989",1.23
38,"愛 媛 県","y1990",1.23
38,"愛 媛 県","y1991",1.22
38,"愛 媛 県","y1992",1.21
38,"愛 媛 県","y1993",1.21
38,"愛 媛 県","y1994",1.2
38,"愛 媛 県","y1995",1.2
38,"愛 媛 県","y1996",1.2
38,"愛 媛 県","y1997",1.19
38,"愛 媛 県","y1998",1.19
38,"愛 媛 県","y1999",1.18
38,"愛 媛 県","y2000",1.18
39,"高 知 県","y1920",1.2
39,"高 知 県","y1921",1.2
39,"高 知 県","y1922",1.18
39,"高 知 県","y1923",1.17
39,"高 知 県","y1924",1.17
39,"高 知 県","y1925",1.15
39,"高 知 県","y1926",1.14
39,"高 知 県","y1927",1.13
39,"高 知 県","y1928",1.12
39,"高 知 県","y1929",1.12
39,"高 知 県","y1930",1.11
39,"高 知 県","y1931",1.11
39,"高 知 県","y1932",1.1
39,"高 知 県","y1933",1.09
39,"高 知 県","y1934",1.06
39,"高 知 県","y1935",1.03
39,"高 知 県","y1936",1.02
39,"高 知 県","y1937",1.02
39,"高 知 県","y1938",0.99
39,"高 知 県","y1939",0.98
39,"高 知 県","y1940",0.97
39,"高 知 県","y1941",0.96
39,"高 知 県","y1942",0.96
39,"高 知 県","y1943",0.95
39,"高 知 県","y1944",0.95
39,"高 知 県","y1945",1.08
39,"高 知 県","y1946",1.09
39,"高 知 県","y1947",1.09
39,"高 知 県","y1948",1.08
39,"高 知 県","y1949",1.06
39,"高 知 県","y1950",1.05
39,"高 知 県","y1951",1.03
39,"高 知 県","y1952",1.02
39,"高 知 県","y1953",1.01
39,"高 知 県","y1954",1
39,"高 知 県","y1955",0.99
39,"高 知 県","y1956",0.98
39,"高 知 県","y1957",0.96
39,"高 知 県","y1958",0.95
39,"高 知 県","y1959",0.93
39,"高 知 県","y1960",0.91
39,"高 知 県","y1961",0.9
39,"高 知 県","y1962",0.88
39,"高 知 県","y1963",0.86
39,"高 知 県","y1964",0.84
39,"高 知 県","y1965",0.83
39,"高 知 県","y1966",0.81
39,"高 知 県","y1967",0.8
39,"高 知 県","y1968",0.79
39,"高 知 県","y1969",0.77
39,"高 知 県","y1970",0.76
39,"高 知 県","y1971",0.75
39,"高 知 県","y1972",0.74
39,"高 知 県","y1973",0.73
39,"高 知 県","y1974",0.73
39,"高 知 県","y1975",0.72
39,"高 知 県","y1976",0.72
39,"高 知 県","y1977",0.72
39,"高 知 県","y1978",0.72
39,"高 知 県","y1979",0.71
39,"高 知 県","y1980",0.71
39,"高 知 県","y1981",0.71
39,"高 知 県","y1982",0.7
39,"高 知 県","y1983",0.7
39,"高 知 県","y1984",0.7
39,"高 知 県","y1985",0.69
39,"高 知 県","y1986",0.69
39,"高 知 県","y1987",0.68
39,"高 知 県","y1988",0.68
39,"高 知 県","y1989",0.67
39,"高 知 県","y1990",0.67
39,"高 知 県","y1991",0.66
39,"高 知 県","y1992",0.66
39,"高 知 県","y1993",0.65
39,"高 知 県","y1994",0.65
39,"高 知 県","y1995",0.65
39,"高 知 県","y1996",0.65
39,"高 知 県","y1997",0.65
39,"高 知 県","y1998",0.64
39,"高 知 県","y1999",0.64
39,"高 知 県","y2000",0.64
40,"福 岡 県","y1920",3.91
40,"福 岡 県","y1921",3.9
40,"福 岡 県","y1922",3.89
40,"福 岡 県","y1923",3.89
40,"福 岡 県","y1924",3.87
40,"福 岡 県","y1925",3.85
40,"福 岡 県","y1926",3.86
40,"福 岡 県","y1927",3.87
40,"福 岡 県","y1928",3.88
40,"福 岡 県","y1929",3.89
40,"福 岡 県","y1930",3.92
40,"福 岡 県","y1931",3.93
40,"福 岡 県","y1932",3.92
40,"福 岡 県","y1933",3.93
40,"福 岡 県","y1934",3.96
40,"福 岡 県","y1935",3.98
40,"福 岡 県","y1936",4
40,"福 岡 県","y1937",4.06
40,"福 岡 県","y1938",4.19
40,"福 岡 県","y1939",4.27
40,"福 岡 県","y1940",4.23
40,"福 岡 県","y1941",4.23
40,"福 岡 県","y1942",4.2
40,"福 岡 県","y1943",4.19
40,"福 岡 県","y1944",4.2
40,"福 岡 県","y1945",3.82
40,"福 岡 県","y1946",3.98
40,"福 岡 県","y1947",4.07
40,"福 岡 県","y1948",4.12
40,"福 岡 県","y1949",4.2
40,"福 岡 県","y1950",4.24
40,"福 岡 県","y1951",4.28
40,"福 岡 県","y1952",4.33
40,"福 岡 県","y1953",4.36
40,"福 岡 県","y1954",4.33
40,"福 岡 県","y1955",4.32
40,"福 岡 県","y1956",4.33
40,"福 岡 県","y1957",4.33
40,"福 岡 県","y1958",4.34
40,"福 岡 県","y1959",4.33
40,"福 岡 県","y1960",4.29
40,"福 岡 県","y1961",4.24
40,"福 岡 県","y1962",4.19
40,"福 岡 県","y1963",4.13
40,"福 岡 県","y1964",4.07
40,"福 岡 県","y1965",4.03
40,"福 岡 県","y1966",4.02
40,"福 岡 県","y1967",3.99
40,"福 岡 県","y1968",3.96
40,"福 岡 県","y1969",3.92
40,"福 岡 県","y1970",3.88
40,"福 岡 県","y1971",3.86
40,"福 岡 県","y1972",3.81
40,"福 岡 県","y1973",3.81
40,"福 岡 県","y1974",3.81
40,"福 岡 県","y1975",3.84
40,"福 岡 県","y1976",3.85
40,"福 岡 県","y1977",3.86
40,"福 岡 県","y1978",3.87
40,"福 岡 県","y1979",3.88
40,"福 岡 県","y1980",3.89
40,"福 岡 県","y1981",3.9
40,"福 岡 県","y1982",3.9
40,"福 岡 県","y1983",3.9
40,"福 岡 県","y1984",3.9
40,"福 岡 県","y1985",3.9
40,"福 岡 県","y1986",3.9
40,"福 岡 県","y1987",3.89
40,"福 岡 県","y1988",3.89
40,"福 岡 県","y1989",3.89
40,"福 岡 県","y1990",3.89
40,"福 岡 県","y1991",3.9
40,"福 岡 県","y1992",3.9
40,"福 岡 県","y1993",3.91
40,"福 岡 県","y1994",3.92
40,"福 岡 県","y1995",3.93
40,"福 岡 県","y1996",3.93
40,"福 岡 県","y1997",3.94
40,"福 岡 県","y1998",3.95
40,"福 岡 県","y1999",3.95
40,"福 岡 県","y2000",3.95
41,"佐 賀 県","y1920",1.2
41,"佐 賀 県","y1921",1.2
41,"佐 賀 県","y1922",1.19
41,"佐 賀 県","y1923",1.18
41,"佐 賀 県","y1924",1.16
41,"佐 賀 県","y1925",1.15
41,"佐 賀 県","y1926",1.13
41,"佐 賀 県","y1927",1.11
41,"佐 賀 県","y1928",1.1
41,"佐 賀 県","y1929",1.09
41,"佐 賀 県","y1930",1.07
41,"佐 賀 県","y1931",1.06
41,"佐 賀 県","y1932",1.04
41,"佐 賀 県","y1933",1.04
41,"佐 賀 県","y1934",1
41,"佐 賀 県","y1935",0.99
41,"佐 賀 県","y1936",0.97
41,"佐 賀 県","y1937",0.97
41,"佐 賀 県","y1938",0.97
41,"佐 賀 県","y1939",0.96
41,"佐 賀 県","y1940",0.95
41,"佐 賀 県","y1941",0.96
41,"佐 賀 県","y1942",0.96
41,"佐 賀 県","y1943",0.97
41,"佐 賀 県","y1944",0.97
41,"佐 賀 県","y1945",1.15
41,"佐 賀 県","y1946",1.17
41,"佐 賀 県","y1947",1.18
41,"佐 賀 県","y1948",1.14
41,"佐 賀 県","y1949",1.14
41,"佐 賀 県","y1950",1.14
41,"佐 賀 県","y1951",1.12
41,"佐 賀 県","y1952",1.11
41,"佐 賀 県","y1953",1.11
41,"佐 賀 県","y1954",1.1
41,"佐 賀 県","y1955",1.09
41,"佐 賀 県","y1956",1.08
41,"佐 賀 県","y1957",1.06
41,"佐 賀 県","y1958",1.05
41,"佐 賀 県","y1959",1.03
41,"佐 賀 県","y1960",1.01
41,"佐 賀 県","y1961",0.99
41,"佐 賀 県","y1962",0.96
41,"佐 賀 県","y1963",0.93
41,"佐 賀 県","y1964",0.91
41,"佐 賀 県","y1965",0.89
41,"佐 賀 県","y1966",0.88
41,"佐 賀 県","y1967",0.86
41,"佐 賀 県","y1968",0.84
41,"佐 賀 県","y1969",0.82
41,"佐 賀 県","y1970",0.81
41,"佐 賀 県","y1971",0.79
41,"佐 賀 県","y1972",0.77
41,"佐 賀 県","y1973",0.76
41,"佐 賀 県","y1974",0.75
41,"佐 賀 県","y1975",0.75
41,"佐 賀 県","y1976",0.74
41,"佐 賀 県","y1977",0.74
41,"佐 賀 県","y1978",0.74
41,"佐 賀 県","y1979",0.74
41,"佐 賀 県","y1980",0.74
41,"佐 賀 県","y1981",0.74
41,"佐 賀 県","y1982",0.74
41,"佐 賀 県","y1983",0.73
41,"佐 賀 県","y1984",0.73
41,"佐 賀 県","y1985",0.73
41,"佐 賀 県","y1986",0.72
41,"佐 賀 県","y1987",0.72
41,"佐 賀 県","y1988",0.72
41,"佐 賀 県","y1989",0.71
41,"佐 賀 県","y1990",0.71
41,"佐 賀 県","y1991",0.71
41,"佐 賀 県","y1992",0.71
41,"佐 賀 県","y1993",0.7
41,"佐 賀 県","y1994",0.7
41,"佐 賀 県","y1995",0.7
41,"佐 賀 県","y1996",0.7
41,"佐 賀 県","y1997",0.7
41,"佐 賀 県","y1998",0.7
41,"佐 賀 県","y1999",0.69
41,"佐 賀 県","y2000",0.69
42,"長 崎 県","y1920",2.03
42,"長 崎 県","y1921",2.01
42,"長 崎 県","y1922",2
42,"長 崎 県","y1923",1.99
42,"長 崎 県","y1924",1.97
42,"長 崎 県","y1925",1.95
42,"長 崎 県","y1926",1.96
42,"長 崎 県","y1927",1.95
42,"長 崎 県","y1928",1.96
42,"長 崎 県","y1929",1.94
42,"長 崎 県","y1930",1.91
42,"長 崎 県","y1931",1.91
42,"長 崎 県","y1932",1.91
42,"長 崎 県","y1933",1.9
42,"長 崎 県","y1934",1.88
42,"長 崎 県","y1935",1.87
42,"長 崎 県","y1936",1.87
42,"長 崎 県","y1937",1.88
42,"長 崎 県","y1938",1.87
42,"長 崎 県","y1939",1.86
42,"長 崎 県","y1940",1.86
42,"長 崎 県","y1941",1.96
42,"長 崎 県","y1942",2.05
42,"長 崎 県","y1943",2.02
42,"長 崎 県","y1944",2.04
42,"長 崎 県","y1945",1.83
42,"長 崎 県","y1946",1.94
42,"長 崎 県","y1947",1.96
42,"長 崎 県","y1948",1.99
42,"長 崎 県","y1949",1.98
42,"長 崎 県","y1950",1.98
42,"長 崎 県","y1951",1.98
42,"長 崎 県","y1952",1.99
42,"長 崎 県","y1953",1.99
42,"長 崎 県","y1954",1.97
42,"長 崎 県","y1955",1.96
42,"長 崎 県","y1956",1.95
42,"長 崎 県","y1957",1.93
42,"長 崎 県","y1958",1.93
42,"長 崎 県","y1959",1.92
42,"長 崎 県","y1960",1.88
42,"長 崎 県","y1961",1.85
42,"長 崎 県","y1962",1.8
42,"長 崎 県","y1963",1.76
42,"長 崎 県","y1964",1.71
42,"長 崎 県","y1965",1.67
42,"長 崎 県","y1966",1.65
42,"長 崎 県","y1967",1.62
42,"長 崎 県","y1968",1.59
42,"長 崎 県","y1969",1.56
42,"長 崎 県","y1970",1.51
42,"長 崎 県","y1971",1.48
42,"長 崎 県","y1972",1.44
42,"長 崎 県","y1973",1.42
42,"長 崎 県","y1974",1.41
42,"長 崎 県","y1975",1.4
42,"長 崎 県","y1976",1.39
42,"長 崎 県","y1977",1.39
42,"長 崎 県","y1978",1.38
42,"長 崎 県","y1979",1.37
42,"長 崎 県","y1980",1.36
42,"長 崎 県","y1981",1.35
42,"長 崎 県","y1982",1.34
42,"長 崎 県","y1983",1.33
42,"長 崎 県","y1984",1.33
42,"長 崎 県","y1985",1.32
42,"長 崎 県","y1986",1.31
42,"長 崎 県","y1987",1.3
42,"長 崎 県","y1988",1.29
42,"長 崎 県","y1989",1.27
42,"長 崎 県","y1990",1.26
42,"長 崎 県","y1991",1.25
42,"長 崎 県","y1992",1.25
42,"長 崎 県","y1993",1.24
42,"長 崎 県","y1994",1.24
42,"長 崎 県","y1995",1.23
42,"長 崎 県","y1996",1.22
42,"長 崎 県","y1997",1.22
42,"長 崎 県","y1998",1.21
42,"長 崎 県","y1999",1.2
42,"長 崎 県","y2000",1.19
43,"熊 本 県","y1920",2.2
43,"熊 本 県","y1921",2.2
43,"熊 本 県","y1922",2.2
43,"熊 本 県","y1923",2.2
43,"熊 本 県","y1924",2.18
43,"熊 本 県","y1925",2.17
43,"熊 本 県","y1926",2.16
43,"熊 本 県","y1927",2.15
43,"熊 本 県","y1928",2.14
43,"熊 本 県","y1929",2.12
43,"熊 本 県","y1930",2.1
43,"熊 本 県","y1931",2.08
43,"熊 本 県","y1932",2.07
43,"熊 本 県","y1933",2.08
43,"熊 本 県","y1934",2.05
43,"熊 本 県","y1935",2
43,"熊 本 県","y1936",1.95
43,"熊 本 県","y1937",1.93
43,"熊 本 県","y1938",1.92
43,"熊 本 県","y1939",1.89
43,"熊 本 県","y1940",1.86
43,"熊 本 県","y1941",1.84
43,"熊 本 県","y1942",1.81
43,"熊 本 県","y1943",1.83
43,"熊 本 県","y1944",1.88
43,"熊 本 県","y1945",2.16
43,"熊 本 県","y1946",2.23
43,"熊 本 県","y1947",2.26
43,"熊 本 県","y1948",2.23
43,"熊 本 県","y1949",2.21
43,"熊 本 県","y1950",2.2
43,"熊 本 県","y1951",2.17
43,"熊 本 県","y1952",2.14
43,"熊 本 県","y1953",2.12
43,"熊 本 県","y1954",2.12
43,"熊 本 県","y1955",2.12
43,"熊 本 県","y1956",2.11
43,"熊 本 県","y1957",2.09
43,"熊 本 県","y1958",2.06
43,"熊 本 県","y1959",2.03
43,"熊 本 県","y1960",1.99
43,"熊 本 県","y1961",1.95
43,"熊 本 県","y1962",1.91
43,"熊 本 県","y1963",1.87
43,"熊 本 県","y1964",1.83
43,"熊 本 県","y1965",1.8
43,"熊 本 県","y1966",1.78
43,"熊 本 県","y1967",1.75
43,"熊 本 県","y1968",1.72
43,"熊 本 県","y1969",1.68
43,"熊 本 県","y1970",1.64
43,"熊 本 県","y1971",1.6
43,"熊 本 県","y1972",1.55
43,"熊 本 県","y1973",1.54
43,"熊 本 県","y1974",1.53
43,"熊 本 県","y1975",1.53
43,"熊 本 県","y1976",1.53
43,"熊 本 県","y1977",1.53
43,"熊 本 県","y1978",1.53
43,"熊 本 県","y1979",1.53
43,"熊 本 県","y1980",1.53
43,"熊 本 県","y1981",1.53
43,"熊 本 県","y1982",1.53
43,"熊 本 県","y1983",1.52
43,"熊 本 県","y1984",1.52
43,"熊 本 県","y1985",1.52
43,"熊 本 県","y1986",1.51
43,"熊 本 県","y1987",1.51
43,"熊 本 県","y1988",1.5
43,"熊 本 県","y1989",1.49
43,"熊 本 県","y1990",1.49
43,"熊 本 県","y1991",1.49
43,"熊 本 県","y1992",1.48
43,"熊 本 県","y1993",1.48
43,"熊 本 県","y1994",1.48
43,"熊 本 県","y1995",1.48
43,"熊 本 県","y1996",1.48
43,"熊 本 県","y1997",1.48
43,"熊 本 県","y1998",1.47
43,"熊 本 県","y1999",1.47
43,"熊 本 県","y2000",1.46
44,"大 分 県","y1920",1.54
44,"大 分 県","y1921",1.53
44,"大 分 県","y1922",1.53
44,"大 分 県","y1923",1.54
44,"大 分 県","y1924",1.53
44,"大 分 県","y1925",1.53
44,"大 分 県","y1926",1.53
44,"大 分 県","y1927",1.51
44,"大 分 県","y1928",1.5
44,"大 分 県","y1929",1.48
44,"大 分 県","y1930",1.47
44,"大 分 県","y1931",1.46
44,"大 分 県","y1932",1.45
44,"大 分 県","y1933",1.44
44,"大 分 県","y1934",1.42
44,"大 分 県","y1935",1.42
44,"大 分 県","y1936",1.39
44,"大 分 県","y1937",1.36
44,"大 分 県","y1938",1.36
44,"大 分 県","y1939",1.34
44,"大 分 県","y1940",1.32
44,"大 分 県","y1941",1.32
44,"大 分 県","y1942",1.32
44,"大 分 県","y1943",1.33
44,"大 分 県","y1944",1.33
44,"大 分 県","y1945",1.56
44,"大 分 県","y1946",1.57
44,"大 分 県","y1947",1.58
44,"大 分 県","y1948",1.58
44,"大 分 県","y1949",1.54
44,"大 分 県","y1950",1.51
44,"大 分 県","y1951",1.48
44,"大 分 県","y1952",1.46
44,"大 分 県","y1953",1.44
44,"大 分 県","y1954",1.44
44,"大 分 県","y1955",1.43
44,"大 分 県","y1956",1.42
44,"大 分 県","y1957",1.39
44,"大 分 県","y1958",1.37
44,"大 分 県","y1959",1.35
44,"大 分 県","y1960",1.33
44,"大 分 県","y1961",1.3
44,"大 分 県","y1962",1.28
44,"大 分 県","y1963",1.26
44,"大 分 県","y1964",1.23
44,"大 分 県","y1965",1.21
44,"大 分 県","y1966",1.19
44,"大 分 県","y1967",1.17
44,"大 分 県","y1968",1.15
44,"大 分 県","y1969",1.13
44,"大 分 県","y1970",1.11
44,"大 分 県","y1971",1.11
44,"大 分 県","y1972",1.08
44,"大 分 県","y1973",1.07
44,"大 分 県","y1974",1.07
44,"大 分 県","y1975",1.06
44,"大 分 県","y1976",1.06
44,"大 分 県","y1977",1.06
44,"大 分 県","y1978",1.05
44,"大 分 県","y1979",1.05
44,"大 分 県","y1980",1.05
44,"大 分 県","y1981",1.05
44,"大 分 県","y1982",1.04
44,"大 分 県","y1983",1.04
44,"大 分 県","y1984",1.04
44,"大 分 県","y1985",1.03
44,"大 分 県","y1986",1.03
44,"大 分 県","y1987",1.02
44,"大 分 県","y1988",1.01
44,"大 分 県","y1989",1.01
44,"大 分 県","y1990",1
44,"大 分 県","y1991",1
44,"大 分 県","y1992",0.99
44,"大 分 県","y1993",0.99
44,"大 分 県","y1994",0.98
44,"大 分 県","y1995",0.98
44,"大 分 県","y1996",0.98
44,"大 分 県","y1997",0.97
44,"大 分 県","y1998",0.97
44,"大 分 県","y1999",0.97
44,"大 分 県","y2000",0.96
45,"宮 崎 県","y1920",1.16
45,"宮 崎 県","y1921",1.16
45,"宮 崎 県","y1922",1.16
45,"宮 崎 県","y1923",1.16
45,"宮 崎 県","y1924",1.16
45,"宮 崎 県","y1925",1.16
45,"宮 崎 県","y1926",1.16
45,"宮 崎 県","y1927",1.16
45,"宮 崎 県","y1928",1.16
45,"宮 崎 県","y1929",1.17
45,"宮 崎 県","y1930",1.18
45,"宮 崎 県","y1931",1.18
45,"宮 崎 県","y1932",1.19
45,"宮 崎 県","y1933",1.19
45,"宮 崎 県","y1934",1.19
45,"宮 崎 県","y1935",1.19
45,"宮 崎 県","y1936",1.17
45,"宮 崎 県","y1937",1.16
45,"宮 崎 県","y1938",1.16
45,"宮 崎 県","y1939",1.15
45,"宮 崎 県","y1940",1.14
45,"宮 崎 県","y1941",1.15
45,"宮 崎 県","y1942",1.15
45,"宮 崎 県","y1943",1.15
45,"宮 崎 県","y1944",1.15
45,"宮 崎 県","y1945",1.27
45,"宮 崎 県","y1946",1.31
45,"宮 崎 県","y1947",1.31
45,"宮 崎 県","y1948",1.3
45,"宮 崎 県","y1949",1.31
45,"宮 崎 県","y1950",1.31
45,"宮 崎 県","y1951",1.3
45,"宮 崎 県","y1952",1.29
45,"宮 崎 県","y1953",1.28
45,"宮 崎 県","y1954",1.28
45,"宮 崎 県","y1955",1.28
45,"宮 崎 県","y1956",1.27
45,"宮 崎 県","y1957",1.26
45,"宮 崎 県","y1958",1.24
45,"宮 崎 県","y1959",1.23
45,"宮 崎 県","y1960",1.21
45,"宮 崎 県","y1961",1.19
45,"宮 崎 県","y1962",1.17
45,"宮 崎 県","y1963",1.15
45,"宮 崎 県","y1964",1.12
45,"宮 崎 県","y1965",1.1
45,"宮 崎 県","y1966",1.09
45,"宮 崎 県","y1967",1.07
45,"宮 崎 県","y1968",1.05
45,"宮 崎 県","y1969",1.04
45,"宮 崎 県","y1970",1.01
45,"宮 崎 県","y1971",1
45,"宮 崎 県","y1972",0.97
45,"宮 崎 県","y1973",0.97
45,"宮 崎 県","y1974",0.97
45,"宮 崎 県","y1975",0.97
45,"宮 崎 県","y1976",0.97
45,"宮 崎 県","y1977",0.98
45,"宮 崎 県","y1978",0.98
45,"宮 崎 県","y1979",0.98
45,"宮 崎 県","y1980",0.98
45,"宮 崎 県","y1981",0.98
45,"宮 崎 県","y1982",0.98
45,"宮 崎 県","y1983",0.98
45,"宮 崎 県","y1984",0.98
45,"宮 崎 県","y1985",0.97
45,"宮 崎 県","y1986",0.97
45,"宮 崎 県","y1987",0.96
45,"宮 崎 県","y1988",0.96
45,"宮 崎 県","y1989",0.95
45,"宮 崎 県","y1990",0.95
45,"宮 崎 県","y1991",0.94
45,"宮 崎 県","y1992",0.94
45,"宮 崎 県","y1993",0.94
45,"宮 崎 県","y1994",0.94
45,"宮 崎 県","y1995",0.94
45,"宮 崎 県","y1996",0.93
45,"宮 崎 県","y1997",0.93
45,"宮 崎 県","y1998",0.93
45,"宮 崎 県","y1999",0.93
45,"宮 崎 県","y2000",0.92
46,"鹿児島県","y1920",2.53
46,"鹿児島県","y1921",2.52
46,"鹿児島県","y1922",2.5
46,"鹿児島県","y1923",2.5
46,"鹿児島県","y1924",2.48
46,"鹿児島県","y1925",2.46
46,"鹿児島県","y1926",2.45
46,"鹿児島県","y1927",2.44
46,"鹿児島県","y1928",2.42
46,"鹿児島県","y1929",2.42
46,"鹿児島県","y1930",2.42
46,"鹿児島県","y1931",2.4
46,"鹿児島県","y1932",2.37
46,"鹿児島県","y1933",2.34
46,"鹿児島県","y1934",2.31
46,"鹿児島県","y1935",2.3
46,"鹿児島県","y1936",2.26
46,"鹿児島県","y1937",2.23
46,"鹿児島県","y1938",2.19
46,"鹿児島県","y1939",2.16
46,"鹿児島県","y1940",2.16
46,"鹿児島県","y1941",2.16
46,"鹿児島県","y1942",2.15
46,"鹿児島県","y1943",2.16
46,"鹿児島県","y1944",2.18
46,"鹿児島県","y1945",2.14
46,"鹿児島県","y1946",2.23
46,"鹿児島県","y1947",2.24
46,"鹿児島県","y1948",2.23
46,"鹿児島県","y1949",2.21
46,"鹿児島県","y1950",2.17
46,"鹿児島県","y1951",2.12
46,"鹿児島県","y1952",2.1
46,"鹿児島県","y1953",2.07
46,"鹿児島県","y1954",2.29
46,"鹿児島県","y1955",2.29
46,"鹿児島県","y1956",2.26
46,"鹿児島県","y1957",2.22
46,"鹿児島県","y1958",2.18
46,"鹿児島県","y1959",2.15
46,"鹿児島県","y1960",2.1
46,"鹿児島県","y1961",2.06
46,"鹿児島県","y1962",2.01
46,"鹿児島県","y1963",1.97
46,"鹿児島県","y1964",1.93
46,"鹿児島県","y1965",1.89
46,"鹿児島県","y1966",1.85
46,"鹿児島県","y1967",1.82
46,"鹿児島県","y1968",1.77
46,"鹿児島県","y1969",1.72
46,"鹿児島県","y1970",1.67
46,"鹿児島県","y1971",1.63
46,"鹿児島県","y1972",1.58
46,"鹿児島県","y1973",1.57
46,"鹿児島県","y1974",1.55
46,"鹿児島県","y1975",1.54
46,"鹿児島県","y1976",1.53
46,"鹿児島県","y1977",1.53
46,"鹿児島県","y1978",1.53
46,"鹿児島県","y1979",1.53
46,"鹿児島県","y1980",1.52
46,"鹿児島県","y1981",1.52
46,"鹿児島県","y1982",1.52
46,"鹿児島県","y1983",1.51
46,"鹿児島県","y1984",1.51
46,"鹿児島県","y1985",1.5
46,"鹿児島県","y1986",1.49
46,"鹿児島県","y1987",1.49
46,"鹿児島県","y1988",1.48
46,"鹿児島県","y1989",1.47
46,"鹿児島県","y1990",1.45
46,"鹿児島県","y1991",1.44
46,"鹿児島県","y1992",1.44
46,"鹿児島県","y1993",1.43
46,"鹿児島県","y1994",1.43
46,"鹿児島県","y1995",1.43
46,"鹿児島県","y1996",1.42
46,"鹿児島県","y1997",1.42
46,"鹿児島県","y1998",1.42
46,"鹿児島県","y1999",1.41
46,"鹿児島県","y2000",1.41
47,"沖 縄 県","y1920",1.02
47,"沖 縄 県","y1921",1.01
47,"沖 縄 県","y1922",0.99
47,"沖 縄 県","y1923",0.98
47,"沖 縄 県","y1924",0.96
47,"沖 縄 県","y1925",0.93
47,"沖 縄 県","y1926",0.92
47,"沖 縄 県","y1927",0.92
47,"沖 縄 県","y1928",0.91
47,"沖 縄 県","y1929",0.9
47,"沖 縄 県","y1930",0.9
47,"沖 縄 県","y1931",0.88
47,"沖 縄 県","y1932",0.87
47,"沖 縄 県","y1933",0.87
47,"沖 縄 県","y1934",0.86
47,"沖 縄 県","y1935",0.86
47,"沖 縄 県","y1936",0.84
47,"沖 縄 県","y1937",0.82
47,"沖 縄 県","y1938",0.81
47,"沖 縄 県","y1939",0.8
47,"沖 縄 県","y1940",0.79
47,"沖 縄 県","y1941",0.79
47,"沖 縄 県","y1942",0.79
47,"沖 縄 県","y1943",0.8
47,"沖 縄 県","y1944",0.81
47,"沖 縄 県","y1945",NA
47,"沖 縄 県","y1946",NA
47,"沖 縄 県","y1947",NA
47,"沖 縄 県","y1948",NA
47,"沖 縄 県","y1949",NA
47,"沖 縄 県","y1950",NA
47,"沖 縄 県","y1951",NA
47,"沖 縄 県","y1952",NA
47,"沖 縄 県","y1953",NA
47,"沖 縄 県","y1954",NA
47,"沖 縄 県","y1955",NA
47,"沖 縄 県","y1956",NA
47,"沖 縄 県","y1957",NA
47,"沖 縄 県","y1958",NA
47,"沖 縄 県","y1959",NA
47,"沖 縄 県","y1960",NA
47,"沖 縄 県","y1961",NA
47,"沖 縄 県","y1962",NA
47,"沖 縄 県","y1963",NA
47,"沖 縄 県","y1964",NA
47,"沖 縄 県","y1965",NA
47,"沖 縄 県","y1966",NA
47,"沖 縄 県","y1967",NA
47,"沖 縄 県","y1968",NA
47,"沖 縄 県","y1969",NA
47,"沖 縄 県","y1970",NA
47,"沖 縄 県","y1971",NA
47,"沖 縄 県","y1972",0.9
47,"沖 縄 県","y1973",0.91
47,"沖 縄 県","y1974",0.92
47,"沖 縄 県","y1975",0.93
47,"沖 縄 県","y1976",0.94
47,"沖 縄 県","y1977",0.94
47,"沖 縄 県","y1978",0.94
47,"沖 縄 県","y1979",0.94
47,"沖 縄 県","y1980",0.95
47,"沖 縄 県","y1981",0.95
47,"沖 縄 県","y1982",0.95
47,"沖 縄 県","y1983",0.96
47,"沖 縄 県","y1984",0.97
47,"沖 縄 県","y1985",0.97
47,"沖 縄 県","y1986",0.98
47,"沖 縄 県","y1987",0.98
47,"沖 縄 県","y1988",0.98
47,"沖 縄 県","y1989",0.99
47,"沖 縄 県","y1990",0.99
47,"沖 縄 県","y1991",0.99
47,"沖 縄 県","y1992",0.99
47,"沖 縄 県","y1993",1
47,"沖 縄 県","y1994",1.01
47,"沖 縄 県","y1995",1.01
47,"沖 縄 県","y1996",1.02
47,"沖 縄 県","y1997",1.02
47,"沖 縄 県","y1998",1.03
47,"沖 縄 県","y1999",1.03
47,"沖 縄 県","y2000",1.04
1,"北 海 道","y2000",4.48
2,"北 海 道","y2001",4.46
3,"北 海 道","y2002",4.45
4,"北 海 道","y2003",4.43
5,"北 海 道","y2004",4.42
6,"北 海 道","y2005",4.4
7,"北 海 道","y2006",4.38
8,"北 海 道","y2007",4.36
9,"北 海 道","y2008",4.33
10,"北 海 道","y2009",4.31
11,"北 海 道","y2010",4.3
12,"北 海 道","y2011",4.29
13,"北 海 道","y2012",4.28
14,"北 海 道","y2013",4.27
15,"北 海 道","y2014",4.25
16,"北 海 道","y2015",4.23
17,"青 森 県","y2000",1.16
18,"青 森 県","y2001",1.16
19,"青 森 県","y2002",1.15
20,"青 森 県","y2003",1.14
21,"青 森 県","y2004",1.13
22,"青 森 県","y2005",1.12
23,"青 森 県","y2006",1.11
24,"青 森 県","y2007",1.1
25,"青 森 県","y2008",1.09
26,"青 森 県","y2009",1.08
27,"青 森 県","y2010",1.07
28,"青 森 県","y2011",1.07
29,"青 森 県","y2012",1.06
30,"青 森 県","y2013",1.05
31,"青 森 県","y2014",1.04
32,"青 森 県","y2015",1.03
33,"岩 手 県","y2000",1.12
34,"岩 手 県","y2001",1.11
35,"岩 手 県","y2002",1.1
36,"岩 手 県","y2003",1.1
37,"岩 手 県","y2004",1.09
38,"岩 手 県","y2005",1.08
39,"岩 手 県","y2006",1.08
40,"岩 手 県","y2007",1.07
41,"岩 手 県","y2008",1.06
42,"岩 手 県","y2009",1.05
43,"岩 手 県","y2010",1.04
44,"岩 手 県","y2011",1.03
45,"岩 手 県","y2012",1.02
46,"岩 手 県","y2013",1.02
47,"岩 手 県","y2014",1.01
48,"岩 手 県","y2015",1.01
49,"宮 城 県","y2000",1.86
50,"宮 城 県","y2001",1.86
51,"宮 城 県","y2002",1.86
52,"宮 城 県","y2003",1.86
53,"宮 城 県","y2004",1.85
54,"宮 城 県","y2005",1.85
55,"宮 城 県","y2006",1.84
56,"宮 城 県","y2007",1.84
57,"宮 城 県","y2008",1.83
58,"宮 城 県","y2009",1.83
59,"宮 城 県","y2010",1.83
60,"宮 城 県","y2011",1.82
61,"宮 城 県","y2012",1.83
62,"宮 城 県","y2013",1.83
63,"宮 城 県","y2014",1.84
64,"宮 城 県","y2015",1.84
65,"秋 田 県","y2000",0.94
66,"秋 田 県","y2001",0.93
67,"秋 田 県","y2002",0.92
68,"秋 田 県","y2003",0.91
69,"秋 田 県","y2004",0.9
70,"秋 田 県","y2005",0.9
71,"秋 田 県","y2006",0.89
72,"秋 田 県","y2007",0.88
73,"秋 田 県","y2008",0.87
74,"秋 田 県","y2009",0.86
75,"秋 田 県","y2010",0.85
76,"秋 田 県","y2011",0.84
77,"秋 田 県","y2012",0.83
78,"秋 田 県","y2013",0.82
79,"秋 田 県","y2014",0.81
80,"秋 田 県","y2015",0.81
81,"山 形 県","y2000",0.98
82,"山 形 県","y2001",0.97
83,"山 形 県","y2002",0.97
84,"山 形 県","y2003",0.96
85,"山 形 県","y2004",0.96
86,"山 形 県","y2005",0.95
87,"山 形 県","y2006",0.94
88,"山 形 県","y2007",0.94
89,"山 形 県","y2008",0.93
90,"山 形 県","y2009",0.92
91,"山 形 県","y2010",0.91
92,"山 形 県","y2011",0.91
93,"山 形 県","y2012",0.9
94,"山 形 県","y2013",0.9
95,"山 形 県","y2014",0.89
96,"山 形 県","y2015",0.88
97,"福 島 県","y2000",1.68
98,"福 島 県","y2001",1.67
99,"福 島 県","y2002",1.66
100,"福 島 県","y2003",1.65
101,"福 島 県","y2004",1.64
102,"福 島 県","y2005",1.64
103,"福 島 県","y2006",1.63
104,"福 島 県","y2007",1.61
105,"福 島 県","y2008",1.6
106,"福 島 県","y2009",1.59
107,"福 島 県","y2010",1.58
108,"福 島 県","y2011",1.55
109,"福 島 県","y2012",1.53
110,"福 島 県","y2013",1.52
111,"福 島 県","y2014",1.51
112,"福 島 県","y2015",1.51
113,"茨 城 県","y2000",2.35
114,"茨 城 県","y2001",2.35
115,"茨 城 県","y2002",2.34
116,"茨 城 県","y2003",2.34
117,"茨 城 県","y2004",2.33
118,"茨 城 県","y2005",2.33
119,"茨 城 県","y2006",2.33
120,"茨 城 県","y2007",2.32
121,"茨 城 県","y2008",2.32
122,"茨 城 県","y2009",2.32
123,"茨 城 県","y2010",2.32
124,"茨 城 県","y2011",2.32
125,"茨 城 県","y2012",2.31
126,"茨 城 県","y2013",2.31
127,"茨 城 県","y2014",2.3
128,"茨 城 県","y2015",2.3
129,"栃 木 県","y2000",1.58
130,"栃 木 県","y2001",1.58
131,"栃 木 県","y2002",1.58
132,"栃 木 県","y2003",1.58
133,"栃 木 県","y2004",1.58
134,"栃 木 県","y2005",1.58
135,"栃 木 県","y2006",1.58
136,"栃 木 県","y2007",1.57
137,"栃 木 県","y2008",1.57
138,"栃 木 県","y2009",1.57
139,"栃 木 県","y2010",1.57
140,"栃 木 県","y2011",1.56
141,"栃 木 県","y2012",1.56
142,"栃 木 県","y2013",1.56
143,"栃 木 県","y2014",1.56
144,"栃 木 県","y2015",1.55
145,"群 馬 県","y2000",1.6
146,"群 馬 県","y2001",1.59
147,"群 馬 県","y2002",1.59
148,"群 馬 県","y2003",1.59
149,"群 馬 県","y2004",1.59
150,"群 馬 県","y2005",1.58
151,"群 馬 県","y2006",1.58
152,"群 馬 県","y2007",1.58
153,"群 馬 県","y2008",1.57
154,"群 馬 県","y2009",1.57
155,"群 馬 県","y2010",1.57
156,"群 馬 県","y2011",1.57
157,"群 馬 県","y2012",1.56
158,"群 馬 県","y2013",1.56
159,"群 馬 県","y2014",1.56
160,"群 馬 県","y2015",1.55
161,"埼 玉 県","y2000",5.47
162,"埼 玉 県","y2001",5.48
163,"埼 玉 県","y2002",5.49
164,"埼 玉 県","y2003",5.5
165,"埼 玉 県","y2004",5.51
166,"埼 玉 県","y2005",5.52
167,"埼 玉 県","y2006",5.53
168,"埼 玉 県","y2007",5.55
169,"埼 玉 県","y2008",5.57
170,"埼 玉 県","y2009",5.59
171,"埼 玉 県","y2010",5.62
172,"埼 玉 県","y2011",5.64
173,"埼 玉 県","y2012",5.66
174,"埼 玉 県","y2013",5.67
175,"埼 玉 県","y2014",5.7
176,"埼 玉 県","y2015",5.72
177,"千 葉 県","y2000",4.67
178,"千 葉 県","y2001",4.69
179,"千 葉 県","y2002",4.7
180,"千 葉 県","y2003",4.72
181,"千 葉 県","y2004",4.73
182,"千 葉 県","y2005",4.74
183,"千 葉 県","y2006",4.76
184,"千 葉 県","y2007",4.78
185,"千 葉 県","y2008",4.8
186,"千 葉 県","y2009",4.83
187,"千 葉 県","y2010",4.85
188,"千 葉 県","y2011",4.86
189,"千 葉 県","y2012",4.86
190,"千 葉 県","y2013",4.87
191,"千 葉 県","y2014",4.88
192,"千 葉 県","y2015",4.9
193,"東 京 都","y2000",9.5
194,"東 京 都","y2001",9.55
195,"東 京 都","y2002",9.63
196,"東 京 都","y2003",9.7
197,"東 京 都","y2004",9.77
198,"東 京 都","y2005",9.84
199,"東 京 都","y2006",9.93
200,"東 京 都","y2007",10.04
201,"東 京 都","y2008",10.13
202,"東 京 都","y2009",10.19
203,"東 京 都","y2010",10.28
204,"東 京 都","y2011",10.32
205,"東 京 都","y2012",10.37
206,"東 京 都","y2013",10.44
207,"東 京 都","y2014",10.53
208,"東 京 都","y2015",10.63
209,"神奈川県","y2000",6.69
210,"神奈川県","y2001",6.74
211,"神奈川県","y2002",6.77
212,"神奈川県","y2003",6.81
213,"神奈川県","y2004",6.85
214,"神奈川県","y2005",6.88
215,"神奈川県","y2006",6.92
216,"神奈川県","y2007",6.96
217,"神奈川県","y2008",7
218,"神奈川県","y2009",7.03
219,"神奈川県","y2010",7.07
220,"神奈川県","y2011",7.09
221,"神奈川県","y2012",7.11
222,"神奈川県","y2013",7.13
223,"神奈川県","y2014",7.15
224,"神奈川県","y2015",7.18
225,"新 潟 県","y2000",1.95
226,"新 潟 県","y2001",1.94
227,"新 潟 県","y2002",1.93
228,"新 潟 県","y2003",1.92
229,"新 潟 県","y2004",1.91
230,"新 潟 県","y2005",1.9
231,"新 潟 県","y2006",1.89
232,"新 潟 県","y2007",1.88
233,"新 潟 県","y2008",1.87
234,"新 潟 県","y2009",1.86
235,"新 潟 県","y2010",1.85
236,"新 潟 県","y2011",1.85
237,"新 潟 県","y2012",1.84
238,"新 潟 県","y2013",1.83
239,"新 潟 県","y2014",1.82
240,"新 潟 県","y2015",1.81
241,"富 山 県","y2000",0.88
242,"富 山 県","y2001",0.88
243,"富 山 県","y2002",0.88
244,"富 山 県","y2003",0.87
245,"富 山 県","y2004",0.87
246,"富 山 県","y2005",0.87
247,"富 山 県","y2006",0.87
248,"富 山 県","y2007",0.86
249,"富 山 県","y2008",0.86
250,"富 山 県","y2009",0.86
251,"富 山 県","y2010",0.85
252,"富 山 県","y2011",0.85
253,"富 山 県","y2012",0.85
254,"富 山 県","y2013",0.85
255,"富 山 県","y2014",0.84
256,"富 山 県","y2015",0.84
257,"石 川 県","y2000",0.93
258,"石 川 県","y2001",0.93
259,"石 川 県","y2002",0.93
260,"石 川 県","y2003",0.92
261,"石 川 県","y2004",0.92
262,"石 川 県","y2005",0.92
263,"石 川 県","y2006",0.92
264,"石 川 県","y2007",0.92
265,"石 川 県","y2008",0.92
266,"石 川 県","y2009",0.91
267,"石 川 県","y2010",0.91
268,"石 川 県","y2011",0.91
269,"石 川 県","y2012",0.91
270,"石 川 県","y2013",0.91
271,"石 川 県","y2014",0.91
272,"石 川 県","y2015",0.91
273,"福 井 県","y2000",0.65
274,"福 井 県","y2001",0.65
275,"福 井 県","y2002",0.65
276,"福 井 県","y2003",0.65
277,"福 井 県","y2004",0.65
278,"福 井 県","y2005",0.64
279,"福 井 県","y2006",0.64
280,"福 井 県","y2007",0.64
281,"福 井 県","y2008",0.64
282,"福 井 県","y2009",0.63
283,"福 井 県","y2010",0.63
284,"福 井 県","y2011",0.63
285,"福 井 県","y2012",0.63
286,"福 井 県","y2013",0.62
287,"福 井 県","y2014",0.62
288,"福 井 県","y2015",0.62
289,"山 梨 県","y2000",0.7
290,"山 梨 県","y2001",0.7
291,"山 梨 県","y2002",0.7
292,"山 梨 県","y2003",0.7
293,"山 梨 県","y2004",0.69
294,"山 梨 県","y2005",0.69
295,"山 梨 県","y2006",0.69
296,"山 梨 県","y2007",0.68
297,"山 梨 県","y2008",0.68
298,"山 梨 県","y2009",0.68
299,"山 梨 県","y2010",0.67
300,"山 梨 県","y2011",0.67
301,"山 梨 県","y2012",0.67
302,"山 梨 県","y2013",0.66
303,"山 梨 県","y2014",0.66
304,"山 梨 県","y2015",0.66
305,"長 野 県","y2000",1.75
306,"長 野 県","y2001",1.75
307,"長 野 県","y2002",1.74
308,"長 野 県","y2003",1.73
309,"長 野 県","y2004",1.73
310,"長 野 県","y2005",1.72
311,"長 野 県","y2006",1.71
312,"長 野 県","y2007",1.7
313,"長 野 県","y2008",1.7
314,"長 野 県","y2009",1.69
315,"長 野 県","y2010",1.68
316,"長 野 県","y2011",1.68
317,"長 野 県","y2012",1.67
318,"長 野 県","y2013",1.67
319,"長 野 県","y2014",1.66
320,"長 野 県","y2015",1.65
321,"岐 阜 県","y2000",1.66
322,"岐 阜 県","y2001",1.66
323,"岐 阜 県","y2002",1.65
324,"岐 阜 県","y2003",1.65
325,"岐 阜 県","y2004",1.65
326,"岐 阜 県","y2005",1.65
327,"岐 阜 県","y2006",1.65
328,"岐 阜 県","y2007",1.64
329,"岐 阜 県","y2008",1.64
330,"岐 阜 県","y2009",1.63
331,"岐 阜 県","y2010",1.62
332,"岐 阜 県","y2011",1.62
333,"岐 阜 県","y2012",1.62
334,"岐 阜 県","y2013",1.61
335,"岐 阜 県","y2014",1.61
336,"岐 阜 県","y2015",1.6
337,"静 岡 県","y2000",2.97
338,"静 岡 県","y2001",2.97
339,"静 岡 県","y2002",2.97
340,"静 岡 県","y2003",2.97
341,"静 岡 県","y2004",2.97
342,"静 岡 県","y2005",2.97
343,"静 岡 県","y2006",2.97
344,"静 岡 県","y2007",2.96
345,"静 岡 県","y2008",2.96
346,"静 岡 県","y2009",2.95
347,"静 岡 県","y2010",2.94
348,"静 岡 県","y2011",2.93
349,"静 岡 県","y2012",2.93
350,"静 岡 県","y2013",2.93
351,"静 岡 県","y2014",2.92
352,"静 岡 県","y2015",2.91
353,"愛 知 県","y2000",5.55
354,"愛 知 県","y2001",5.57
355,"愛 知 県","y2002",5.59
356,"愛 知 県","y2003",5.61
357,"愛 知 県","y2004",5.64
358,"愛 知 県","y2005",5.68
359,"愛 知 県","y2006",5.71
360,"愛 知 県","y2007",5.75
361,"愛 知 県","y2008",5.78
362,"愛 知 県","y2009",5.79
363,"愛 知 県","y2010",5.79
364,"愛 知 県","y2011",5.8
365,"愛 知 県","y2012",5.82
366,"愛 知 県","y2013",5.85
367,"愛 知 県","y2014",5.87
368,"愛 知 県","y2015",5.89
369,"三 重 県","y2000",1.46
370,"三 重 県","y2001",1.46
371,"三 重 県","y2002",1.46
372,"三 重 県","y2003",1.46
373,"三 重 県","y2004",1.46
374,"三 重 県","y2005",1.46
375,"三 重 県","y2006",1.46
376,"三 重 県","y2007",1.46
377,"三 重 県","y2008",1.46
378,"三 重 県","y2009",1.46
379,"三 重 県","y2010",1.45
380,"三 重 県","y2011",1.45
381,"三 重 県","y2012",1.44
382,"三 重 県","y2013",1.44
383,"三 重 県","y2014",1.43
384,"三 重 県","y2015",1.43
385,"滋 賀 県","y2000",1.06
386,"滋 賀 県","y2001",1.06
387,"滋 賀 県","y2002",1.07
388,"滋 賀 県","y2003",1.07
389,"滋 賀 県","y2004",1.08
390,"滋 賀 県","y2005",1.08
391,"滋 賀 県","y2006",1.09
392,"滋 賀 県","y2007",1.09
393,"滋 賀 県","y2008",1.1
394,"滋 賀 県","y2009",1.1
395,"滋 賀 県","y2010",1.1
396,"滋 賀 県","y2011",1.11
397,"滋 賀 県","y2012",1.11
398,"滋 賀 県","y2013",1.11
399,"滋 賀 県","y2014",1.11
400,"滋 賀 県","y2015",1.11
401,"京 都 府","y2000",2.08
402,"京 都 府","y2001",2.08
403,"京 都 府","y2002",2.08
404,"京 都 府","y2003",2.08
405,"京 都 府","y2004",2.07
406,"京 都 府","y2005",2.07
407,"京 都 府","y2006",2.07
408,"京 都 府","y2007",2.06
409,"京 都 府","y2008",2.06
410,"京 都 府","y2009",2.06
411,"京 都 府","y2010",2.06
412,"京 都 府","y2011",2.06
413,"京 都 府","y2012",2.06
414,"京 都 府","y2013",2.06
415,"京 都 府","y2014",2.06
416,"京 都 府","y2015",2.05
417,"大 阪 府","y2000",6.94
418,"大 阪 府","y2001",6.93
419,"大 阪 府","y2002",6.92
420,"大 阪 府","y2003",6.91
421,"大 阪 府","y2004",6.91
422,"大 阪 府","y2005",6.9
423,"大 阪 府","y2006",6.9
424,"大 阪 府","y2007",6.9
425,"大 阪 府","y2008",6.91
426,"大 阪 府","y2009",6.92
427,"大 阪 府","y2010",6.92
428,"大 阪 府","y2011",6.93
429,"大 阪 府","y2012",6.94
430,"大 阪 府","y2013",6.95
431,"大 阪 府","y2014",6.95
432,"大 阪 府","y2015",6.96
433,"兵 庫 県","y2000",4.37
434,"兵 庫 県","y2001",4.38
435,"兵 庫 県","y2002",4.38
436,"兵 庫 県","y2003",4.38
437,"兵 庫 県","y2004",4.38
438,"兵 庫 県","y2005",4.38
439,"兵 庫 県","y2006",4.37
440,"兵 庫 県","y2007",4.37
441,"兵 庫 県","y2008",4.37
442,"兵 庫 県","y2009",4.37
443,"兵 庫 県","y2010",4.36
444,"兵 庫 県","y2011",4.37
445,"兵 庫 県","y2012",4.37
446,"兵 庫 県","y2013",4.37
447,"兵 庫 県","y2014",4.36
448,"兵 庫 県","y2015",4.35
449,"奈 良 県","y2000",1.14
450,"奈 良 県","y2001",1.13
451,"奈 良 県","y2002",1.13
452,"奈 良 県","y2003",1.12
453,"奈 良 県","y2004",1.12
454,"奈 良 県","y2005",1.11
455,"奈 良 県","y2006",1.11
456,"奈 良 県","y2007",1.1
457,"奈 良 県","y2008",1.1
458,"奈 良 県","y2009",1.1
459,"奈 良 県","y2010",1.09
460,"奈 良 県","y2011",1.09
461,"奈 良 県","y2012",1.09
462,"奈 良 県","y2013",1.08
463,"奈 良 県","y2014",1.08
464,"奈 良 県","y2015",1.07
465,"和歌山県","y2000",0.84
466,"和歌山県","y2001",0.84
467,"和歌山県","y2002",0.83
468,"和歌山県","y2003",0.82
469,"和歌山県","y2004",0.82
470,"和歌山県","y2005",0.81
471,"和歌山県","y2006",0.8
472,"和歌山県","y2007",0.8
473,"和歌山県","y2008",0.79
474,"和歌山県","y2009",0.79
475,"和歌山県","y2010",0.78
476,"和歌山県","y2011",0.78
477,"和歌山県","y2012",0.77
478,"和歌山県","y2013",0.77
479,"和歌山県","y2014",0.76
480,"和歌山県","y2015",0.76
481,"鳥 取 県","y2000",0.48
482,"鳥 取 県","y2001",0.48
483,"鳥 取 県","y2002",0.48
484,"鳥 取 県","y2003",0.48
485,"鳥 取 県","y2004",0.48
486,"鳥 取 県","y2005",0.48
487,"鳥 取 県","y2006",0.47
488,"鳥 取 県","y2007",0.47
489,"鳥 取 県","y2008",0.47
490,"鳥 取 県","y2009",0.46
491,"鳥 取 県","y2010",0.46
492,"鳥 取 県","y2011",0.46
493,"鳥 取 県","y2012",0.46
494,"鳥 取 県","y2013",0.46
495,"鳥 取 県","y2014",0.45
496,"鳥 取 県","y2015",0.45
497,"島 根 県","y2000",0.6
498,"島 根 県","y2001",0.6
499,"島 根 県","y2002",0.59
500,"島 根 県","y2003",0.59
501,"島 根 県","y2004",0.58
502,"島 根 県","y2005",0.58
503,"島 根 県","y2006",0.58
504,"島 根 県","y2007",0.57
505,"島 根 県","y2008",0.57
506,"島 根 県","y2009",0.56
507,"島 根 県","y2010",0.56
508,"島 根 県","y2011",0.56
509,"島 根 県","y2012",0.55
510,"島 根 県","y2013",0.55
511,"島 根 県","y2014",0.55
512,"島 根 県","y2015",0.55
513,"岡 山 県","y2000",1.54
514,"岡 山 県","y2001",1.54
515,"岡 山 県","y2002",1.53
516,"岡 山 県","y2003",1.53
517,"岡 山 県","y2004",1.53
518,"岡 山 県","y2005",1.53
519,"岡 山 県","y2006",1.53
520,"岡 山 県","y2007",1.53
521,"岡 山 県","y2008",1.53
522,"岡 山 県","y2009",1.52
523,"岡 山 県","y2010",1.52
524,"岡 山 県","y2011",1.52
525,"岡 山 県","y2012",1.52
526,"岡 山 県","y2013",1.52
527,"岡 山 県","y2014",1.51
528,"岡 山 県","y2015",1.51
529,"広 島 県","y2000",2.27
530,"広 島 県","y2001",2.26
531,"広 島 県","y2002",2.26
532,"広 島 県","y2003",2.25
533,"広 島 県","y2004",2.25
534,"広 島 県","y2005",2.25
535,"広 島 県","y2006",2.25
536,"広 島 県","y2007",2.24
537,"広 島 県","y2008",2.24
538,"広 島 県","y2009",2.24
539,"広 島 県","y2010",2.23
540,"広 島 県","y2011",2.24
541,"広 島 県","y2012",2.24
542,"広 島 県","y2013",2.24
543,"広 島 県","y2014",2.24
544,"広 島 県","y2015",2.24
545,"山 口 県","y2000",1.2
546,"山 口 県","y2001",1.2
547,"山 口 県","y2002",1.19
548,"山 口 県","y2003",1.18
549,"山 口 県","y2004",1.18
550,"山 口 県","y2005",1.17
551,"山 口 県","y2006",1.16
552,"山 口 県","y2007",1.15
553,"山 口 県","y2008",1.14
554,"山 口 県","y2009",1.14
555,"山 口 県","y2010",1.13
556,"山 口 県","y2011",1.13
557,"山 口 県","y2012",1.12
558,"山 口 県","y2013",1.12
559,"山 口 県","y2014",1.11
560,"山 口 県","y2015",1.11
561,"徳 島 県","y2000",0.65
562,"徳 島 県","y2001",0.65
563,"徳 島 県","y2002",0.64
564,"徳 島 県","y2003",0.64
565,"徳 島 県","y2004",0.64
566,"徳 島 県","y2005",0.63
567,"徳 島 県","y2006",0.63
568,"徳 島 県","y2007",0.63
569,"徳 島 県","y2008",0.62
570,"徳 島 県","y2009",0.62
571,"徳 島 県","y2010",0.61
572,"徳 島 県","y2011",0.61
573,"徳 島 県","y2012",0.61
574,"徳 島 県","y2013",0.6
575,"徳 島 県","y2014",0.6
576,"徳 島 県","y2015",0.59
577,"香 川 県","y2000",0.81
578,"香 川 県","y2001",0.8
579,"香 川 県","y2002",0.8
580,"香 川 県","y2003",0.8
581,"香 川 県","y2004",0.79
582,"香 川 県","y2005",0.79
583,"香 川 県","y2006",0.79
584,"香 川 県","y2007",0.79
585,"香 川 県","y2008",0.78
586,"香 川 県","y2009",0.78
587,"香 川 県","y2010",0.78
588,"香 川 県","y2011",0.78
589,"香 川 県","y2012",0.77
590,"香 川 県","y2013",0.77
591,"香 川 県","y2014",0.77
592,"香 川 県","y2015",0.77
593,"愛 媛 県","y2000",1.18
594,"愛 媛 県","y2001",1.17
595,"愛 媛 県","y2002",1.16
596,"愛 媛 県","y2003",1.16
597,"愛 媛 県","y2004",1.15
598,"愛 媛 県","y2005",1.15
599,"愛 媛 県","y2006",1.14
600,"愛 媛 県","y2007",1.13
601,"愛 媛 県","y2008",1.13
602,"愛 媛 県","y2009",1.12
603,"愛 媛 県","y2010",1.12
604,"愛 媛 県","y2011",1.11
605,"愛 媛 県","y2012",1.11
606,"愛 媛 県","y2013",1.1
607,"愛 媛 県","y2014",1.1
608,"愛 媛 県","y2015",1.09
609,"高 知 県","y2000",0.64
610,"高 知 県","y2001",0.64
611,"高 知 県","y2002",0.64
612,"高 知 県","y2003",0.63
613,"高 知 県","y2004",0.63
614,"高 知 県","y2005",0.62
615,"高 知 県","y2006",0.62
616,"高 知 県","y2007",0.61
617,"高 知 県","y2008",0.61
618,"高 知 県","y2009",0.6
619,"高 知 県","y2010",0.6
620,"高 知 県","y2011",0.59
621,"高 知 県","y2012",0.59
622,"高 知 県","y2013",0.58
623,"高 知 県","y2014",0.58
624,"高 知 県","y2015",0.57
625,"福 岡 県","y2000",3.95
626,"福 岡 県","y2001",3.95
627,"福 岡 県","y2002",3.95
628,"福 岡 県","y2003",3.95
629,"福 岡 県","y2004",3.95
630,"福 岡 県","y2005",3.95
631,"福 岡 県","y2006",3.95
632,"福 岡 県","y2007",3.95
633,"福 岡 県","y2008",3.95
634,"福 岡 県","y2009",3.96
635,"福 岡 県","y2010",3.96
636,"福 岡 県","y2011",3.97
637,"福 岡 県","y2012",3.99
638,"福 岡 県","y2013",4
639,"福 岡 県","y2014",4.01
640,"福 岡 県","y2015",4.01
641,"佐 賀 県","y2000",0.69
642,"佐 賀 県","y2001",0.69
643,"佐 賀 県","y2002",0.69
644,"佐 賀 県","y2003",0.68
645,"佐 賀 県","y2004",0.68
646,"佐 賀 県","y2005",0.68
647,"佐 賀 県","y2006",0.67
648,"佐 賀 県","y2007",0.67
649,"佐 賀 県","y2008",0.67
650,"佐 賀 県","y2009",0.67
651,"佐 賀 県","y2010",0.66
652,"佐 賀 県","y2011",0.66
653,"佐 賀 県","y2012",0.66
654,"佐 賀 県","y2013",0.66
655,"佐 賀 県","y2014",0.66
656,"佐 賀 県","y2015",0.66
657,"長 崎 県","y2000",1.19
658,"長 崎 県","y2001",1.19
659,"長 崎 県","y2002",1.18
660,"長 崎 県","y2003",1.17
661,"長 崎 県","y2004",1.17
662,"長 崎 県","y2005",1.16
663,"長 崎 県","y2006",1.15
664,"長 崎 県","y2007",1.14
665,"長 崎 県","y2008",1.13
666,"長 崎 県","y2009",1.12
667,"長 崎 県","y2010",1.11
668,"長 崎 県","y2011",1.11
669,"長 崎 県","y2012",1.1
670,"長 崎 県","y2013",1.1
671,"長 崎 県","y2014",1.09
672,"長 崎 県","y2015",1.08
673,"熊 本 県","y2000",1.46
674,"熊 本 県","y2001",1.46
675,"熊 本 県","y2002",1.46
676,"熊 本 県","y2003",1.45
677,"熊 本 県","y2004",1.45
678,"熊 本 県","y2005",1.44
679,"熊 本 県","y2006",1.44
680,"熊 本 県","y2007",1.43
681,"熊 本 県","y2008",1.43
682,"熊 本 県","y2009",1.42
683,"熊 本 県","y2010",1.42
684,"熊 本 県","y2011",1.42
685,"熊 本 県","y2012",1.42
686,"熊 本 県","y2013",1.41
687,"熊 本 県","y2014",1.41
688,"熊 本 県","y2015",1.41
689,"大 分 県","y2000",0.96
690,"大 分 県","y2001",0.96
691,"大 分 県","y2002",0.96
692,"大 分 県","y2003",0.95
693,"大 分 県","y2004",0.95
694,"大 分 県","y2005",0.95
695,"大 分 県","y2006",0.94
696,"大 分 県","y2007",0.94
697,"大 分 県","y2008",0.94
698,"大 分 県","y2009",0.94
699,"大 分 県","y2010",0.93
700,"大 分 県","y2011",0.93
701,"大 分 県","y2012",0.93
702,"大 分 県","y2013",0.93
703,"大 分 県","y2014",0.92
704,"大 分 県","y2015",0.92
705,"宮 崎 県","y2000",0.92
706,"宮 崎 県","y2001",0.92
707,"宮 崎 県","y2002",0.91
708,"宮 崎 県","y2003",0.91
709,"宮 崎 県","y2004",0.91
710,"宮 崎 県","y2005",0.9
711,"宮 崎 県","y2006",0.9
712,"宮 崎 県","y2007",0.89
713,"宮 崎 県","y2008",0.89
714,"宮 崎 県","y2009",0.89
715,"宮 崎 県","y2010",0.89
716,"宮 崎 県","y2011",0.88
717,"宮 崎 県","y2012",0.88
718,"宮 崎 県","y2013",0.88
719,"宮 崎 県","y2014",0.87
720,"宮 崎 県","y2015",0.87
721,"鹿児島県","y2000",1.41
722,"鹿児島県","y2001",1.4
723,"鹿児島県","y2002",1.39
724,"鹿児島県","y2003",1.39
725,"鹿児島県","y2004",1.38
726,"鹿児島県","y2005",1.37
727,"鹿児島県","y2006",1.36
728,"鹿児島県","y2007",1.35
729,"鹿児島県","y2008",1.34
730,"鹿児島県","y2009",1.34
731,"鹿児島県","y2010",1.33
732,"鹿児島県","y2011",1.33
733,"鹿児島県","y2012",1.32
734,"鹿児島県","y2013",1.31
735,"鹿児島県","y2014",1.31
736,"鹿児島県","y2015",1.3
737,"沖 縄 県","y2000",1.04
738,"沖 縄 県","y2001",1.04
739,"沖 縄 県","y2002",1.05
740,"沖 縄 県","y2003",1.05
741,"沖 縄 県","y2004",1.06
742,"沖 縄 県","y2005",1.07
743,"沖 縄 県","y2006",1.07
744,"沖 縄 県","y2007",1.07
745,"沖 縄 県","y2008",1.08
746,"沖 縄 県","y2009",1.08
747,"沖 縄 県","y2010",1.09
748,"沖 縄 県","y2011",1.1
749,"沖 縄 県","y2012",1.11
750,"沖 縄 県","y2013",1.11
751,"沖 縄 県","y2014",1.12
752,"沖 縄 県","y2015",1.13
753,"北 海 道","y2016",4.21
754,"北 海 道","y2017",4.2
755,"北 海 道","y2018",4.18
756,"北 海 道","y2019",4.16
757,"北 海 道","y2020",4.14
758,"青 森 県","y2016",1.02
759,"青 森 県","y2017",1.01
760,"青 森 県","y2018",1
761,"青 森 県","y2019",0.99
762,"青 森 県","y2020",0.98
763,"岩 手 県","y2016",1
764,"岩 手 県","y2017",0.99
765,"岩 手 県","y2018",0.98
766,"岩 手 県","y2019",0.97
767,"岩 手 県","y2020",0.96
768,"宮 城 県","y2016",1.84
769,"宮 城 県","y2017",1.83
770,"宮 城 県","y2018",1.83
771,"宮 城 県","y2019",1.83
772,"宮 城 県","y2020",1.82
773,"秋 田 県","y2016",0.8
774,"秋 田 県","y2017",0.79
775,"秋 田 県","y2018",0.78
776,"秋 田 県","y2019",0.77
777,"秋 田 県","y2020",0.76
778,"山 形 県","y2016",0.88
779,"山 形 県","y2017",0.87
780,"山 形 県","y2018",0.86
781,"山 形 県","y2019",0.85
782,"山 形 県","y2020",0.85
783,"福 島 県","y2016",1.5
784,"福 島 県","y2017",1.49
785,"福 島 県","y2018",1.47
786,"福 島 県","y2019",1.46
787,"福 島 県","y2020",1.45
788,"茨 城 県","y2016",2.29
789,"茨 城 県","y2017",2.29
790,"茨 城 県","y2018",2.28
791,"茨 城 県","y2019",2.27
792,"茨 城 県","y2020",2.27
793,"栃 木 県","y2016",1.55
794,"栃 木 県","y2017",1.55
795,"栃 木 県","y2018",1.54
796,"栃 木 県","y2019",1.54
797,"栃 木 県","y2020",1.53
798,"群 馬 県","y2016",1.55
799,"群 馬 県","y2017",1.55
800,"群 馬 県","y2018",1.54
801,"群 馬 県","y2019",1.54
802,"群 馬 県","y2020",1.54
803,"埼 玉 県","y2016",5.74
804,"埼 玉 県","y2017",5.76
805,"埼 玉 県","y2018",5.78
806,"埼 玉 県","y2019",5.8
807,"埼 玉 県","y2020",5.82
808,"千 葉 県","y2016",4.91
809,"千 葉 県","y2017",4.93
810,"千 葉 県","y2018",4.95
811,"千 葉 県","y2019",4.96
812,"千 葉 県","y2020",4.98
813,"東 京 都","y2016",10.74
814,"東 京 都","y2017",10.85
815,"東 京 都","y2018",10.96
816,"東 京 都","y2019",11.07
817,"東 京 都","y2020",11.14
818,"神奈川県","y2016",7.2
819,"神奈川県","y2017",7.23
820,"神奈川県","y2018",7.26
821,"神奈川県","y2019",7.29
822,"神奈川県","y2020",7.32
823,"新 潟 県","y2016",1.8
824,"新 潟 県","y2017",1.79
825,"新 潟 県","y2018",1.77
826,"新 潟 県","y2019",1.76
827,"新 潟 県","y2020",1.75
828,"富 山 県","y2016",0.84
829,"富 山 県","y2017",0.83
830,"富 山 県","y2018",0.83
831,"富 山 県","y2019",0.82
832,"富 山 県","y2020",0.82
833,"石 川 県","y2016",0.91
834,"石 川 県","y2017",0.9
835,"石 川 県","y2018",0.9
836,"石 川 県","y2019",0.9
837,"石 川 県","y2020",0.9
838,"福 井 県","y2016",0.62
839,"福 井 県","y2017",0.61
840,"福 井 県","y2018",0.61
841,"福 井 県","y2019",0.61
842,"福 井 県","y2020",0.61
843,"山 梨 県","y2016",0.65
844,"山 梨 県","y2017",0.65
845,"山 梨 県","y2018",0.65
846,"山 梨 県","y2019",0.64
847,"山 梨 県","y2020",0.64
848,"長 野 県","y2016",1.65
849,"長 野 県","y2017",1.64
850,"長 野 県","y2018",1.64
851,"長 野 県","y2019",1.63
852,"長 野 県","y2020",1.62
853,"岐 阜 県","y2016",1.59
854,"岐 阜 県","y2017",1.58
855,"岐 阜 県","y2018",1.58
856,"岐 阜 県","y2019",1.57
857,"岐 阜 県","y2020",1.57
858,"静 岡 県","y2016",2.9
859,"静 岡 県","y2017",2.9
860,"静 岡 県","y2018",2.89
861,"静 岡 県","y2019",2.89
862,"静 岡 県","y2020",2.88
863,"愛 知 県","y2016",5.91
864,"愛 知 県","y2017",5.93
865,"愛 知 県","y2018",5.95
866,"愛 知 県","y2019",5.97
867,"愛 知 県","y2020",5.98
868,"三 重 県","y2016",1.42
869,"三 重 県","y2017",1.42
870,"三 重 県","y2018",1.41
871,"三 重 県","y2019",1.41
872,"三 重 県","y2020",1.4
873,"滋 賀 県","y2016",1.11
874,"滋 賀 県","y2017",1.11
875,"滋 賀 県","y2018",1.12
876,"滋 賀 県","y2019",1.12
877,"滋 賀 県","y2020",1.12
878,"京 都 府","y2016",2.05
879,"京 都 府","y2017",2.05
880,"京 都 府","y2018",2.05
881,"京 都 府","y2019",2.05
882,"京 都 府","y2020",2.04
883,"大 阪 府","y2016",6.96
884,"大 阪 府","y2017",6.97
885,"大 阪 府","y2018",6.97
886,"大 阪 府","y2019",6.99
887,"大 阪 府","y2020",7.01
888,"兵 庫 県","y2016",4.35
889,"兵 庫 県","y2017",4.35
890,"兵 庫 県","y2018",4.34
891,"兵 庫 県","y2019",4.34
892,"兵 庫 県","y2020",4.33
893,"奈 良 県","y2016",1.07
894,"奈 良 県","y2017",1.06
895,"奈 良 県","y2018",1.06
896,"奈 良 県","y2019",1.05
897,"奈 良 県","y2020",1.05
898,"和歌山県","y2016",0.75
899,"和歌山県","y2017",0.75
900,"和歌山県","y2018",0.74
901,"和歌山県","y2019",0.74
902,"和歌山県","y2020",0.73
903,"鳥 取 県","y2016",0.45
904,"鳥 取 県","y2017",0.45
905,"鳥 取 県","y2018",0.44
906,"鳥 取 県","y2019",0.44
907,"鳥 取 県","y2020",0.44
908,"島 根 県","y2016",0.54
909,"島 根 県","y2017",0.54
910,"島 根 県","y2018",0.54
911,"島 根 県","y2019",0.54
912,"島 根 県","y2020",0.53
913,"岡 山 県","y2016",1.51
914,"岡 山 県","y2017",1.51
915,"岡 山 県","y2018",1.5
916,"岡 山 県","y2019",1.5
917,"岡 山 県","y2020",1.5
918,"広 島 県","y2016",2.24
919,"広 島 県","y2017",2.23
920,"広 島 県","y2018",2.23
921,"広 島 県","y2019",2.22
922,"広 島 県","y2020",2.22
923,"山 口 県","y2016",1.1
924,"山 口 県","y2017",1.09
925,"山 口 県","y2018",1.08
926,"山 口 県","y2019",1.07
927,"山 口 県","y2020",1.06
928,"徳 島 県","y2016",0.59
929,"徳 島 県","y2017",0.59
930,"徳 島 県","y2018",0.58
931,"徳 島 県","y2019",0.58
932,"徳 島 県","y2020",0.57
933,"香 川 県","y2016",0.77
934,"香 川 県","y2017",0.76
935,"香 川 県","y2018",0.76
936,"香 川 県","y2019",0.76
937,"香 川 県","y2020",0.75
938,"愛 媛 県","y2016",1.08
939,"愛 媛 県","y2017",1.08
940,"愛 媛 県","y2018",1.07
941,"愛 媛 県","y2019",1.06
942,"愛 媛 県","y2020",1.06
943,"高 知 県","y2016",0.57
944,"高 知 県","y2017",0.56
945,"高 知 県","y2018",0.56
946,"高 知 県","y2019",0.55
947,"高 知 県","y2020",0.55
948,"福 岡 県","y2016",4.02
949,"福 岡 県","y2017",4.04
950,"福 岡 県","y2018",4.05
951,"福 岡 県","y2019",4.06
952,"福 岡 県","y2020",4.07
953,"佐 賀 県","y2016",0.65
954,"佐 賀 県","y2017",0.65
955,"佐 賀 県","y2018",0.65
956,"佐 賀 県","y2019",0.65
957,"佐 賀 県","y2020",0.64
958,"長 崎 県","y2016",1.08
959,"長 崎 県","y2017",1.07
960,"長 崎 県","y2018",1.06
961,"長 崎 県","y2019",1.05
962,"長 崎 県","y2020",1.04
963,"熊 本 県","y2016",1.4
964,"熊 本 県","y2017",1.39
965,"熊 本 県","y2018",1.39
966,"熊 本 県","y2019",1.38
967,"熊 本 県","y2020",1.38
968,"大 分 県","y2016",0.91
969,"大 分 県","y2017",0.91
970,"大 分 県","y2018",0.9
971,"大 分 県","y2019",0.9
972,"大 分 県","y2020",0.89
973,"宮 崎 県","y2016",0.86
974,"宮 崎 県","y2017",0.86
975,"宮 崎 県","y2018",0.86
976,"宮 崎 県","y2019",0.85
977,"宮 崎 県","y2020",0.85
978,"鹿児島県","y2016",1.29
979,"鹿児島県","y2017",1.28
980,"鹿児島県","y2018",1.27
981,"鹿児島県","y2019",1.27
982,"鹿児島県","y2020",1.26
983,"沖 縄 県","y2016",1.13
984,"沖 縄 県","y2017",1.14
985,"沖 縄 県","y2018",1.15
986,"沖 縄 県","y2019",1.15
987,"沖 縄 県","y2020",1.16
