"prefectures","value","year","sex"
"北海道","1244",1920,"male"
"北海道","1115",1920,"female"
"北海道","111.6",1920,"ratio"
"北海道","1255.6",1921,"male"
"北海道","1130.3",1921,"female"
"北海道","111.1",1921,"ratio"
"北海道","1269.6",1922,"male"
"北海道","1147.2",1922,"female"
"北海道","110.7",1922,"ratio"
"北海道","1284",1923,"male"
"北海道","1164.8",1923,"female"
"北海道","110.2",1923,"ratio"
"北海道","1292.4",1924,"male"
"北海道","1175.9",1924,"female"
"北海道","109.9",1924,"ratio"
"北海道","1305",1925,"male"
"北海道","1193",1925,"female"
"北海道","109.4",1925,"ratio"
"北海道","1334.4",1926,"male"
"北海道","1221.6",1926,"female"
"北海道","109.2",1926,"ratio"
"北海道","1364",1927,"male"
"北海道","1248.1",1927,"female"
"北海道","109.3",1927,"ratio"
"北海道","1390.8",1928,"male"
"北海道","1276.2",1928,"female"
"北海道","109",1928,"ratio"
"北海道","1424.4",1929,"male"
"北海道","1305.1",1929,"female"
"北海道","109.1",1929,"ratio"
"北海道","1469",1930,"male"
"北海道","1344",1930,"female"
"北海道","109.3",1930,"ratio"
"北海道","1498",1931,"male"
"北海道","1371.2",1931,"female"
"北海道","109.2",1931,"ratio"
"北海道","1520.2",1932,"male"
"北海道","1395.7",1932,"female"
"北海道","108.9",1932,"ratio"
"北海道","1544.1",1933,"male"
"北海道","1421.4",1933,"female"
"北海道","108.6",1933,"ratio"
"北海道","1569.4",1934,"male"
"北海道","1445.5",1934,"female"
"北海道","108.6",1934,"ratio"
"北海道","1594",1935,"male"
"北海道","1474",1935,"female"
"北海道","108.1",1935,"ratio"
"北海道","1616.3",1936,"male"
"北海道","1497.9",1936,"female"
"北海道","107.9",1936,"ratio"
"北海道","1621.7",1937,"male"
"北海道","1522.6",1937,"female"
"北海道","106.5",1937,"ratio"
"北海道","1631.5",1938,"male"
"北海道","1544.7",1938,"female"
"北海道","105.6",1938,"ratio"
"北海道","1638.9",1939,"male"
"北海道","1566.4",1939,"female"
"北海道","104.6",1939,"ratio"
"北海道","1652",1940,"male"
"北海道","1577",1940,"female"
"北海道","104.8",1940,"ratio"
"北海道","1624.2",1941,"male"
"北海道","1601.4",1941,"female"
"北海道","101.4",1941,"ratio"
"北海道","1624.8",1942,"male"
"北海道","1633.4",1942,"female"
"北海道","99.5",1942,"ratio"
"北海道","1618.1",1943,"male"
"北海道","1638.9",1943,"female"
"北海道","98.7",1943,"ratio"
"北海道","1608",1944,"male"
"北海道","1648",1944,"female"
"北海道","97.6",1944,"ratio"
"北海道","1739",1945,"male"
"北海道","1780",1945,"female"
"北海道","97.7",1945,"ratio"
"北海道","1713",1946,"male"
"北海道","1775",1946,"female"
"北海道","96.5",1946,"ratio"
"北海道","1934",1947,"male"
"北海道","1919",1947,"female"
"北海道","100.8",1947,"ratio"
"北海道","2029.4",1948,"male"
"北海道","2000.3",1948,"female"
"北海道","101.5",1948,"ratio"
"北海道","2107.9",1949,"male"
"北海道","2069.7",1949,"female"
"北海道","101.8",1949,"ratio"
"北海道","2169",1950,"male"
"北海道","2126",1950,"female"
"北海道","102",1950,"ratio"
"北海道","2220",1951,"male"
"北海道","2175",1951,"female"
"北海道","102.1",1951,"ratio"
"北海道","2279",1952,"male"
"北海道","2227",1952,"female"
"北海道","102.4",1952,"ratio"
"北海道","2338",1953,"male"
"北海道","2270",1953,"female"
"北海道","103",1953,"ratio"
"北海道","2382",1954,"male"
"北海道","2308",1954,"female"
"北海道","103.2",1954,"ratio"
"北海道","2429",1955,"male"
"北海道","2344",1955,"female"
"北海道","103.6",1955,"ratio"
"北海道","2453",1956,"male"
"北海道","2378",1956,"female"
"北海道","103.1",1956,"ratio"
"北海道","2472",1957,"male"
"北海道","2407",1957,"female"
"北海道","102.7",1957,"ratio"
"北海道","2514",1958,"male"
"北海道","2436",1958,"female"
"北海道","103.2",1958,"ratio"
"北海道","2534",1959,"male"
"北海道","2468",1959,"female"
"北海道","102.7",1959,"ratio"
"北海道","2545",1960,"male"
"北海道","2494",1960,"female"
"北海道","102",1960,"ratio"
"北海道","2556",1961,"male"
"北海道","2517",1961,"female"
"北海道","101.5",1961,"ratio"
"北海道","2562",1962,"male"
"北海道","2537",1962,"female"
"北海道","101",1962,"ratio"
"北海道","2568",1963,"male"
"北海道","2552",1963,"female"
"北海道","100.7",1963,"ratio"
"北海道","2574",1964,"male"
"北海道","2569",1964,"female"
"北海道","100.2",1964,"ratio"
"北海道","2583",1965,"male"
"北海道","2589",1965,"female"
"北海道","99.8",1965,"ratio"
"北海道","2586",1966,"male"
"北海道","2601",1966,"female"
"北海道","99.4",1966,"ratio"
"北海道","2588",1967,"male"
"北海道","2617",1967,"female"
"北海道","98.9",1967,"ratio"
"北海道","2585",1968,"male"
"北海道","2628",1968,"female"
"北海道","98.4",1968,"ratio"
"北海道","2575",1969,"male"
"北海道","2635",1969,"female"
"北海道","97.8",1969,"ratio"
"北海道","2553",1970,"male"
"北海道","2631",1970,"female"
"北海道","97",1970,"ratio"
"北海道","2549",1971,"male"
"北海道","2637",1971,"female"
"北海道","96.7",1971,"ratio"
"北海道","2556",1972,"male"
"北海道","2649",1972,"female"
"北海道","96.5",1972,"ratio"
"北海道","2570",1973,"male"
"北海道","2665",1973,"female"
"北海道","96.4",1973,"ratio"
"北海道","2593",1974,"male"
"北海道","2690",1974,"female"
"北海道","96.4",1974,"ratio"
"北海道","2621",1975,"male"
"北海道","2717",1975,"female"
"北海道","96.5",1975,"ratio"
"北海道","2650",1976,"male"
"北海道","2745",1976,"female"
"北海道","96.5",1976,"ratio"
"北海道","2673",1977,"male"
"北海道","2770",1977,"female"
"北海道","96.5",1977,"ratio"
"北海道","2695",1978,"male"
"北海道","2795",1978,"female"
"北海道","96.4",1978,"ratio"
"北海道","2717",1979,"male"
"北海道","2818",1979,"female"
"北海道","96.4",1979,"ratio"
"北海道","2737",1980,"male"
"北海道","2839",1980,"female"
"北海道","96.4",1980,"ratio"
"北海道","2748",1981,"male"
"北海道","2857",1981,"female"
"北海道","96.2",1981,"ratio"
"北海道","2757",1982,"male"
"北海道","2873",1982,"female"
"北海道","96",1982,"ratio"
"北海道","2766",1983,"male"
"北海道","2890",1983,"female"
"北海道","95.7",1983,"ratio"
"北海道","2769",1984,"male"
"北海道","2903",1984,"female"
"北海道","95.4",1984,"ratio"
"北海道","2766",1985,"male"
"北海道","2913",1985,"female"
"北海道","95",1985,"ratio"
"北海道","2757",1986,"male"
"北海道","2916",1986,"female"
"北海道","94.6",1986,"ratio"
"北海道","2745",1987,"male"
"北海道","2915",1987,"female"
"北海道","94.2",1987,"ratio"
"北海道","2737",1988,"male"
"北海道","2918",1988,"female"
"北海道","93.8",1988,"ratio"
"北海道","2730",1989,"male"
"北海道","2919",1989,"female"
"北海道","93.5",1989,"ratio"
"北海道","2723",1990,"male"
"北海道","2921",1990,"female"
"北海道","93.2",1990,"ratio"
"北海道","2723",1991,"male"
"北海道","2927",1991,"female"
"北海道","93",1991,"ratio"
"北海道","2726",1992,"male"
"北海道","2935",1992,"female"
"北海道","92.9",1992,"ratio"
"北海道","2728",1993,"male"
"北海道","2941",1993,"female"
"北海道","92.8",1993,"ratio"
"北海道","2732",1994,"male"
"北海道","2949",1994,"female"
"北海道","92.7",1994,"ratio"
"北海道","2737",1995,"male"
"北海道","2955",1995,"female"
"北海道","92.6",1995,"ratio"
"北海道","2738",1996,"male"
"北海道","2960",1996,"female"
"北海道","92.5",1996,"ratio"
"北海道","2736",1997,"male"
"北海道","2962",1997,"female"
"北海道","92.4",1997,"ratio"
"北海道","2731",1998,"male"
"北海道","2964",1998,"female"
"北海道","92.1",1998,"ratio"
"北海道","2725",1999,"male"
"北海道","2964",1999,"female"
"北海道","92",1999,"ratio"
"北海道","2719",2000,"male"
"北海道","2964",2000,"female"
"北海道","91.8",2000,"ratio"
"青森県","381",1920,"male"
"青森県","375",1920,"female"
"青森県","101.6",1920,"ratio"
"青森県","386.4",1921,"male"
"青森県","381",1921,"female"
"青森県","101.4",1921,"ratio"
"青森県","390.5",1922,"male"
"青森県","384.7",1922,"female"
"青森県","101.5",1922,"ratio"
"青森県","394.7",1923,"male"
"青森県","389.5",1923,"female"
"青森県","101.3",1923,"ratio"
"青森県","398.5",1924,"male"
"青森県","393.6",1924,"female"
"青森県","101.2",1924,"ratio"
"青森県","409",1925,"male"
"青森県","404",1925,"female"
"青森県","101.1",1925,"ratio"
"青森県","414.7",1926,"male"
"青森県","410.5",1926,"female"
"青森県","101",1926,"ratio"
"青森県","421.7",1927,"male"
"青森県","414.7",1927,"female"
"青森県","101.7",1927,"ratio"
"青森県","425.3",1928,"male"
"青森県","422.2",1928,"female"
"青森県","100.7",1928,"ratio"
"青森県","432",1929,"male"
"青森県","428.9",1929,"female"
"青森県","100.7",1929,"ratio"
"青森県","441",1930,"male"
"青森県","438",1930,"female"
"青森県","100.7",1930,"ratio"
"青森県","450.7",1931,"male"
"青森県","447.1",1931,"female"
"青森県","100.8",1931,"ratio"
"青森県","457.5",1932,"male"
"青森県","454.7",1932,"female"
"青森県","100.6",1932,"ratio"
"青森県","467",1933,"male"
"青森県","464.4",1933,"female"
"青森県","100.6",1933,"ratio"
"青森県","475.7",1934,"male"
"青森県","473.2",1934,"female"
"青森県","100.5",1934,"ratio"
"青森県","484",1935,"male"
"青森県","483",1935,"female"
"青森県","100.3",1935,"ratio"
"青森県","484.2",1936,"male"
"青森県","487.9",1936,"female"
"青森県","99.2",1936,"ratio"
"青森県","484.6",1937,"male"
"青森県","494.5",1937,"female"
"青森県","98",1937,"ratio"
"青森県","490.9",1938,"male"
"青森県","503.7",1938,"female"
"青森県","97.5",1938,"ratio"
"青森県","483.2",1939,"male"
"青森県","500.9",1939,"female"
"青森県","96.5",1939,"ratio"
"青森県","481",1940,"male"
"青森県","504",1940,"female"
"青森県","95.5",1940,"ratio"
"青森県","473.3",1941,"male"
"青森県","510.5",1941,"female"
"青森県","92.7",1941,"ratio"
"青森県","477.7",1942,"male"
"青森県","519.9",1942,"female"
"青森県","91.9",1942,"ratio"
"青森県","479.3",1943,"male"
"青森県","529.3",1943,"female"
"青森県","90.6",1943,"ratio"
"青森県","476",1944,"male"
"青森県","533",1944,"female"
"青森県","89.3",1944,"ratio"
"青森県","512",1945,"male"
"青森県","571",1945,"female"
"青森県","89.6",1945,"ratio"
"青森県","521",1946,"male"
"青森県","568",1946,"female"
"青森県","91.7",1946,"ratio"
"青森県","580",1947,"male"
"青森県","601",1947,"female"
"青森県","96.5",1947,"ratio"
"青森県","601.7",1948,"male"
"青森県","618.4",1948,"female"
"青森県","97.3",1948,"ratio"
"青森県","619.5",1949,"male"
"青森県","634",1949,"female"
"青森県","97.7",1949,"ratio"
"青森県","636",1950,"male"
"青森県","647",1950,"female"
"青森県","98.2",1950,"ratio"
"青森県","643",1951,"male"
"青森県","660",1951,"female"
"青森県","97.4",1951,"ratio"
"青森県","653",1952,"male"
"青森県","671",1952,"female"
"青森県","97.4",1952,"ratio"
"青森県","662",1953,"male"
"青森県","682",1953,"female"
"青森県","97",1953,"ratio"
"青森県","670",1954,"male"
"青森県","693",1954,"female"
"青森県","96.7",1954,"ratio"
"青森県","679",1955,"male"
"青森県","704",1955,"female"
"青森県","96.5",1955,"ratio"
"青森県","684",1956,"male"
"青森県","712",1956,"female"
"青森県","96.1",1956,"ratio"
"青森県","689",1957,"male"
"青森県","717",1957,"female"
"青森県","96.2",1957,"ratio"
"青森県","693",1958,"male"
"青森県","722",1958,"female"
"青森県","96",1958,"ratio"
"青森県","696",1959,"male"
"青森県","729",1959,"female"
"青森県","95.4",1959,"ratio"
"青森県","694",1960,"male"
"青森県","733",1960,"female"
"青森県","94.7",1960,"ratio"
"青森県","692",1961,"male"
"青森県","735",1961,"female"
"青森県","94.1",1961,"ratio"
"青森県","687",1962,"male"
"青森県","734",1962,"female"
"青森県","93.5",1962,"ratio"
"青森県","685",1963,"male"
"青森県","734",1963,"female"
"青森県","93.3",1963,"ratio"
"青森県","684",1964,"male"
"青森県","735",1964,"female"
"青森県","93",1964,"ratio"
"青森県","683",1965,"male"
"青森県","734",1965,"female"
"青森県","93.1",1965,"ratio"
"青森県","684",1966,"male"
"青森県","734",1966,"female"
"青森県","93.2",1966,"ratio"
"青森県","686",1967,"male"
"青森県","737",1967,"female"
"青森県","93.1",1967,"ratio"
"青森県","687",1968,"male"
"青森県","739",1968,"female"
"青森県","92.9",1968,"ratio"
"青森県","688",1969,"male"
"青森県","742",1969,"female"
"青森県","92.7",1969,"ratio"
"青森県","685",1970,"male"
"青森県","742",1970,"female"
"青森県","92.4",1970,"ratio"
"青森県","686",1971,"male"
"青森県","743",1971,"female"
"青森県","92.2",1971,"ratio"
"青森県","689",1972,"male"
"青森県","747",1972,"female"
"青森県","92.3",1972,"ratio"
"青森県","694",1973,"male"
"青森県","751",1973,"female"
"青森県","92.4",1973,"ratio"
"青森県","699",1974,"male"
"青森県","755",1974,"female"
"青森県","92.5",1974,"ratio"
"青森県","707",1975,"male"
"青森県","761",1975,"female"
"青森県","92.9",1975,"ratio"
"青森県","715",1976,"male"
"青森県","768",1976,"female"
"青森県","93.1",1976,"ratio"
"青森県","722",1977,"male"
"青森県","774",1977,"female"
"青森県","93.3",1977,"ratio"
"青森県","728",1978,"male"
"青森県","779",1978,"female"
"青森県","93.4",1978,"ratio"
"青森県","732",1979,"male"
"青森県","784",1979,"female"
"青森県","93.4",1979,"ratio"
"青森県","735",1980,"male"
"青森県","788",1980,"female"
"青森県","93.3",1980,"ratio"
"青森県","736",1981,"male"
"青森県","790",1981,"female"
"青森県","93.1",1981,"ratio"
"青森県","736",1982,"male"
"青森県","792",1982,"female"
"青森県","92.9",1982,"ratio"
"青森県","735",1983,"male"
"青森県","793",1983,"female"
"青森県","92.7",1983,"ratio"
"青森県","733",1984,"male"
"青森県","793",1984,"female"
"青森県","92.5",1984,"ratio"
"青森県","731",1985,"male"
"青森県","793",1985,"female"
"青森県","92.2",1985,"ratio"
"青森県","727",1986,"male"
"青森県","791",1986,"female"
"青森県","91.9",1986,"ratio"
"青森県","722",1987,"male"
"青森県","789",1987,"female"
"青森県","91.5",1987,"ratio"
"青森県","717",1988,"male"
"青森県","785",1988,"female"
"青森県","91.3",1988,"ratio"
"青森県","711",1989,"male"
"青森県","782",1989,"female"
"青森県","90.9",1989,"ratio"
"青森県","705",1990,"male"
"青森県","778",1990,"female"
"青森県","90.6",1990,"ratio"
"青森県","702",1991,"male"
"青森県","777",1991,"female"
"青森県","90.4",1991,"ratio"
"青森県","701",1992,"male"
"青森県","776",1992,"female"
"青森県","90.3",1992,"ratio"
"青森県","701",1993,"male"
"青森県","776",1993,"female"
"青森県","90.4",1993,"ratio"
"青森県","703",1994,"male"
"青森県","776",1994,"female"
"青森県","90.5",1994,"ratio"
"青森県","704",1995,"male"
"青森県","777",1995,"female"
"青森県","90.6",1995,"ratio"
"青森県","705",1996,"male"
"青森県","778",1996,"female"
"青森県","90.7",1996,"ratio"
"青森県","705",1997,"male"
"青森県","776",1997,"female"
"青森県","90.8",1997,"ratio"
"青森県","704",1998,"male"
"青森県","776",1998,"female"
"青森県","90.7",1998,"ratio"
"青森県","703",1999,"male"
"青森県","774",1999,"female"
"青森県","90.8",1999,"ratio"
"青森県","703",2000,"male"
"青森県","773",2000,"female"
"青森県","90.9",2000,"ratio"
"岩手県","421",1920,"male"
"岩手県","424",1920,"female"
"岩手県","99.2",1920,"ratio"
"岩手県","426",1921,"male"
"岩手県","429.3",1921,"female"
"岩手県","99.2",1921,"ratio"
"岩手県","431.1",1922,"male"
"岩手県","434",1922,"female"
"岩手県","99.3",1922,"ratio"
"岩手県","439",1923,"male"
"岩手県","441.8",1923,"female"
"岩手県","99.4",1923,"ratio"
"岩手県","442.6",1924,"male"
"岩手県","445.6",1924,"female"
"岩手県","99.3",1924,"ratio"
"岩手県","449",1925,"male"
"岩手県","452",1925,"female"
"岩手県","99.2",1925,"ratio"
"岩手県","455.6",1926,"male"
"岩手県","459.1",1926,"female"
"岩手県","99.2",1926,"ratio"
"岩手県","462.8",1927,"male"
"岩手県","465.8",1927,"female"
"岩手県","99.4",1927,"ratio"
"岩手県","469.8",1928,"male"
"岩手県","472",1928,"female"
"岩手県","99.5",1928,"ratio"
"岩手県","477.3",1929,"male"
"岩手県","479.5",1929,"female"
"岩手県","99.5",1929,"ratio"
"岩手県","487",1930,"male"
"岩手県","489",1930,"female"
"岩手県","99.6",1930,"ratio"
"岩手県","493.1",1931,"male"
"岩手県","496.2",1931,"female"
"岩手県","99.4",1931,"ratio"
"岩手県","498.5",1932,"male"
"岩手県","503.1",1932,"female"
"岩手県","99.1",1932,"ratio"
"岩手県","503.9",1933,"male"
"岩手県","509.5",1933,"female"
"岩手県","98.9",1933,"ratio"
"岩手県","511.2",1934,"male"
"岩手県","516",1934,"female"
"岩手県","99.1",1934,"ratio"
"岩手県","519",1935,"male"
"岩手県","527",1935,"female"
"岩手県","98.6",1935,"ratio"
"岩手県","526.1",1936,"male"
"岩手県","533.9",1936,"female"
"岩手県","98.5",1936,"ratio"
"岩手県","526.4",1937,"male"
"岩手県","539.7",1937,"female"
"岩手県","97.5",1937,"ratio"
"岩手県","526.8",1938,"male"
"岩手県","544.2",1938,"female"
"岩手県","96.8",1938,"ratio"
"岩手県","525.1",1939,"male"
"岩手県","546.1",1939,"female"
"岩手県","96.2",1939,"ratio"
"岩手県","527",1940,"male"
"岩手県","551",1940,"female"
"岩手県","95.5",1940,"ratio"
"岩手県","515.1",1941,"male"
"岩手県","559.9",1941,"female"
"岩手県","92",1941,"ratio"
"岩手県","517.6",1942,"male"
"岩手県","569.4",1942,"female"
"岩手県","90.9",1942,"ratio"
"岩手県","521.2",1943,"male"
"岩手県","579",1943,"female"
"岩手県","90",1943,"ratio"
"岩手県","520",1944,"male"
"岩手県","584",1944,"female"
"岩手県","89.2",1944,"ratio"
"岩手県","580",1945,"male"
"岩手県","648",1945,"female"
"岩手県","89.5",1945,"ratio"
"岩手県","581",1946,"male"
"岩手県","636",1946,"female"
"岩手県","91.4",1946,"ratio"
"岩手県","614",1947,"male"
"岩手県","649",1947,"female"
"岩手県","94.7",1947,"ratio"
"岩手県","631.9",1948,"male"
"岩手県","672.1",1948,"female"
"岩手県","94",1948,"ratio"
"岩手県","648.8",1949,"male"
"岩手県","677.7",1949,"female"
"岩手県","95.7",1949,"ratio"
"岩手県","664",1950,"male"
"岩手県","683",1950,"female"
"岩手県","97.3",1950,"ratio"
"岩手県","673",1951,"male"
"岩手県","693",1951,"female"
"岩手県","97.1",1951,"ratio"
"岩手県","680",1952,"male"
"岩手県","703",1952,"female"
"岩手県","96.8",1952,"ratio"
"岩手県","687",1953,"male"
"岩手県","712",1953,"female"
"岩手県","96.5",1953,"ratio"
"岩手県","692",1954,"male"
"岩手県","720",1954,"female"
"岩手県","96.1",1954,"ratio"
"岩手県","699",1955,"male"
"岩手県","729",1955,"female"
"岩手県","95.9",1955,"ratio"
"岩手県","704",1956,"male"
"岩手県","733",1956,"female"
"岩手県","96",1956,"ratio"
"岩手県","702",1957,"male"
"岩手県","738",1957,"female"
"岩手県","95.1",1957,"ratio"
"岩手県","704",1958,"male"
"岩手県","742",1958,"female"
"岩手県","94.8",1958,"ratio"
"岩手県","704",1959,"male"
"岩手県","745",1959,"female"
"岩手県","94.5",1959,"ratio"
"岩手県","703",1960,"male"
"岩手県","746",1960,"female"
"岩手県","94.2",1960,"ratio"
"岩手県","699",1961,"male"
"岩手県","745",1961,"female"
"岩手県","93.8",1961,"ratio"
"岩手県","694",1962,"male"
"岩手県","744",1962,"female"
"岩手県","93.4",1962,"ratio"
"岩手県","690",1963,"male"
"岩手県","741",1963,"female"
"岩手県","93.1",1963,"ratio"
"岩手県","684",1964,"male"
"岩手県","736",1964,"female"
"岩手県","92.9",1964,"ratio"
"岩手県","679",1965,"male"
"岩手県","732",1965,"female"
"岩手県","92.9",1965,"ratio"
"岩手県","675",1966,"male"
"岩手県","727",1966,"female"
"岩手県","92.8",1966,"ratio"
"岩手県","671",1967,"male"
"岩手県","725",1967,"female"
"岩手県","92.7",1967,"ratio"
"岩手県","668",1968,"male"
"岩手県","722",1968,"female"
"岩手県","92.6",1968,"ratio"
"岩手県","664",1969,"male"
"岩手県","718",1969,"female"
"岩手県","92.5",1969,"ratio"
"岩手県","658",1970,"male"
"岩手県","713",1970,"female"
"岩手県","92.4",1970,"ratio"
"岩手県","656",1971,"male"
"岩手県","710",1971,"female"
"岩手県","92.3",1971,"ratio"
"岩手県","656",1972,"male"
"岩手県","710",1972,"female"
"岩手県","92.4",1972,"ratio"
"岩手県","658",1973,"male"
"岩手県","711",1973,"female"
"岩手県","92.6",1973,"ratio"
"岩手県","662",1974,"male"
"岩手県","713",1974,"female"
"岩手県","92.9",1974,"ratio"
"岩手県","668",1975,"male"
"岩手県","717",1975,"female"
"岩手県","93.1",1975,"ratio"
"岩手県","674",1976,"male"
"岩手県","721",1976,"female"
"岩手県","93.5",1976,"ratio"
"岩手県","677",1977,"male"
"岩手県","724",1977,"female"
"岩手県","93.5",1977,"ratio"
"岩手県","682",1978,"male"
"岩手県","727",1978,"female"
"岩手県","93.7",1978,"ratio"
"岩手県","685",1979,"male"
"岩手県","730",1979,"female"
"岩手県","93.8",1979,"ratio"
"岩手県","688",1980,"male"
"岩手県","733",1980,"female"
"岩手県","93.9",1980,"ratio"
"岩手県","690",1981,"male"
"岩手県","736",1981,"female"
"岩手県","93.8",1981,"ratio"
"岩手県","691",1982,"male"
"岩手県","738",1982,"female"
"岩手県","93.6",1982,"ratio"
"岩手県","692",1983,"male"
"岩手県","740",1983,"female"
"岩手県","93.5",1983,"ratio"
"岩手県","692",1984,"male"
"岩手県","741",1984,"female"
"岩手県","93.4",1984,"ratio"
"岩手県","692",1985,"male"
"岩手県","742",1985,"female"
"岩手県","93.2",1985,"ratio"
"岩手県","690",1986,"male"
"岩手県","741",1986,"female"
"岩手県","93",1986,"ratio"
"岩手県","687",1987,"male"
"岩手県","740",1987,"female"
"岩手県","92.8",1987,"ratio"
"岩手県","685",1988,"male"
"岩手県","739",1988,"female"
"岩手県","92.6",1988,"ratio"
"岩手県","682",1989,"male"
"岩手県","737",1989,"female"
"岩手県","92.5",1989,"ratio"
"岩手県","680",1990,"male"
"岩手県","737",1990,"female"
"岩手県","92.3",1990,"ratio"
"岩手県","680",1991,"male"
"岩手県","736",1991,"female"
"岩手県","92.4",1991,"ratio"
"岩手県","680",1992,"male"
"岩手県","736",1992,"female"
"岩手県","92.4",1992,"ratio"
"岩手県","681",1993,"male"
"岩手県","736",1993,"female"
"岩手県","92.5",1993,"ratio"
"岩手県","681",1994,"male"
"岩手県","737",1994,"female"
"岩手県","92.5",1994,"ratio"
"岩手県","682",1995,"male"
"岩手県","738",1995,"female"
"岩手県","92.5",1995,"ratio"
"岩手県","683",1996,"male"
"岩手県","738",1996,"female"
"岩手県","92.5",1996,"ratio"
"岩手県","683",1997,"male"
"岩手県","737",1997,"female"
"岩手県","92.6",1997,"ratio"
"岩手県","682",1998,"male"
"岩手県","737",1998,"female"
"岩手県","92.6",1998,"ratio"
"岩手県","681",1999,"male"
"岩手県","736",1999,"female"
"岩手県","92.6",1999,"ratio"
"岩手県","681",2000,"male"
"岩手県","735",2000,"female"
"岩手県","92.7",2000,"ratio"
"宮城県","485",1920,"male"
"宮城県","476",1920,"female"
"宮城県","101.9",1920,"ratio"
"宮城県","493.2",1921,"male"
"宮城県","484.8",1921,"female"
"宮城県","101.7",1921,"ratio"
"宮城県","500.1",1922,"male"
"宮城県","492",1922,"female"
"宮城県","101.6",1922,"ratio"
"宮城県","516.3",1923,"male"
"宮城県","506.3",1923,"female"
"宮城県","102",1923,"ratio"
"宮城県","522.4",1924,"male"
"宮城県","513.2",1924,"female"
"宮城県","101.8",1924,"ratio"
"宮城県","525",1925,"male"
"宮城県","519",1925,"female"
"宮城県","101.2",1925,"ratio"
"宮城県","535.4",1926,"male"
"宮城県","528.6",1926,"female"
"宮城県","101.3",1926,"ratio"
"宮城県","544.3",1927,"male"
"宮城県","537.2",1927,"female"
"宮城県","101.3",1927,"ratio"
"宮城県","553",1928,"male"
"宮城県","546.3",1928,"female"
"宮城県","101.2",1928,"ratio"
"宮城県","562.6",1929,"male"
"宮城県","555",1929,"female"
"宮城県","101.4",1929,"ratio"
"宮城県","575",1930,"male"
"宮城県","567",1930,"female"
"宮城県","101.4",1930,"ratio"
"宮城県","589.7",1931,"male"
"宮城県","580.2",1931,"female"
"宮城県","101.6",1931,"ratio"
"宮城県","602",1932,"male"
"宮城県","593.4",1932,"female"
"宮城県","101.4",1932,"ratio"
"宮城県","615.1",1933,"male"
"宮城県","607",1933,"female"
"宮城県","101.3",1933,"ratio"
"宮城県","621.1",1934,"male"
"宮城県","611.4",1934,"female"
"宮城県","101.6",1934,"ratio"
"宮城県","623",1935,"male"
"宮城県","612",1935,"female"
"宮城県","101.8",1935,"ratio"
"宮城県","638.1",1936,"male"
"宮城県","622.4",1936,"female"
"宮城県","102.5",1936,"ratio"
"宮城県","633.8",1937,"male"
"宮城県","627.2",1937,"female"
"宮城県","101.1",1937,"ratio"
"宮城県","611.8",1938,"male"
"宮城県","625",1938,"female"
"宮城県","97.9",1938,"ratio"
"宮城県","609.2",1939,"male"
"宮城県","626.7",1939,"female"
"宮城県","97.2",1939,"ratio"
"宮城県","613",1940,"male"
"宮城県","633",1940,"female"
"宮城県","96.8",1940,"ratio"
"宮城県","597.5",1941,"male"
"宮城県","642.5",1941,"female"
"宮城県","93",1941,"ratio"
"宮城県","597.3",1942,"male"
"宮城県","653.5",1942,"female"
"宮城県","91.4",1942,"ratio"
"宮城県","600.4",1943,"male"
"宮城県","666.2",1943,"female"
"宮城県","90.1",1943,"ratio"
"宮城県","602",1944,"male"
"宮城県","673",1944,"female"
"宮城県","89.4",1944,"ratio"
"宮城県","684",1945,"male"
"宮城県","778",1945,"female"
"宮城県","88",1945,"ratio"
"宮城県","694",1946,"male"
"宮城県","768",1946,"female"
"宮城県","90.4",1946,"ratio"
"宮城県","773",1947,"male"
"宮城県","794",1947,"female"
"宮城県","97.4",1947,"ratio"
"宮城県","794.5",1948,"male"
"宮城県","812.2",1948,"female"
"宮城県","97.8",1948,"ratio"
"宮城県","812.9",1949,"male"
"宮城県","822.1",1949,"female"
"宮城県","98.9",1949,"ratio"
"宮城県","829",1950,"male"
"宮城県","835",1950,"female"
"宮城県","99.3",1950,"ratio"
"宮城県","822",1951,"male"
"宮城県","845",1951,"female"
"宮城県","97.3",1951,"ratio"
"宮城県","827",1952,"male"
"宮城県","854",1952,"female"
"宮城県","96.8",1952,"ratio"
"宮城県","831",1953,"male"
"宮城県","862",1953,"female"
"宮城県","96.5",1953,"ratio"
"宮城県","837",1954,"male"
"宮城県","870",1954,"female"
"宮城県","96.2",1954,"ratio"
"宮城県","846",1955,"male"
"宮城県","881",1955,"female"
"宮城県","96.1",1955,"ratio"
"宮城県","853",1956,"male"
"宮城県","887",1956,"female"
"宮城県","96.2",1956,"ratio"
"宮城県","851",1957,"male"
"宮城県","888",1957,"female"
"宮城県","95.9",1957,"ratio"
"宮城県","852",1958,"male"
"宮城県","891",1958,"female"
"宮城県","95.5",1958,"ratio"
"宮城県","852",1959,"male"
"宮城県","894",1959,"female"
"宮城県","95.3",1959,"ratio"
"宮城県","849",1960,"male"
"宮城県","895",1960,"female"
"宮城県","94.9",1960,"ratio"
"宮城県","845",1961,"male"
"宮城県","895",1961,"female"
"宮城県","94.5",1961,"ratio"
"宮城県","842",1962,"male"
"宮城県","893",1962,"female"
"宮城県","94.2",1962,"ratio"
"宮城県","844",1963,"male"
"宮城県","894",1963,"female"
"宮城県","94.3",1963,"ratio"
"宮城県","849",1964,"male"
"宮城県","896",1964,"female"
"宮城県","94.7",1964,"ratio"
"宮城県","854",1965,"male"
"宮城県","899",1965,"female"
"宮城県","95",1965,"ratio"
"宮城県","858",1966,"male"
"宮城県","902",1966,"female"
"宮城県","95.1",1966,"ratio"
"宮城県","865",1967,"male"
"宮城県","909",1967,"female"
"宮城県","95.2",1967,"ratio"
"宮城県","873",1968,"male"
"宮城県","916",1968,"female"
"宮城県","95.3",1968,"ratio"
"宮城県","881",1969,"male"
"宮城県","923",1969,"female"
"宮城県","95.5",1969,"ratio"
"宮城県","889",1970,"male"
"宮城県","930",1970,"female"
"宮城県","95.6",1970,"ratio"
"宮城県","899",1971,"male"
"宮城県","940",1971,"female"
"宮城県","95.7",1971,"ratio"
"宮城県","911",1972,"male"
"宮城県","951",1972,"female"
"宮城県","95.8",1972,"ratio"
"宮城県","926",1973,"male"
"宮城県","964",1973,"female"
"宮城県","96",1973,"ratio"
"宮城県","943",1974,"male"
"宮城県","981",1974,"female"
"宮城県","96.2",1974,"ratio"
"宮城県","960",1975,"male"
"宮城県","995",1975,"female"
"宮城県","96.5",1975,"ratio"
"宮城県","975",1976,"male"
"宮城県","1008",1976,"female"
"宮城県","96.7",1976,"ratio"
"宮城県","988",1977,"male"
"宮城県","1020",1977,"female"
"宮城県","96.8",1977,"ratio"
"宮城県","1000",1978,"male"
"宮城県","1032",1978,"female"
"宮城県","96.9",1978,"ratio"
"宮城県","1013",1979,"male"
"宮城県","1045",1979,"female"
"宮城県","97",1979,"ratio"
"宮城県","1026",1980,"male"
"宮城県","1056",1980,"female"
"宮城県","97.1",1980,"ratio"
"宮城県","1037",1981,"male"
"宮城県","1067",1981,"female"
"宮城県","97.1",1981,"ratio"
"宮城県","1047",1982,"male"
"宮城県","1078",1982,"female"
"宮城県","97.2",1982,"ratio"
"宮城県","1057",1983,"male"
"宮城県","1088",1983,"female"
"宮城県","97.1",1983,"ratio"
"宮城県","1064",1984,"male"
"宮城県","1096",1984,"female"
"宮城県","97.1",1984,"ratio"
"宮城県","1072",1985,"male"
"宮城県","1105",1985,"female"
"宮城県","97",1985,"ratio"
"宮城県","1078",1986,"male"
"宮城県","1112",1986,"female"
"宮城県","97",1986,"ratio"
"宮城県","1086",1987,"male"
"宮城県","1120",1987,"female"
"宮城県","97",1987,"ratio"
"宮城県","1093",1988,"male"
"宮城県","1128",1988,"female"
"宮城県","96.9",1988,"ratio"
"宮城県","1100",1989,"male"
"宮城県","1136",1989,"female"
"宮城県","96.8",1989,"ratio"
"宮城県","1105",1990,"male"
"宮城県","1143",1990,"female"
"宮城県","96.6",1990,"ratio"
"宮城県","1114",1991,"male"
"宮城県","1153",1991,"female"
"宮城県","96.6",1991,"ratio"
"宮城県","1122",1992,"male"
"宮城県","1161",1992,"female"
"宮城県","96.6",1992,"ratio"
"宮城県","1130",1993,"male"
"宮城県","1169",1993,"female"
"宮城県","96.7",1993,"ratio"
"宮城県","1137",1994,"male"
"宮城県","1176",1994,"female"
"宮城県","96.6",1994,"ratio"
"宮城県","1145",1995,"male"
"宮城県","1184",1995,"female"
"宮城県","96.7",1995,"ratio"
"宮城県","1148",1996,"male"
"宮城県","1190",1996,"female"
"宮城県","96.5",1996,"ratio"
"宮城県","1153",1997,"male"
"宮城県","1195",1997,"female"
"宮城県","96.4",1997,"ratio"
"宮城県","1155",1998,"male"
"宮城県","1200",1998,"female"
"宮城県","96.3",1998,"ratio"
"宮城県","1157",1999,"male"
"宮城県","1203",1999,"female"
"宮城県","96.1",1999,"ratio"
"宮城県","1159",2000,"male"
"宮城県","1207",2000,"female"
"宮城県","96",2000,"ratio"
"秋田県","454",1920,"male"
"秋田県","445",1920,"female"
"秋田県","102",1920,"ratio"
"秋田県","456.3",1921,"male"
"秋田県","448.2",1921,"female"
"秋田県","101.8",1921,"ratio"
"秋田県","471.3",1922,"male"
"秋田県","460.6",1922,"female"
"秋田県","102.3",1922,"ratio"
"秋田県","474.9",1923,"male"
"秋田県","465.2",1923,"female"
"秋田県","102.1",1923,"ratio"
"秋田県","466.5",1924,"male"
"秋田県","460.2",1924,"female"
"秋田県","101.4",1924,"ratio"
"秋田県","471",1925,"male"
"秋田県","466",1925,"female"
"秋田県","101.1",1925,"ratio"
"秋田県","470.7",1926,"male"
"秋田県","466.8",1926,"female"
"秋田県","100.8",1926,"ratio"
"秋田県","474.5",1927,"male"
"秋田県","472.6",1927,"female"
"秋田県","100.4",1927,"ratio"
"秋田県","480",1928,"male"
"秋田県","477.1",1928,"female"
"秋田県","100.6",1928,"ratio"
"秋田県","484.5",1929,"male"
"秋田県","481.8",1929,"female"
"秋田県","100.6",1929,"ratio"
"秋田県","495",1930,"male"
"秋田県","493",1930,"female"
"秋田県","100.5",1930,"ratio"
"秋田県","503.7",1931,"male"
"秋田県","500.9",1931,"female"
"秋田県","100.6",1931,"ratio"
"秋田県","508.7",1932,"male"
"秋田県","506.7",1932,"female"
"秋田県","100.4",1932,"ratio"
"秋田県","513.4",1933,"male"
"秋田県","512.1",1933,"female"
"秋田県","100.3",1933,"ratio"
"秋田県","515.8",1934,"male"
"秋田県","514.3",1934,"female"
"秋田県","100.3",1934,"ratio"
"秋田県","519",1935,"male"
"秋田県","518",1935,"female"
"秋田県","100.1",1935,"ratio"
"秋田県","520.6",1936,"male"
"秋田県","522.8",1936,"female"
"秋田県","99.6",1936,"ratio"
"秋田県","520.1",1937,"male"
"秋田県","525.5",1937,"female"
"秋田県","99",1937,"ratio"
"秋田県","519.3",1938,"male"
"秋田県","527.7",1938,"female"
"秋田県","98.4",1938,"ratio"
"秋田県","517.9",1939,"male"
"秋田県","527.7",1939,"female"
"秋田県","98.1",1939,"ratio"
"秋田県","507",1940,"male"
"秋田県","528",1940,"female"
"秋田県","95.9",1940,"ratio"
"秋田県","493.7",1941,"male"
"秋田県","532.7",1941,"female"
"秋田県","92.7",1941,"ratio"
"秋田県","496.5",1942,"male"
"秋田県","540.9",1942,"female"
"秋田県","91.8",1942,"ratio"
"秋田県","497.4",1943,"male"
"秋田県","549.9",1943,"female"
"秋田県","90.5",1943,"ratio"
"秋田県","495",1944,"male"
"秋田県","554",1944,"female"
"秋田県","89.4",1944,"ratio"
"秋田県","575",1945,"male"
"秋田県","637",1945,"female"
"秋田県","90.2",1945,"ratio"
"秋田県","575",1946,"male"
"秋田県","621",1946,"female"
"秋田県","92.6",1946,"ratio"
"秋田県","616",1947,"male"
"秋田県","641",1947,"female"
"秋田県","96.1",1947,"ratio"
"秋田県","624.7",1948,"male"
"秋田県","646.6",1948,"female"
"秋田県","96.6",1948,"ratio"
"秋田県","636",1949,"male"
"秋田県","655.1",1949,"female"
"秋田県","97.1",1949,"ratio"
"秋田県","646",1950,"male"
"秋田県","663",1950,"female"
"秋田県","97.6",1950,"ratio"
"秋田県","648",1951,"male"
"秋田県","667",1951,"female"
"秋田県","97.2",1951,"ratio"
"秋田県","651",1952,"male"
"秋田県","671",1952,"female"
"秋田県","96.9",1952,"ratio"
"秋田県","654",1953,"male"
"秋田県","677",1953,"female"
"秋田県","96.6",1953,"ratio"
"秋田県","656",1954,"male"
"秋田県","682",1954,"female"
"秋田県","96.2",1954,"ratio"
"秋田県","660",1955,"male"
"秋田県","689",1955,"female"
"秋田県","95.8",1955,"ratio"
"秋田県","661",1956,"male"
"秋田県","689",1956,"female"
"秋田県","95.8",1956,"ratio"
"秋田県","656",1957,"male"
"秋田県","691",1957,"female"
"秋田県","95",1957,"ratio"
"秋田県","652",1958,"male"
"秋田県","692",1958,"female"
"秋田県","94.2",1958,"ratio"
"秋田県","650",1959,"male"
"秋田県","692",1959,"female"
"秋田県","93.8",1959,"ratio"
"秋田県","645",1960,"male"
"秋田県","691",1960,"female"
"秋田県","93.3",1960,"ratio"
"秋田県","639",1961,"male"
"秋田県","688",1961,"female"
"秋田県","92.9",1961,"ratio"
"秋田県","631",1962,"male"
"秋田県","682",1962,"female"
"秋田県","92.5",1962,"ratio"
"秋田県","626",1963,"male"
"秋田県","677",1963,"female"
"秋田県","92.4",1963,"ratio"
"秋田県","620",1964,"male"
"秋田県","671",1964,"female"
"秋田県","92.4",1964,"ratio"
"秋田県","614",1965,"male"
"秋田県","665",1965,"female"
"秋田県","92.3",1965,"ratio"
"秋田県","609",1966,"male"
"秋田県","660",1966,"female"
"秋田県","92.3",1966,"ratio"
"秋田県","606",1967,"male"
"秋田県","658",1967,"female"
"秋田県","92.2",1967,"ratio"
"秋田県","601",1968,"male"
"秋田県","654",1968,"female"
"秋田県","91.9",1968,"ratio"
"秋田県","598",1969,"male"
"秋田県","652",1969,"female"
"秋田県","91.8",1969,"ratio"
"秋田県","593",1970,"male"
"秋田県","648",1970,"female"
"秋田県","91.5",1970,"ratio"
"秋田県","589",1971,"male"
"秋田県","644",1971,"female"
"秋田県","91.5",1971,"ratio"
"秋田県","588",1972,"male"
"秋田県","642",1972,"female"
"秋田県","91.5",1972,"ratio"
"秋田県","586",1973,"male"
"秋田県","640",1973,"female"
"秋田県","91.6",1973,"ratio"
"秋田県","587",1974,"male"
"秋田県","640",1974,"female"
"秋田県","91.7",1974,"ratio"
"秋田県","590",1975,"male"
"秋田県","642",1975,"female"
"秋田県","92",1975,"ratio"
"秋田県","595",1976,"male"
"秋田県","645",1976,"female"
"秋田県","92.2",1976,"ratio"
"秋田県","597",1977,"male"
"秋田県","647",1977,"female"
"秋田県","92.3",1977,"ratio"
"秋田県","600",1978,"male"
"秋田県","650",1978,"female"
"秋田県","92.4",1978,"ratio"
"秋田県","602",1979,"male"
"秋田県","652",1979,"female"
"秋田県","92.4",1979,"ratio"
"秋田県","603",1980,"male"
"秋田県","653",1980,"female"
"秋田県","92.4",1980,"ratio"
"秋田県","604",1981,"male"
"秋田県","655",1981,"female"
"秋田県","92.3",1981,"ratio"
"秋田県","603",1982,"male"
"秋田県","655",1982,"female"
"秋田県","92.1",1982,"ratio"
"秋田県","602",1983,"male"
"秋田県","655",1983,"female"
"秋田県","91.9",1983,"ratio"
"秋田県","601",1984,"male"
"秋田県","655",1984,"female"
"秋田県","91.7",1984,"ratio"
"秋田県","600",1985,"male"
"秋田県","654",1985,"female"
"秋田県","91.6",1985,"ratio"
"秋田県","596",1986,"male"
"秋田県","652",1986,"female"
"秋田県","91.4",1986,"ratio"
"秋田県","593",1987,"male"
"秋田県","650",1987,"female"
"秋田県","91.2",1987,"ratio"
"秋田県","590",1988,"male"
"秋田県","648",1988,"female"
"秋田県","91.1",1988,"ratio"
"秋田県","587",1989,"male"
"秋田県","645",1989,"female"
"秋田県","91",1989,"ratio"
"秋田県","585",1990,"male"
"秋田県","643",1990,"female"
"秋田県","91",1990,"ratio"
"秋田県","582",1991,"male"
"秋田県","641",1991,"female"
"秋田県","90.9",1991,"ratio"
"秋田県","581",1992,"male"
"秋田県","639",1992,"female"
"秋田県","90.8",1992,"ratio"
"秋田県","579",1993,"male"
"秋田県","638",1993,"female"
"秋田県","90.8",1993,"ratio"
"秋田県","579",1994,"male"
"秋田県","637",1994,"female"
"秋田県","90.8",1994,"ratio"
"秋田県","578",1995,"male"
"秋田県","636",1995,"female"
"秋田県","90.8",1995,"ratio"
"秋田県","576",1996,"male"
"秋田県","634",1996,"female"
"秋田県","90.8",1996,"ratio"
"秋田県","573",1997,"male"
"秋田県","632",1997,"female"
"秋田県","90.7",1997,"ratio"
"秋田県","570",1998,"male"
"秋田県","630",1998,"female"
"秋田県","90.5",1998,"ratio"
"秋田県","568",1999,"male"
"秋田県","627",1999,"female"
"秋田県","90.5",1999,"ratio"
"秋田県","565",2000,"male"
"秋田県","625",2000,"female"
"秋田県","90.4",2000,"ratio"
"山形県","478",1920,"male"
"山形県","491",1920,"female"
"山形県","97.5",1920,"ratio"
"山形県","483.6",1921,"male"
"山形県","496.1",1921,"female"
"山形県","97.5",1921,"ratio"
"山形県","486.8",1922,"male"
"山形県","499.8",1922,"female"
"山形県","97.4",1922,"ratio"
"山形県","494",1923,"male"
"山形県","508.3",1923,"female"
"山形県","97.2",1923,"ratio"
"山形県","498.9",1924,"male"
"山形県","511.8",1924,"female"
"山形県","97.5",1924,"ratio"
"山形県","506",1925,"male"
"山形県","521",1925,"female"
"山形県","97.2",1925,"ratio"
"山形県","513.1",1926,"male"
"山形県","527.8",1926,"female"
"山形県","97.2",1926,"ratio"
"山形県","517.5",1927,"male"
"山形県","534.9",1927,"female"
"山形県","96.7",1927,"ratio"
"山形県","524.3",1928,"male"
"山形県","539.7",1928,"female"
"山形県","97.1",1928,"ratio"
"山形県","527.3",1929,"male"
"山形県","542.8",1929,"female"
"山形県","97.1",1929,"ratio"
"山形県","532",1930,"male"
"山形県","548",1930,"female"
"山形県","97.2",1930,"ratio"
"山形県","534.9",1931,"male"
"山形県","551.1",1931,"female"
"山形県","97.1",1931,"ratio"
"山形県","540.9",1932,"male"
"山形県","557.5",1932,"female"
"山形県","97",1932,"ratio"
"山形県","545.2",1933,"male"
"山形県","562.9",1933,"female"
"山形県","96.9",1933,"ratio"
"山形県","548.6",1934,"male"
"山形県","566.4",1934,"female"
"山形県","96.9",1934,"ratio"
"山形県","549",1935,"male"
"山形県","568",1935,"female"
"山形県","96.7",1935,"ratio"
"山形県","545.8",1936,"male"
"山形県","566.8",1936,"female"
"山形県","96.3",1936,"ratio"
"山形県","532.4",1937,"male"
"山形県","565.9",1937,"female"
"山形県","94.1",1937,"ratio"
"山形県","533.1",1938,"male"
"山形県","569.7",1938,"female"
"山形県","93.6",1938,"ratio"
"山形県","528.5",1939,"male"
"山形県","568.9",1939,"female"
"山形県","92.9",1939,"ratio"
"山形県","529",1940,"male"
"山形県","571",1940,"female"
"山形県","92.6",1940,"ratio"
"山形県","512.5",1941,"male"
"山形県","573.2",1941,"female"
"山形県","89.4",1941,"ratio"
"山形県","496.7",1942,"male"
"山形県","557.5",1942,"female"
"山形県","89.1",1942,"ratio"
"山形県","491.8",1943,"male"
"山形県","565.3",1943,"female"
"山形県","87",1943,"ratio"
"山形県","498",1944,"male"
"山形県","586",1944,"female"
"山形県","85",1944,"ratio"
"山形県","612",1945,"male"
"山形県","714",1945,"female"
"山形県","85.8",1945,"ratio"
"山形県","607",1946,"male"
"山形県","688",1946,"female"
"山形県","88.3",1946,"ratio"
"山形県","641",1947,"male"
"山形県","694",1947,"female"
"山形県","92.4",1947,"ratio"
"山形県","651.1",1948,"male"
"山形県","699.7",1948,"female"
"山形県","93.1",1948,"ratio"
"山形県","655.9",1949,"male"
"山形県","697.7",1949,"female"
"山形県","94",1949,"ratio"
"山形県","661",1950,"male"
"山形県","697",1950,"female"
"山形県","94.8",1950,"ratio"
"山形県","654",1951,"male"
"山形県","697",1951,"female"
"山形県","93.9",1951,"ratio"
"山形県","652",1952,"male"
"山形県","697",1952,"female"
"山形県","93.5",1952,"ratio"
"山形県","651",1953,"male"
"山形県","698",1953,"female"
"山形県","93.3",1953,"ratio"
"山形県","651",1954,"male"
"山形県","699",1954,"female"
"山形県","93.1",1954,"ratio"
"山形県","652",1955,"male"
"山形県","702",1955,"female"
"山形県","92.9",1955,"ratio"
"山形県","649",1956,"male"
"山形県","701",1956,"female"
"山形県","92.5",1956,"ratio"
"山形県","645",1957,"male"
"山形県","699",1957,"female"
"山形県","92.4",1957,"ratio"
"山形県","640",1958,"male"
"山形県","697",1958,"female"
"山形県","91.8",1958,"ratio"
"山形県","635",1959,"male"
"山形県","694",1959,"female"
"山形県","91.5",1959,"ratio"
"山形県","631",1960,"male"
"山形県","690",1960,"female"
"山形県","91.5",1960,"ratio"
"山形県","626",1961,"male"
"山形県","684",1961,"female"
"山形県","91.4",1961,"ratio"
"山形県","619",1962,"male"
"山形県","677",1962,"female"
"山形県","91.5",1962,"ratio"
"山形県","614",1963,"male"
"山形県","671",1963,"female"
"山形県","91.6",1963,"ratio"
"山形県","610",1964,"male"
"山形県","665",1964,"female"
"山形県","91.8",1964,"ratio"
"山形県","605",1965,"male"
"山形県","658",1965,"female"
"山形県","92",1965,"ratio"
"山形県","600",1966,"male"
"山形県","652",1966,"female"
"山形県","92.1",1966,"ratio"
"山形県","598",1967,"male"
"山形県","649",1967,"female"
"山形県","92.2",1967,"ratio"
"山形県","595",1968,"male"
"山形県","645",1968,"female"
"山形県","92.2",1968,"ratio"
"山形県","592",1969,"male"
"山形県","642",1969,"female"
"山形県","92.2",1969,"ratio"
"山形県","588",1970,"male"
"山形県","638",1970,"female"
"山形県","92.1",1970,"ratio"
"山形県","584",1971,"male"
"山形県","635",1971,"female"
"山形県","92",1971,"ratio"
"山形県","583",1972,"male"
"山形県","632",1972,"female"
"山形県","92.1",1972,"ratio"
"山形県","582",1973,"male"
"山形県","632",1973,"female"
"山形県","92.2",1973,"ratio"
"山形県","584",1974,"male"
"山形県","632",1974,"female"
"山形県","92.4",1974,"ratio"
"山形県","587",1975,"male"
"山形県","633",1975,"female"
"山形県","92.7",1975,"ratio"
"山形県","591",1976,"male"
"山形県","636",1976,"female"
"山形県","93",1976,"ratio"
"山形県","596",1977,"male"
"山形県","639",1977,"female"
"山形県","93.3",1977,"ratio"
"山形県","599",1978,"male"
"山形県","641",1978,"female"
"山形県","93.5",1978,"ratio"
"山形県","603",1979,"male"
"山形県","644",1979,"female"
"山形県","93.6",1979,"ratio"
"山形県","605",1980,"male"
"山形県","647",1980,"female"
"山形県","93.6",1980,"ratio"
"山形県","607",1981,"male"
"山形県","648",1981,"female"
"山形県","93.6",1981,"ratio"
"山形県","608",1982,"male"
"山形県","649",1982,"female"
"山形県","93.6",1982,"ratio"
"山形県","608",1983,"male"
"山形県","650",1983,"female"
"山形県","93.6",1983,"ratio"
"山形県","609",1984,"male"
"山形県","651",1984,"female"
"山形県","93.5",1984,"ratio"
"山形県","609",1985,"male"
"山形県","652",1985,"female"
"山形県","93.4",1985,"ratio"
"山形県","609",1986,"male"
"山形県","652",1986,"female"
"山形県","93.4",1986,"ratio"
"山形県","609",1987,"male"
"山形県","653",1987,"female"
"山形県","93.3",1987,"ratio"
"山形県","609",1988,"male"
"山形県","653",1988,"female"
"山形県","93.3",1988,"ratio"
"山形県","608",1989,"male"
"山形県","652",1989,"female"
"山形県","93.3",1989,"ratio"
"山形県","607",1990,"male"
"山形県","651",1990,"female"
"山形県","93.2",1990,"ratio"
"山形県","607",1991,"male"
"山形県","651",1991,"female"
"山形県","93.2",1991,"ratio"
"山形県","606",1992,"male"
"山形県","650",1992,"female"
"山形県","93.2",1992,"ratio"
"山形県","606",1993,"male"
"山形県","650",1993,"female"
"山形県","93.3",1993,"ratio"
"山形県","607",1994,"male"
"山形県","650",1994,"female"
"山形県","93.4",1994,"ratio"
"山形県","607",1995,"male"
"山形県","650",1995,"female"
"山形県","93.5",1995,"ratio"
"山形県","606",1996,"male"
"山形県","649",1996,"female"
"山形県","93.5",1996,"ratio"
"山形県","606",1997,"male"
"山形県","647",1997,"female"
"山形県","93.5",1997,"ratio"
"山形県","605",1998,"male"
"山形県","646",1998,"female"
"山形県","93.7",1998,"ratio"
"山形県","603",1999,"male"
"山形県","644",1999,"female"
"山形県","93.7",1999,"ratio"
"山形県","601",2000,"male"
"山形県","643",2000,"female"
"山形県","93.6",2000,"ratio"
"福島県","674",1920,"male"
"福島県","689",1920,"female"
"福島県","97.7",1920,"ratio"
"福島県","682.8",1921,"male"
"福島県","698.8",1921,"female"
"福島県","97.7",1921,"ratio"
"福島県","684.8",1922,"male"
"福島県","701.1",1922,"female"
"福島県","97.7",1922,"ratio"
"福島県","700.7",1923,"male"
"福島県","715.4",1923,"female"
"福島県","97.9",1923,"ratio"
"福島県","705.4",1924,"male"
"福島県","720.6",1924,"female"
"福島県","97.9",1924,"ratio"
"福島県","711",1925,"male"
"福島県","727",1925,"female"
"福島県","97.7",1925,"ratio"
"福島県","724.2",1926,"male"
"福島県","740.5",1926,"female"
"福島県","97.8",1926,"ratio"
"福島県","726.5",1927,"male"
"福島県","750.1",1927,"female"
"福島県","96.9",1927,"ratio"
"福島県","735.2",1928,"male"
"福島県","754.2",1928,"female"
"福島県","97.5",1928,"ratio"
"福島県","737.9",1929,"male"
"福島県","759",1929,"female"
"福島県","97.2",1929,"ratio"
"福島県","742",1930,"male"
"福島県","766",1930,"female"
"福島県","96.9",1930,"ratio"
"福島県","750.5",1931,"male"
"福島県","772.9",1931,"female"
"福島県","97.1",1931,"ratio"
"福島県","758.7",1932,"male"
"福島県","781.6",1932,"female"
"福島県","97.1",1932,"ratio"
"福島県","766.1",1933,"male"
"福島県","789.3",1933,"female"
"福島県","97.1",1933,"ratio"
"福島県","772.3",1934,"male"
"福島県","795.3",1934,"female"
"福島県","97.1",1934,"ratio"
"福島県","779",1935,"male"
"福島県","803",1935,"female"
"福島県","97",1935,"ratio"
"福島県","781.6",1936,"male"
"福島県","810.1",1936,"female"
"福島県","96.5",1936,"ratio"
"福島県","783",1937,"male"
"福島県","818.8",1937,"female"
"福島県","95.6",1937,"ratio"
"福島県","785.6",1938,"male"
"福島県","826",1938,"female"
"福島県","95.1",1938,"ratio"
"福島県","779.6",1939,"male"
"福島県","826",1939,"female"
"福島県","94.4",1939,"ratio"
"福島県","770",1940,"male"
"福島県","826",1940,"female"
"福島県","93.2",1940,"ratio"
"福島県","751.9",1941,"male"
"福島県","832.2",1941,"female"
"福島県","90.4",1941,"ratio"
"福島県","751.1",1942,"male"
"福島県","831.2",1942,"female"
"福島県","90.4",1942,"ratio"
"福島県","746.6",1943,"male"
"福島県","843.8",1943,"female"
"福島県","88.5",1943,"ratio"
"福島県","742",1944,"male"
"福島県","857",1944,"female"
"福島県","86.6",1944,"ratio"
"福島県","907",1945,"male"
"福島県","1051",1945,"female"
"福島県","86.3",1945,"ratio"
"福島県","901",1946,"male"
"福島県","1018",1946,"female"
"福島県","88.5",1946,"ratio"
"福島県","963",1947,"male"
"福島県","1029",1947,"female"
"福島県","93.6",1947,"ratio"
"福島県","976.9",1948,"male"
"福島県","1035.7",1948,"female"
"福島県","94.3",1948,"ratio"
"福島県","992.8",1949,"male"
"福島県","1046.9",1949,"female"
"福島県","94.8",1949,"ratio"
"福島県","1007",1950,"male"
"福島県","1056",1950,"female"
"福島県","95.4",1950,"ratio"
"福島県","1007",1951,"male"
"福島県","1059",1951,"female"
"福島県","95.1",1951,"ratio"
"福島県","1009",1952,"male"
"福島県","1064",1952,"female"
"福島県","94.8",1952,"ratio"
"福島県","1010",1953,"male"
"福島県","1068",1953,"female"
"福島県","94.5",1953,"ratio"
"福島県","1012",1954,"male"
"福島県","1072",1954,"female"
"福島県","94.4",1954,"ratio"
"福島県","1017",1955,"male"
"福島県","1078",1955,"female"
"福島県","94.3",1955,"ratio"
"福島県","1017",1956,"male"
"福島県","1076",1956,"female"
"福島県","94.5",1956,"ratio"
"福島県","1004",1957,"male"
"福島県","1078",1957,"female"
"福島県","93.1",1957,"ratio"
"福島県","1000",1958,"male"
"福島県","1077",1958,"female"
"福島県","92.9",1958,"ratio"
"福島県","996",1959,"male"
"福島県","1073",1959,"female"
"福島県","92.9",1959,"ratio"
"福島県","987",1960,"male"
"福島県","1064",1960,"female"
"福島県","92.7",1960,"ratio"
"福島県","979",1961,"male"
"福島県","1059",1961,"female"
"福島県","92.5",1961,"ratio"
"福島県","970",1962,"male"
"福島県","1050",1962,"female"
"福島県","92.4",1962,"ratio"
"福島県","965",1963,"male"
"福島県","1043",1963,"female"
"福島県","92.5",1963,"ratio"
"福島県","960",1964,"male"
"福島県","1035",1964,"female"
"福島県","92.7",1964,"ratio"
"福島県","955",1965,"male"
"福島県","1029",1965,"female"
"福島県","92.8",1965,"ratio"
"福島県","948",1966,"male"
"福島県","1021",1966,"female"
"福島県","92.8",1966,"ratio"
"福島県","945",1967,"male"
"福島県","1018",1967,"female"
"福島県","92.8",1967,"ratio"
"福島県","941",1968,"male"
"福島県","1015",1968,"female"
"福島県","92.7",1968,"ratio"
"福島県","938",1969,"male"
"福島県","1013",1969,"female"
"福島県","92.7",1969,"ratio"
"福島県","936",1970,"male"
"福島県","1010",1970,"female"
"福島県","92.7",1970,"ratio"
"福島県","935",1971,"male"
"福島県","1007",1971,"female"
"福島県","92.8",1971,"ratio"
"福島県","936",1972,"male"
"福島県","1007",1972,"female"
"福島県","92.9",1972,"ratio"
"福島県","940",1973,"male"
"福島県","1009",1973,"female"
"福島県","93.2",1973,"ratio"
"福島県","947",1974,"male"
"福島県","1013",1974,"female"
"福島県","93.4",1974,"ratio"
"福島県","953",1975,"male"
"福島県","1017",1975,"female"
"福島県","93.7",1975,"ratio"
"福島県","962",1976,"male"
"福島県","1022",1976,"female"
"福島県","94.1",1976,"ratio"
"福島県","970",1977,"male"
"福島県","1029",1977,"female"
"福島県","94.3",1977,"ratio"
"福島県","977",1978,"male"
"福島県","1034",1978,"female"
"福島県","94.5",1978,"ratio"
"福島県","984",1979,"male"
"福島県","1039",1979,"female"
"福島県","94.7",1979,"ratio"
"福島県","991",1980,"male"
"福島県","1045",1980,"female"
"福島県","94.8",1980,"ratio"
"福島県","995",1981,"male"
"福島県","1049",1981,"female"
"福島県","94.8",1981,"ratio"
"福島県","999",1982,"male"
"福島県","1053",1982,"female"
"福島県","94.8",1982,"ratio"
"福島県","1003",1983,"male"
"福島県","1058",1983,"female"
"福島県","94.8",1983,"ratio"
"福島県","1008",1984,"male"
"福島県","1063",1984,"female"
"福島県","94.8",1984,"ratio"
"福島県","1012",1985,"male"
"福島県","1068",1985,"female"
"福島県","94.8",1985,"ratio"
"福島県","1015",1986,"male"
"福島県","1070",1986,"female"
"福島県","94.8",1986,"ratio"
"福島県","1018",1987,"male"
"福島県","1073",1987,"female"
"福島県","94.8",1987,"ratio"
"福島県","1020",1988,"male"
"福島県","1075",1988,"female"
"福島県","94.8",1988,"ratio"
"福島県","1022",1989,"male"
"福島県","1078",1989,"female"
"福島県","94.8",1989,"ratio"
"福島県","1024",1990,"male"
"福島県","1080",1990,"female"
"福島県","94.9",1990,"ratio"
"福島県","1028",1991,"male"
"福島県","1081",1991,"female"
"福島県","95",1991,"ratio"
"福島県","1032",1992,"male"
"福島県","1084",1992,"female"
"福島県","95.2",1992,"ratio"
"福島県","1036",1993,"male"
"福島県","1088",1993,"female"
"福島県","95.2",1993,"ratio"
"福島県","1039",1994,"male"
"福島県","1090",1994,"female"
"福島県","95.4",1994,"ratio"
"福島県","1042",1995,"male"
"福島県","1092",1995,"female"
"福島県","95.5",1995,"ratio"
"福島県","1042",1996,"male"
"福島県","1092",1996,"female"
"福島県","95.5",1996,"ratio"
"福島県","1042",1997,"male"
"福島県","1092",1997,"female"
"福島県","95.4",1997,"ratio"
"福島県","1041",1998,"male"
"福島県","1091",1998,"female"
"福島県","95.4",1998,"ratio"
"福島県","1039",1999,"male"
"福島県","1090",1999,"female"
"福島県","95.4",1999,"ratio"
"福島県","1038",2000,"male"
"福島県","1089",2000,"female"
"福島県","95.3",2000,"ratio"
"茨城県","662",1920,"male"
"茨城県","688",1920,"female"
"茨城県","96.2",1920,"ratio"
"茨城県","665.6",1921,"male"
"茨城県","690.1",1921,"female"
"茨城県","96.4",1921,"ratio"
"茨城県","671.7",1922,"male"
"茨城県","694.9",1922,"female"
"茨城県","96.7",1922,"ratio"
"茨城県","683.4",1923,"male"
"茨城県","705.7",1923,"female"
"茨城県","96.8",1923,"ratio"
"茨城県","687.5",1924,"male"
"茨城県","711.1",1924,"female"
"茨城県","96.7",1924,"ratio"
"茨城県","694",1925,"male"
"茨城県","715",1925,"female"
"茨城県","97",1925,"ratio"
"茨城県","702.3",1926,"male"
"茨城県","723.1",1926,"female"
"茨城県","97.1",1926,"ratio"
"茨城県","708.8",1927,"male"
"茨城県","730.9",1927,"female"
"茨城県","97",1927,"ratio"
"茨城県","716.7",1928,"male"
"茨城県","737.1",1928,"female"
"茨城県","97.2",1928,"ratio"
"茨城県","723.8",1929,"male"
"茨城県","743.2",1929,"female"
"茨城県","97.4",1929,"ratio"
"茨城県","734",1930,"male"
"茨城県","753",1930,"female"
"茨城県","97.5",1930,"ratio"
"茨城県","738.4",1931,"male"
"茨城県","755.9",1931,"female"
"茨城県","97.7",1931,"ratio"
"茨城県","743.3",1932,"male"
"茨城県","760.7",1932,"female"
"茨城県","97.7",1932,"ratio"
"茨城県","750.6",1933,"male"
"茨城県","767.8",1933,"female"
"茨城県","97.8",1933,"ratio"
"茨城県","758.6",1934,"male"
"茨城県","774.6",1934,"female"
"茨城県","97.9",1934,"ratio"
"茨城県","766",1935,"male"
"茨城県","783",1935,"female"
"茨城県","97.9",1935,"ratio"
"茨城県","764.3",1936,"male"
"茨城県","787.3",1936,"female"
"茨城県","97.1",1936,"ratio"
"茨城県","765.6",1937,"male"
"茨城県","796.6",1937,"female"
"茨城県","96.1",1937,"ratio"
"茨城県","764",1938,"male"
"茨城県","800.8",1938,"female"
"茨城県","95.4",1938,"ratio"
"茨城県","764.2",1939,"male"
"茨城県","803.3",1939,"female"
"茨城県","95.1",1939,"ratio"
"茨城県","777",1940,"male"
"茨城県","818",1940,"female"
"茨城県","95",1940,"ratio"
"茨城県","761.5",1941,"male"
"茨城県","829.6",1941,"female"
"茨城県","91.8",1941,"ratio"
"茨城県","760",1942,"male"
"茨城県","841.5",1942,"female"
"茨城県","90.3",1942,"ratio"
"茨城県","773.8",1943,"male"
"茨城県","860.6",1943,"female"
"茨城県","89.9",1943,"ratio"
"茨城県","784",1944,"male"
"茨城県","873",1944,"female"
"茨城県","89.9",1944,"ratio"
"茨城県","908",1945,"male"
"茨城県","1037",1945,"female"
"茨城県","87.5",1945,"ratio"
"茨城県","921",1946,"male"
"茨城県","1019",1946,"female"
"茨城県","90.4",1946,"ratio"
"茨城県","974",1947,"male"
"茨城県","1039",1947,"female"
"茨城県","93.7",1947,"ratio"
"茨城県","984.2",1948,"male"
"茨城県","1045.2",1948,"female"
"茨城県","94.2",1948,"ratio"
"茨城県","989.7",1949,"male"
"茨城県","1046.2",1949,"female"
"茨城県","94.6",1949,"ratio"
"茨城県","994",1950,"male"
"茨城県","1046",1950,"female"
"茨城県","95",1950,"ratio"
"茨城県","992",1951,"male"
"茨城県","1045",1951,"female"
"茨城県","94.9",1951,"ratio"
"茨城県","994",1952,"male"
"茨城県","1048",1952,"female"
"茨城県","94.9",1952,"ratio"
"茨城県","999",1953,"male"
"茨城県","1051",1953,"female"
"茨城県","95",1953,"ratio"
"茨城県","1004",1954,"male"
"茨城県","1054",1954,"female"
"茨城県","95.3",1954,"ratio"
"茨城県","1006",1955,"male"
"茨城県","1058",1955,"female"
"茨城県","95.1",1955,"ratio"
"茨城県","1006",1956,"male"
"茨城県","1059",1956,"female"
"茨城県","95",1956,"ratio"
"茨城県","1003",1957,"male"
"茨城県","1058",1957,"female"
"茨城県","94.8",1957,"ratio"
"茨城県","1003",1958,"male"
"茨城県","1054",1958,"female"
"茨城県","95.1",1958,"ratio"
"茨城県","1001",1959,"male"
"茨城県","1050",1959,"female"
"茨城県","95.3",1959,"ratio"
"茨城県","1000",1960,"male"
"茨城県","1047",1960,"female"
"茨城県","95.5",1960,"ratio"
"茨城県","1005",1961,"male"
"茨城県","1048",1961,"female"
"茨城県","95.9",1961,"ratio"
"茨城県","1008",1962,"male"
"茨城県","1048",1962,"female"
"茨城県","96.2",1962,"ratio"
"茨城県","1006",1963,"male"
"茨城県","1048",1963,"female"
"茨城県","96",1963,"ratio"
"茨城県","1007",1964,"male"
"茨城県","1048",1964,"female"
"茨城県","96",1964,"ratio"
"茨城県","1008",1965,"male"
"茨城県","1048",1965,"female"
"茨城県","96.1",1965,"ratio"
"茨城県","1005",1966,"male"
"茨城県","1048",1966,"female"
"茨城県","95.9",1966,"ratio"
"茨城県","1011",1967,"male"
"茨城県","1054",1967,"female"
"茨城県","95.9",1967,"ratio"
"茨城県","1018",1968,"male"
"茨城県","1060",1968,"female"
"茨城県","96.1",1968,"ratio"
"茨城県","1035",1969,"male"
"茨城県","1074",1969,"female"
"茨城県","96.4",1969,"ratio"
"茨城県","1054",1970,"male"
"茨城県","1090",1970,"female"
"茨城県","96.7",1970,"ratio"
"茨城県","1073",1971,"male"
"茨城県","1106",1971,"female"
"茨城県","97.1",1971,"ratio"
"茨城県","1089",1972,"male"
"茨城県","1121",1972,"female"
"茨城県","97.2",1972,"ratio"
"茨城県","1111",1973,"male"
"茨城県","1140",1973,"female"
"茨城県","97.4",1973,"ratio"
"茨城県","1136",1974,"male"
"茨城県","1162",1974,"female"
"茨城県","97.8",1974,"ratio"
"茨城県","1160",1975,"male"
"茨城県","1182",1975,"female"
"茨城県","98.1",1975,"ratio"
"茨城県","1179",1976,"male"
"茨城県","1200",1976,"female"
"茨城県","98.3",1976,"ratio"
"茨城県","1200",1977,"male"
"茨城県","1218",1977,"female"
"茨城県","98.5",1977,"ratio"
"茨城県","1223",1978,"male"
"茨城県","1240",1978,"female"
"茨城県","98.7",1978,"ratio"
"茨城県","1248",1979,"male"
"茨城県","1262",1979,"female"
"茨城県","98.9",1979,"ratio"
"茨城県","1273",1980,"male"
"茨城県","1285",1980,"female"
"茨城県","99",1980,"ratio"
"茨城県","1291",1981,"male"
"茨城県","1304",1981,"female"
"茨城県","99",1981,"ratio"
"茨城県","1312",1982,"male"
"茨城県","1324",1982,"female"
"茨城県","99.1",1982,"ratio"
"茨城県","1330",1983,"male"
"茨城県","1340",1983,"female"
"茨城県","99.2",1983,"ratio"
"茨城県","1344",1984,"male"
"茨城県","1354",1984,"female"
"茨城県","99.2",1984,"ratio"
"茨城県","1358",1985,"male"
"茨城県","1367",1985,"female"
"茨城県","99.3",1985,"ratio"
"茨城県","1369",1986,"male"
"茨城県","1377",1986,"female"
"茨城県","99.4",1986,"ratio"
"茨城県","1381",1987,"male"
"茨城県","1389",1987,"female"
"茨城県","99.4",1987,"ratio"
"茨城県","1393",1988,"male"
"茨城県","1402",1988,"female"
"茨城県","99.4",1988,"ratio"
"茨城県","1408",1989,"male"
"茨城県","1415",1989,"female"
"茨城県","99.5",1989,"ratio"
"茨城県","1419",1990,"male"
"茨城県","1426",1990,"female"
"茨城県","99.5",1990,"ratio"
"茨城県","1433",1991,"male"
"茨城県","1438",1991,"female"
"茨城県","99.6",1991,"ratio"
"茨城県","1447",1992,"male"
"茨城県","1451",1992,"female"
"茨城県","99.8",1992,"ratio"
"茨城県","1459",1993,"male"
"茨城県","1461",1993,"female"
"茨城県","99.9",1993,"ratio"
"茨城県","1469",1994,"male"
"茨城県","1471",1994,"female"
"茨城県","99.9",1994,"ratio"
"茨城県","1476",1995,"male"
"茨城県","1479",1995,"female"
"茨城県","99.8",1995,"ratio"
"茨城県","1481",1996,"male"
"茨城県","1485",1996,"female"
"茨城県","99.7",1996,"ratio"
"茨城県","1484",1997,"male"
"茨城県","1489",1997,"female"
"茨城県","99.6",1997,"ratio"
"茨城県","1486",1998,"male"
"茨城県","1493",1998,"female"
"茨城県","99.5",1998,"ratio"
"茨城県","1487",1999,"male"
"茨城県","1495",1999,"female"
"茨城県","99.5",1999,"ratio"
"茨城県","1488",2000,"male"
"茨城県","1497",2000,"female"
"茨城県","99.4",2000,"ratio"
"栃木県","514",1920,"male"
"栃木県","532",1920,"female"
"栃木県","96.6",1920,"ratio"
"栃木県","517.8",1921,"male"
"栃木県","536.4",1921,"female"
"栃木県","96.5",1921,"ratio"
"栃木県","522.6",1922,"male"
"栃木県","542",1922,"female"
"栃木県","96.4",1922,"ratio"
"栃木県","532.4",1923,"male"
"栃木県","551.7",1923,"female"
"栃木県","96.5",1923,"ratio"
"栃木県","535.6",1924,"male"
"栃木県","555.9",1924,"female"
"栃木県","96.3",1924,"ratio"
"栃木県","536",1925,"male"
"栃木県","554",1925,"female"
"栃木県","96.8",1925,"ratio"
"栃木県","541",1926,"male"
"栃木県","558.2",1926,"female"
"栃木県","96.9",1926,"ratio"
"栃木県","544.7",1927,"male"
"栃木県","562.4",1927,"female"
"栃木県","96.9",1927,"ratio"
"栃木県","549.3",1928,"male"
"栃木県","566.1",1928,"female"
"栃木県","97",1928,"ratio"
"栃木県","554.3",1929,"male"
"栃木県","570.6",1929,"female"
"栃木県","97.1",1929,"ratio"
"栃木県","563",1930,"male"
"栃木県","579",1930,"female"
"栃木県","97.2",1930,"ratio"
"栃木県","567.3",1931,"male"
"栃木県","583.5",1931,"female"
"栃木県","97.2",1931,"ratio"
"栃木県","571.9",1932,"male"
"栃木県","588.7",1932,"female"
"栃木県","97.1",1932,"ratio"
"栃木県","577.3",1933,"male"
"栃木県","594.2",1933,"female"
"栃木県","97.2",1933,"ratio"
"栃木県","583.3",1934,"male"
"栃木県","600.5",1934,"female"
"栃木県","97.1",1934,"ratio"
"栃木県","589",1935,"male"
"栃木県","607",1935,"female"
"栃木県","97",1935,"ratio"
"栃木県","587.6",1936,"male"
"栃木県","609.4",1936,"female"
"栃木県","96.4",1936,"ratio"
"栃木県","584.7",1937,"male"
"栃木県","613",1937,"female"
"栃木県","95.4",1937,"ratio"
"栃木県","574.5",1938,"male"
"栃木県","612.7",1938,"female"
"栃木県","93.8",1938,"ratio"
"栃木県","568.7",1939,"male"
"栃木県","610.3",1939,"female"
"栃木県","93.2",1939,"ratio"
"栃木県","572",1940,"male"
"栃木県","615",1940,"female"
"栃木県","93",1940,"ratio"
"栃木県","559.1",1941,"male"
"栃木県","621.7",1941,"female"
"栃木県","89.9",1941,"ratio"
"栃木県","557.7",1942,"male"
"栃木県","629.2",1942,"female"
"栃木県","88.6",1942,"ratio"
"栃木県","559.1",1943,"male"
"栃木県","639.2",1943,"female"
"栃木県","87.5",1943,"ratio"
"栃木県","559",1944,"male"
"栃木県","645",1944,"female"
"栃木県","86.7",1944,"ratio"
"栃木県","720",1945,"male"
"栃木県","827",1945,"female"
"栃木県","87",1945,"ratio"
"栃木県","710",1946,"male"
"栃木県","794",1946,"female"
"栃木県","89.4",1946,"ratio"
"栃木県","738",1947,"male"
"栃木県","796",1947,"female"
"栃木県","92.8",1947,"ratio"
"栃木県","743.4",1948,"male"
"栃木県","796.2",1948,"female"
"栃木県","93.4",1948,"ratio"
"栃木県","748.8",1949,"male"
"栃木県","798.1",1949,"female"
"栃木県","93.8",1949,"ratio"
"栃木県","752",1950,"male"
"栃木県","798",1950,"female"
"栃木県","94.2",1950,"ratio"
"栃木県","751",1951,"male"
"栃木県","796",1951,"female"
"栃木県","94.4",1951,"ratio"
"栃木県","750",1952,"male"
"栃木県","796",1952,"female"
"栃木県","94.2",1952,"ratio"
"栃木県","749",1953,"male"
"栃木県","796",1953,"female"
"栃木県","94.1",1953,"ratio"
"栃木県","748",1954,"male"
"栃木県","796",1954,"female"
"栃木県","94",1954,"ratio"
"栃木県","750",1955,"male"
"栃木県","798",1955,"female"
"栃木県","93.9",1955,"ratio"
"栃木県","748",1956,"male"
"栃木県","794",1956,"female"
"栃木県","94.2",1956,"ratio"
"栃木県","742",1957,"male"
"栃木県","793",1957,"female"
"栃木県","93.5",1957,"ratio"
"栃木県","738",1958,"male"
"栃木県","791",1958,"female"
"栃木県","93.3",1958,"ratio"
"栃木県","732",1959,"male"
"栃木県","785",1959,"female"
"栃木県","93.2",1959,"ratio"
"栃木県","730",1960,"male"
"栃木県","784",1960,"female"
"栃木県","93.1",1960,"ratio"
"栃木県","729",1961,"male"
"栃木県","783",1961,"female"
"栃木県","93.1",1961,"ratio"
"栃木県","730",1962,"male"
"栃木県","783",1962,"female"
"栃木県","93.2",1962,"ratio"
"栃木県","732",1963,"male"
"栃木県","783",1963,"female"
"栃木県","93.5",1963,"ratio"
"栃木県","734",1964,"male"
"栃木県","785",1964,"female"
"栃木県","93.6",1964,"ratio"
"栃木県","736",1965,"male"
"栃木県","786",1965,"female"
"栃木県","93.6",1965,"ratio"
"栃木県","736",1966,"male"
"栃木県","787",1966,"female"
"栃木県","93.6",1966,"ratio"
"栃木県","741",1967,"male"
"栃木県","791",1967,"female"
"栃木県","93.7",1967,"ratio"
"栃木県","747",1968,"male"
"栃木県","796",1968,"female"
"栃木県","93.8",1968,"ratio"
"栃木県","757",1969,"male"
"栃木県","802",1969,"female"
"栃木県","94.3",1969,"ratio"
"栃木県","770",1970,"male"
"栃木県","810",1970,"female"
"栃木県","94.9",1970,"ratio"
"栃木県","784",1971,"male"
"栃木県","821",1971,"female"
"栃木県","95.4",1971,"ratio"
"栃木県","796",1972,"male"
"栃木県","831",1972,"female"
"栃木県","95.7",1972,"ratio"
"栃木県","810",1973,"male"
"栃木県","842",1973,"female"
"栃木県","96.2",1973,"ratio"
"栃木県","824",1974,"male"
"栃木県","854",1974,"female"
"栃木県","96.5",1974,"ratio"
"栃木県","835",1975,"male"
"栃木県","863",1975,"female"
"栃木県","96.7",1975,"ratio"
"栃木県","846",1976,"male"
"栃木県","872",1976,"female"
"栃木県","97",1976,"ratio"
"栃木県","856",1977,"male"
"栃木県","880",1977,"female"
"栃木県","97.3",1977,"ratio"
"栃木県","865",1978,"male"
"栃木県","888",1978,"female"
"栃木県","97.4",1978,"ratio"
"栃木県","877",1979,"male"
"栃木県","899",1979,"female"
"栃木県","97.6",1979,"ratio"
"栃木県","886",1980,"male"
"栃木県","907",1980,"female"
"栃木県","97.7",1980,"ratio"
"栃木県","894",1981,"male"
"栃木県","913",1981,"female"
"栃木県","97.9",1981,"ratio"
"栃木県","901",1982,"male"
"栃木県","920",1982,"female"
"栃木県","98",1982,"ratio"
"栃木県","908",1983,"male"
"栃木県","927",1983,"female"
"栃木県","98",1983,"ratio"
"栃木県","916",1984,"male"
"栃木県","934",1984,"female"
"栃木県","98",1984,"ratio"
"栃木県","924",1985,"male"
"栃木県","942",1985,"female"
"栃木県","98.1",1985,"ratio"
"栃木県","932",1986,"male"
"栃木県","948",1986,"female"
"栃木県","98.3",1986,"ratio"
"栃木県","940",1987,"male"
"栃木県","955",1987,"female"
"栃木県","98.4",1987,"ratio"
"栃木県","947",1988,"male"
"栃木県","961",1988,"female"
"栃木県","98.5",1988,"ratio"
"栃木県","954",1989,"male"
"栃木県","967",1989,"female"
"栃木県","98.7",1989,"ratio"
"栃木県","963",1990,"male"
"栃木県","973",1990,"female"
"栃木県","99",1990,"ratio"
"栃木県","970",1991,"male"
"栃木県","978",1991,"female"
"栃木県","99.1",1991,"ratio"
"栃木県","976",1992,"male"
"栃木県","983",1992,"female"
"栃木県","99.2",1992,"ratio"
"栃木県","980",1993,"male"
"栃木県","988",1993,"female"
"栃木県","99.2",1993,"ratio"
"栃木県","984",1994,"male"
"栃木県","993",1994,"female"
"栃木県","99.1",1994,"ratio"
"栃木県","987",1995,"male"
"栃木県","997",1995,"female"
"栃木県","99",1995,"ratio"
"栃木県","990",1996,"male"
"栃木県","1000",1996,"female"
"栃木県","99",1996,"ratio"
"栃木県","993",1997,"male"
"栃木県","1004",1997,"female"
"栃木県","98.9",1997,"ratio"
"栃木県","994",1998,"male"
"栃木県","1006",1998,"female"
"栃木県","98.8",1998,"ratio"
"栃木県","995",1999,"male"
"栃木県","1007",1999,"female"
"栃木県","98.8",1999,"ratio"
"栃木県","996",2000,"male"
"栃木県","1009",2000,"female"
"栃木県","98.7",2000,"ratio"
"群馬県","514",1920,"male"
"群馬県","539",1920,"female"
"群馬県","95.5",1920,"ratio"
"群馬県","519",1921,"male"
"群馬県","543.3",1921,"female"
"群馬県","95.5",1921,"ratio"
"群馬県","523.5",1922,"male"
"群馬県","547.3",1922,"female"
"群馬県","95.7",1922,"ratio"
"群馬県","536",1923,"male"
"群馬県","557.7",1923,"female"
"群馬県","96.1",1923,"ratio"
"群馬県","542.8",1924,"male"
"群馬県","564.6",1924,"female"
"群馬県","96.1",1924,"ratio"
"群馬県","549",1925,"male"
"群馬県","570",1925,"female"
"群馬県","96.2",1925,"ratio"
"群馬県","549.3",1926,"male"
"群馬県","573.3",1926,"female"
"群馬県","95.8",1926,"ratio"
"群馬県","560.9",1927,"male"
"群馬県","591.5",1927,"female"
"群馬県","94.8",1927,"ratio"
"群馬県","583.1",1928,"male"
"群馬県","602",1928,"female"
"群馬県","96.9",1928,"ratio"
"群馬県","584.5",1929,"male"
"群馬県","605.2",1929,"female"
"群馬県","96.6",1929,"ratio"
"群馬県","581",1930,"male"
"群馬県","605",1930,"female"
"群馬県","96",1930,"ratio"
"群馬県","583.5",1931,"male"
"群馬県","609.4",1931,"female"
"群馬県","95.7",1931,"ratio"
"群馬県","586.7",1932,"male"
"群馬県","614.1",1932,"female"
"群馬県","95.5",1932,"ratio"
"群馬県","594.7",1933,"male"
"群馬県","622.3",1933,"female"
"群馬県","95.6",1933,"ratio"
"群馬県","601.2",1934,"male"
"群馬県","628.8",1934,"female"
"群馬県","95.6",1934,"ratio"
"群馬県","607",1935,"male"
"群馬県","636",1935,"female"
"群馬県","95.5",1935,"ratio"
"群馬県","612.3",1936,"male"
"群馬県","642.3",1936,"female"
"群馬県","95.3",1936,"ratio"
"群馬県","612.6",1937,"male"
"群馬県","649",1937,"female"
"群馬県","94.4",1937,"ratio"
"群馬県","613",1938,"male"
"群馬県","653.2",1938,"female"
"群馬県","93.8",1938,"ratio"
"群馬県","614.9",1939,"male"
"群馬県","655.7",1939,"female"
"群馬県","93.8",1939,"ratio"
"群馬県","618",1940,"male"
"群馬県","661",1940,"female"
"群馬県","93.5",1940,"ratio"
"群馬県","608.7",1941,"male"
"群馬県","668.2",1941,"female"
"群馬県","91.1",1941,"ratio"
"群馬県","607.7",1942,"male"
"群馬県","676.2",1942,"female"
"群馬県","89.9",1942,"ratio"
"群馬県","617.2",1943,"male"
"群馬県","687",1943,"female"
"群馬県","89.8",1943,"ratio"
"群馬県","625",1944,"male"
"群馬県","694",1944,"female"
"群馬県","90",1944,"ratio"
"群馬県","724",1945,"male"
"群馬県","822",1945,"female"
"群馬県","88",1945,"ratio"
"群馬県","722",1946,"male"
"群馬県","802",1946,"female"
"群馬県","90",1946,"ratio"
"群馬県","759",1947,"male"
"群馬県","814",1947,"female"
"群馬県","93.3",1947,"ratio"
"群馬県","766.8",1948,"male"
"群馬県","817.3",1948,"female"
"群馬県","93.8",1948,"ratio"
"群馬県","773.5",1949,"male"
"群馬県","820.1",1949,"female"
"群馬県","94.3",1949,"ratio"
"群馬県","779",1950,"male"
"群馬県","822",1950,"female"
"群馬県","94.7",1950,"ratio"
"群馬県","779",1951,"male"
"群馬県","823",1951,"female"
"群馬県","94.6",1951,"ratio"
"群馬県","779",1952,"male"
"群馬県","825",1952,"female"
"群馬県","94.4",1952,"ratio"
"群馬県","781",1953,"male"
"群馬県","828",1953,"female"
"群馬県","94.4",1953,"ratio"
"群馬県","781",1954,"male"
"群馬県","829",1954,"female"
"群馬県","94.2",1954,"ratio"
"群馬県","782",1955,"male"
"群馬県","832",1955,"female"
"群馬県","93.9",1955,"ratio"
"群馬県","779",1956,"male"
"群馬県","833",1956,"female"
"群馬県","93.5",1956,"ratio"
"群馬県","773",1957,"male"
"群馬県","829",1957,"female"
"群馬県","93.2",1957,"ratio"
"群馬県","767",1958,"male"
"群馬県","825",1958,"female"
"群馬県","93",1958,"ratio"
"群馬県","765",1959,"male"
"群馬県","823",1959,"female"
"群馬県","92.9",1959,"ratio"
"群馬県","760",1960,"male"
"群馬県","819",1960,"female"
"群馬県","92.8",1960,"ratio"
"群馬県","762",1961,"male"
"群馬県","819",1961,"female"
"群馬県","93",1961,"ratio"
"群馬県","764",1962,"male"
"群馬県","819",1962,"female"
"群馬県","93.3",1962,"ratio"
"群馬県","768",1963,"male"
"群馬県","821",1963,"female"
"群馬県","93.6",1963,"ratio"
"群馬県","773",1964,"male"
"群馬県","824",1964,"female"
"群馬県","93.9",1964,"ratio"
"群馬県","779",1965,"male"
"群馬県","827",1965,"female"
"群馬県","94.2",1965,"ratio"
"群馬県","778",1966,"male"
"群馬県","827",1966,"female"
"群馬県","94.1",1966,"ratio"
"群馬県","784",1967,"male"
"群馬県","832",1967,"female"
"群馬県","94.3",1967,"ratio"
"群馬県","791",1968,"male"
"群馬県","837",1968,"female"
"群馬県","94.5",1968,"ratio"
"群馬県","800",1969,"male"
"群馬県","843",1969,"female"
"群馬県","94.8",1969,"ratio"
"群馬県","808",1970,"male"
"群馬県","851",1970,"female"
"群馬県","95",1970,"ratio"
"群馬県","817",1971,"male"
"群馬県","859",1971,"female"
"群馬県","95.2",1971,"ratio"
"群馬県","827",1972,"male"
"群馬県","869",1972,"female"
"群馬県","95.2",1972,"ratio"
"群馬県","839",1973,"male"
"群馬県","879",1973,"female"
"群馬県","95.5",1973,"ratio"
"群馬県","851",1974,"male"
"群馬県","889",1974,"female"
"群馬県","95.7",1974,"ratio"
"群馬県","859",1975,"male"
"群馬県","897",1975,"female"
"群馬県","95.8",1975,"ratio"
"群馬県","871",1976,"male"
"群馬県","907",1976,"female"
"群馬県","96",1976,"ratio"
"群馬県","882",1977,"male"
"群馬県","917",1977,"female"
"群馬県","96.2",1977,"ratio"
"群馬県","892",1978,"male"
"群馬県","925",1978,"female"
"群馬県","96.4",1978,"ratio"
"群馬県","900",1979,"male"
"群馬県","933",1979,"female"
"群馬県","96.5",1979,"ratio"
"群馬県","909",1980,"male"
"群馬県","940",1980,"female"
"群馬県","96.7",1980,"ratio"
"群馬県","917",1981,"male"
"群馬県","947",1981,"female"
"群馬県","96.9",1981,"ratio"
"群馬県","925",1982,"male"
"群馬県","954",1982,"female"
"群馬県","97",1982,"ratio"
"群馬県","932",1983,"male"
"群馬県","961",1983,"female"
"群馬県","97",1983,"ratio"
"群馬県","940",1984,"male"
"群馬県","968",1984,"female"
"群馬県","97.1",1984,"ratio"
"群馬県","947",1985,"male"
"群馬県","974",1985,"female"
"群馬県","97.2",1985,"ratio"
"群馬県","953",1986,"male"
"群馬県","979",1986,"female"
"群馬県","97.3",1986,"ratio"
"群馬県","958",1987,"male"
"群馬県","983",1987,"female"
"群馬県","97.4",1987,"ratio"
"群馬県","962",1988,"male"
"群馬県","987",1988,"female"
"群馬県","97.5",1988,"ratio"
"群馬県","967",1989,"male"
"群馬県","991",1989,"female"
"群馬県","97.6",1989,"ratio"
"群馬県","972",1990,"male"
"群馬県","995",1990,"female"
"群馬県","97.7",1990,"ratio"
"群馬県","976",1991,"male"
"群馬県","999",1991,"female"
"群馬県","97.7",1991,"ratio"
"群馬県","980",1992,"male"
"群馬県","1004",1992,"female"
"群馬県","97.7",1992,"ratio"
"群馬県","983",1993,"male"
"群馬県","1007",1993,"female"
"群馬県","97.6",1993,"ratio"
"群馬県","986",1994,"male"
"群馬県","1010",1994,"female"
"群馬県","97.6",1994,"ratio"
"群馬県","990",1995,"male"
"群馬県","1014",1995,"female"
"群馬県","97.6",1995,"ratio"
"群馬県","992",1996,"male"
"群馬県","1017",1996,"female"
"群馬県","97.5",1996,"ratio"
"群馬県","994",1997,"male"
"群馬県","1019",1997,"female"
"群馬県","97.5",1997,"ratio"
"群馬県","996",1998,"male"
"群馬県","1022",1998,"female"
"群馬県","97.5",1998,"ratio"
"群馬県","997",1999,"male"
"群馬県","1023",1999,"female"
"群馬県","97.5",1999,"ratio"
"群馬県","999",2000,"male"
"群馬県","1026",2000,"female"
"群馬県","97.4",2000,"ratio"
"埼玉県","641",1920,"male"
"埼玉県","678",1920,"female"
"埼玉県","94.5",1920,"ratio"
"埼玉県","647.7",1921,"male"
"埼玉県","682.7",1921,"female"
"埼玉県","94.9",1921,"ratio"
"埼玉県","654.2",1922,"male"
"埼玉県","686.9",1922,"female"
"埼玉県","95.2",1922,"ratio"
"埼玉県","668.3",1923,"male"
"埼玉県","699.4",1923,"female"
"埼玉県","95.6",1923,"ratio"
"埼玉県","674.5",1924,"male"
"埼玉県","705.6",1924,"female"
"埼玉県","95.6",1924,"ratio"
"埼玉県","682",1925,"male"
"埼玉県","712",1925,"female"
"埼玉県","95.7",1925,"ratio"
"埼玉県","691.7",1926,"male"
"埼玉県","720.4",1926,"female"
"埼玉県","96",1926,"ratio"
"埼玉県","697.9",1927,"male"
"埼玉県","727",1927,"female"
"埼玉県","96",1927,"ratio"
"埼玉県","705.8",1928,"male"
"埼玉県","731.8",1928,"female"
"埼玉県","96.4",1928,"ratio"
"埼玉県","711.4",1929,"male"
"埼玉県","735.4",1929,"female"
"埼玉県","96.7",1929,"ratio"
"埼玉県","719",1930,"male"
"埼玉県","740",1930,"female"
"埼玉県","97.1",1930,"ratio"
"埼玉県","726",1931,"male"
"埼玉県","746.8",1931,"female"
"埼玉県","97.2",1931,"ratio"
"埼玉県","732",1932,"male"
"埼玉県","752.7",1932,"female"
"埼玉県","97.2",1932,"ratio"
"埼玉県","738.9",1933,"male"
"埼玉県","759.7",1933,"female"
"埼玉県","97.3",1933,"ratio"
"埼玉県","745.9",1934,"male"
"埼玉県","766.3",1934,"female"
"埼玉県","97.3",1934,"ratio"
"埼玉県","754",1935,"male"
"埼玉県","775",1935,"female"
"埼玉県","97.3",1935,"ratio"
"埼玉県","752.3",1936,"male"
"埼玉県","781.8",1936,"female"
"埼玉県","96.2",1936,"ratio"
"埼玉県","751.1",1937,"male"
"埼玉県","789.8",1937,"female"
"埼玉県","95.1",1937,"ratio"
"埼玉県","751.8",1938,"male"
"埼玉県","794",1938,"female"
"埼玉県","94.7",1938,"ratio"
"埼玉県","755.1",1939,"male"
"埼玉県","797.5",1939,"female"
"埼玉県","94.7",1939,"ratio"
"埼玉県","773",1940,"male"
"埼玉県","810",1940,"female"
"埼玉県","95.5",1940,"ratio"
"埼玉県","758.9",1941,"male"
"埼玉県","821.8",1941,"female"
"埼玉県","92.3",1941,"ratio"
"埼玉県","765.3",1942,"male"
"埼玉県","838.5",1942,"female"
"埼玉県","91.3",1942,"ratio"
"埼玉県","773.9",1943,"male"
"埼玉県","861.2",1943,"female"
"埼玉県","89.9",1943,"ratio"
"埼玉県","774",1944,"male"
"埼玉県","873",1944,"female"
"埼玉県","88.7",1944,"ratio"
"埼玉県","956",1945,"male"
"埼玉県","1092",1945,"female"
"埼玉県","87.6",1945,"ratio"
"埼玉県","965",1946,"male"
"埼玉県","1063",1946,"female"
"埼玉県","90.8",1946,"ratio"
"埼玉県","1023",1947,"male"
"埼玉県","1078",1947,"female"
"埼玉県","94.9",1947,"ratio"
"埼玉県","1030.6",1948,"male"
"埼玉県","1081.9",1948,"female"
"埼玉県","95.3",1948,"ratio"
"埼玉県","1039.9",1949,"male"
"埼玉県","1088.9",1949,"female"
"埼玉県","95.5",1949,"ratio"
"埼玉県","1050",1950,"male"
"埼玉県","1097",1950,"female"
"埼玉県","95.7",1950,"ratio"
"埼玉県","1060",1951,"male"
"埼玉県","1107",1951,"female"
"埼玉県","95.8",1951,"ratio"
"埼玉県","1072",1952,"male"
"埼玉県","1118",1952,"female"
"埼玉県","95.9",1952,"ratio"
"埼玉県","1084",1953,"male"
"埼玉県","1129",1953,"female"
"埼玉県","96",1953,"ratio"
"埼玉県","1097",1954,"male"
"埼玉県","1140",1954,"female"
"埼玉県","96.2",1954,"ratio"
"埼玉県","1110",1955,"male"
"埼玉県","1153",1955,"female"
"埼玉県","96.3",1955,"ratio"
"埼玉県","1122",1956,"male"
"埼玉県","1164",1956,"female"
"埼玉県","96.4",1956,"ratio"
"埼玉県","1135",1957,"male"
"埼玉県","1175",1957,"female"
"埼玉県","96.6",1957,"ratio"
"埼玉県","1149",1958,"male"
"埼玉県","1190",1958,"female"
"埼玉県","96.6",1958,"ratio"
"埼玉県","1171",1959,"male"
"埼玉県","1207",1959,"female"
"埼玉県","97",1959,"ratio"
"埼玉県","1201",1960,"male"
"埼玉県","1230",1960,"female"
"埼玉県","97.6",1960,"ratio"
"埼玉県","1235",1961,"male"
"埼玉県","1262",1961,"female"
"埼玉県","97.9",1961,"ratio"
"埼玉県","1283",1962,"male"
"埼玉県","1304",1962,"female"
"埼玉県","98.4",1962,"ratio"
"埼玉県","1354",1963,"male"
"埼玉県","1364",1963,"female"
"埼玉県","99.2",1963,"ratio"
"埼玉県","1432",1964,"male"
"埼玉県","1432",1964,"female"
"埼玉県","100",1964,"ratio"
"埼玉県","1512",1965,"male"
"埼玉県","1503",1965,"female"
"埼玉県","100.6",1965,"ratio"
"埼玉県","1588",1966,"male"
"埼玉県","1573",1966,"female"
"埼玉県","101",1966,"ratio"
"埼玉県","1676",1967,"male"
"埼玉県","1652",1967,"female"
"埼玉県","101.4",1967,"ratio"
"埼玉県","1760",1968,"male"
"埼玉県","1732",1968,"female"
"埼玉県","101.7",1968,"ratio"
"埼玉県","1851",1969,"male"
"埼玉県","1819",1969,"female"
"埼玉県","101.7",1969,"ratio"
"埼玉県","1951",1970,"male"
"埼玉県","1915",1970,"female"
"埼玉県","101.9",1970,"ratio"
"埼玉県","2049",1971,"male"
"埼玉県","2013",1971,"female"
"埼玉県","101.8",1971,"ratio"
"埼玉県","2150",1972,"male"
"埼玉県","2116",1972,"female"
"埼玉県","101.6",1972,"ratio"
"埼玉県","2259",1973,"male"
"埼玉県","2216",1973,"female"
"埼玉県","102",1973,"ratio"
"埼玉県","2354",1974,"male"
"埼玉県","2305",1974,"female"
"埼玉県","102.1",1974,"ratio"
"埼玉県","2437",1975,"male"
"埼玉県","2384",1975,"female"
"埼玉県","102.2",1975,"ratio"
"埼玉県","2509",1976,"male"
"埼玉県","2455",1976,"female"
"埼玉県","102.2",1976,"ratio"
"埼玉県","2573",1977,"male"
"埼玉県","2518",1977,"female"
"埼玉県","102.2",1977,"ratio"
"埼玉県","2631",1978,"male"
"埼玉県","2577",1978,"female"
"埼玉県","102.1",1978,"ratio"
"埼玉県","2687",1979,"male"
"埼玉県","2631",1979,"female"
"埼玉県","102.1",1979,"ratio"
"埼玉県","2739",1980,"male"
"埼玉県","2681",1980,"female"
"埼玉県","102.2",1980,"ratio"
"埼玉県","2789",1981,"male"
"埼玉県","2731",1981,"female"
"埼玉県","102.1",1981,"ratio"
"埼玉県","2837",1982,"male"
"埼玉県","2778",1982,"female"
"埼玉県","102.1",1982,"ratio"
"埼玉県","2880",1983,"male"
"埼玉県","2821",1983,"female"
"埼玉県","102.1",1983,"ratio"
"埼玉県","2922",1984,"male"
"埼玉県","2862",1984,"female"
"埼玉県","102.1",1984,"ratio"
"埼玉県","2962",1985,"male"
"埼玉県","2902",1985,"female"
"埼玉県","102.1",1985,"ratio"
"埼玉県","3008",1986,"male"
"埼玉県","2946",1986,"female"
"埼玉県","102.1",1986,"ratio"
"埼玉県","3069",1987,"male"
"埼玉県","3002",1987,"female"
"埼玉県","102.2",1987,"ratio"
"埼玉県","3134",1988,"male"
"埼玉県","3061",1988,"female"
"埼玉県","102.4",1988,"ratio"
"埼玉県","3194",1989,"male"
"埼玉県","3113",1989,"female"
"埼玉県","102.6",1989,"ratio"
"埼玉県","3246",1990,"male"
"埼玉県","3159",1990,"female"
"埼玉県","102.7",1990,"ratio"
"埼玉県","3288",1991,"male"
"埼玉県","3198",1991,"female"
"埼玉県","102.8",1991,"ratio"
"埼玉県","3329",1992,"male"
"埼玉県","3238",1992,"female"
"埼玉県","102.8",1992,"ratio"
"埼玉県","3365",1993,"male"
"埼玉県","3275",1993,"female"
"埼玉県","102.7",1993,"ratio"
"埼玉県","3394",1994,"male"
"埼玉県","3309",1994,"female"
"埼玉県","102.5",1994,"ratio"
"埼玉県","3419",1995,"male"
"埼玉県","3340",1995,"female"
"埼玉県","102.4",1995,"ratio"
"埼玉県","3440",1996,"male"
"埼玉県","3364",1996,"female"
"埼玉県","102.2",1996,"ratio"
"埼玉県","3456",1997,"male"
"埼玉県","3384",1997,"female"
"埼玉県","102.1",1997,"ratio"
"埼玉県","3473",1998,"male"
"埼玉県","3404",1998,"female"
"埼玉県","102",1998,"ratio"
"埼玉県","3486",1999,"male"
"埼玉県","3420",1999,"female"
"埼玉県","101.9",1999,"ratio"
"埼玉県","3500",2000,"male"
"埼玉県","3438",2000,"female"
"埼玉県","101.8",2000,"ratio"
"千葉県","657",1920,"male"
"千葉県","679",1920,"female"
"千葉県","96.7",1920,"ratio"
"千葉県","660.7",1921,"male"
"千葉県","674.8",1921,"female"
"千葉県","97.9",1921,"ratio"
"千葉県","669.1",1922,"male"
"千葉県","685.3",1922,"female"
"千葉県","97.6",1922,"ratio"
"千葉県","679.8",1923,"male"
"千葉県","702.2",1923,"female"
"千葉県","96.8",1923,"ratio"
"千葉県","685.5",1924,"male"
"千葉県","710.2",1924,"female"
"千葉県","96.5",1924,"ratio"
"千葉県","691",1925,"male"
"千葉県","708",1925,"female"
"千葉県","97.6",1925,"ratio"
"千葉県","700.7",1926,"male"
"千葉県","716.5",1926,"female"
"千葉県","97.8",1926,"ratio"
"千葉県","705.4",1927,"male"
"千葉県","721.1",1927,"female"
"千葉県","97.8",1927,"ratio"
"千葉県","711.9",1928,"male"
"千葉県","724.4",1928,"female"
"千葉県","98.3",1928,"ratio"
"千葉県","718",1929,"male"
"千葉県","729",1929,"female"
"千葉県","98.5",1929,"ratio"
"千葉県","729",1930,"male"
"千葉県","741",1930,"female"
"千葉県","98.5",1930,"ratio"
"千葉県","738.2",1931,"male"
"千葉県","749.4",1931,"female"
"千葉県","98.5",1931,"ratio"
"千葉県","744.3",1932,"male"
"千葉県","757.7",1932,"female"
"千葉県","98.2",1932,"ratio"
"千葉県","751.6",1933,"male"
"千葉県","766.2",1933,"female"
"千葉県","98.1",1933,"ratio"
"千葉県","758.6",1934,"male"
"千葉県","773.1",1934,"female"
"千葉県","98.1",1934,"ratio"
"千葉県","765",1935,"male"
"千葉県","782",1935,"female"
"千葉県","97.8",1935,"ratio"
"千葉県","760.3",1936,"male"
"千葉県","789.4",1936,"female"
"千葉県","96.3",1936,"ratio"
"千葉県","757.1",1937,"male"
"千葉県","797.3",1937,"female"
"千葉県","95",1937,"ratio"
"千葉県","755.8",1938,"male"
"千葉県","802.3",1938,"female"
"千葉県","94.2",1938,"ratio"
"千葉県","752.1",1939,"male"
"千葉県","805.2",1939,"female"
"千葉県","93.4",1939,"ratio"
"千葉県","750",1940,"male"
"千葉県","812",1940,"female"
"千葉県","92.3",1940,"ratio"
"千葉県","733.9",1941,"male"
"千葉県","822.9",1941,"female"
"千葉県","89.2",1941,"ratio"
"千葉県","734.2",1942,"male"
"千葉県","835.6",1942,"female"
"千葉県","87.9",1942,"ratio"
"千葉県","756.2",1943,"male"
"千葉県","864.7",1943,"female"
"千葉県","87.5",1943,"ratio"
"千葉県","774",1944,"male"
"千葉県","886",1944,"female"
"千葉県","87.3",1944,"ratio"
"千葉県","908",1945,"male"
"千葉県","1059",1945,"female"
"千葉県","85.8",1945,"ratio"
"千葉県","946",1946,"male"
"千葉県","1063",1946,"female"
"千葉県","89",1946,"ratio"
"千葉県","1018",1947,"male"
"千葉県","1095",1947,"female"
"千葉県","93",1947,"ratio"
"千葉県","1025.5",1948,"male"
"千葉県","1097.5",1948,"female"
"千葉県","93.4",1948,"ratio"
"千葉県","1027",1949,"male"
"千葉県","1094.5",1949,"female"
"千葉県","93.8",1949,"ratio"
"千葉県","1037",1950,"male"
"千葉県","1102",1950,"female"
"千葉県","94.1",1950,"ratio"
"千葉県","1042",1951,"male"
"千葉県","1106",1951,"female"
"千葉県","94.2",1951,"ratio"
"千葉県","1050",1952,"male"
"千葉県","1111",1952,"female"
"千葉県","94.5",1952,"ratio"
"千葉県","1058",1953,"male"
"千葉県","1117",1953,"female"
"千葉県","94.6",1953,"ratio"
"千葉県","1063",1954,"male"
"千葉県","1122",1954,"female"
"千葉県","94.7",1954,"ratio"
"千葉県","1074",1955,"male"
"千葉県","1131",1955,"female"
"千葉県","95",1955,"ratio"
"千葉県","1081",1956,"male"
"千葉県","1137",1956,"female"
"千葉県","95.1",1956,"ratio"
"千葉県","1090",1957,"male"
"千葉県","1143",1957,"female"
"千葉県","95.4",1957,"ratio"
"千葉県","1102",1958,"male"
"千葉県","1154",1958,"female"
"千葉県","95.5",1958,"ratio"
"千葉県","1114",1959,"male"
"千葉県","1165",1959,"female"
"千葉県","95.6",1959,"ratio"
"千葉県","1129",1960,"male"
"千葉県","1177",1960,"female"
"千葉県","95.9",1960,"ratio"
"千葉県","1155",1961,"male"
"千葉県","1201",1961,"female"
"千葉県","96.2",1961,"ratio"
"千葉県","1195",1962,"male"
"千葉県","1233",1962,"female"
"千葉県","96.9",1962,"ratio"
"千葉県","1236",1963,"male"
"千葉県","1269",1963,"female"
"千葉県","97.4",1963,"ratio"
"千葉県","1293",1964,"male"
"千葉県","1316",1964,"female"
"千葉県","98.2",1964,"ratio"
"千葉県","1343",1965,"male"
"千葉県","1359",1965,"female"
"千葉県","98.9",1965,"ratio"
"千葉県","1387",1966,"male"
"千葉県","1397",1966,"female"
"千葉県","99.3",1966,"ratio"
"千葉県","1450",1967,"male"
"千葉県","1452",1967,"female"
"千葉県","99.9",1967,"ratio"
"千葉県","1520",1968,"male"
"千葉県","1512",1968,"female"
"千葉県","100.5",1968,"ratio"
"千葉県","1605",1969,"male"
"千葉県","1590",1969,"female"
"千葉県","101",1969,"ratio"
"千葉県","1695",1970,"male"
"千葉県","1672",1970,"female"
"千葉県","101.4",1970,"ratio"
"千葉県","1776",1971,"male"
"千葉県","1748",1971,"female"
"千葉県","101.6",1971,"ratio"
"千葉県","1854",1972,"male"
"千葉県","1823",1972,"female"
"千葉県","101.7",1972,"ratio"
"千葉県","1939",1973,"male"
"千葉県","1905",1973,"female"
"千葉県","101.8",1973,"ratio"
"千葉県","2022",1974,"male"
"千葉県","1985",1974,"female"
"千葉県","101.9",1974,"ratio"
"千葉県","2095",1975,"male"
"千葉県","2054",1975,"female"
"千葉県","102",1975,"ratio"
"千葉県","2153",1976,"male"
"千葉県","2114",1976,"female"
"千葉県","101.8",1976,"ratio"
"千葉県","2209",1977,"male"
"千葉県","2173",1977,"female"
"千葉県","101.7",1977,"ratio"
"千葉県","2271",1978,"male"
"千葉県","2237",1978,"female"
"千葉県","101.5",1978,"ratio"
"千葉県","2329",1979,"male"
"千葉県","2297",1979,"female"
"千葉県","101.4",1979,"ratio"
"千葉県","2383",1980,"male"
"千葉県","2352",1980,"female"
"千葉県","101.3",1980,"ratio"
"千葉県","2432",1981,"male"
"千葉県","2402",1981,"female"
"千葉県","101.3",1981,"ratio"
"千葉県","2476",1982,"male"
"千葉県","2447",1982,"female"
"千葉県","101.2",1982,"ratio"
"千葉県","2517",1983,"male"
"千葉県","2488",1983,"female"
"千葉県","101.2",1983,"ratio"
"千葉県","2554",1984,"male"
"千葉県","2525",1984,"female"
"千葉県","101.1",1984,"ratio"
"千葉県","2588",1985,"male"
"千葉県","2560",1985,"female"
"千葉県","101.1",1985,"ratio"
"千葉県","2625",1986,"male"
"千葉県","2594",1986,"female"
"千葉県","101.2",1986,"ratio"
"千葉県","2670",1987,"male"
"千葉県","2636",1987,"female"
"千葉県","101.3",1987,"ratio"
"千葉県","2722",1988,"male"
"千葉県","2681",1988,"female"
"千葉県","101.5",1988,"ratio"
"千葉県","2766",1989,"male"
"千葉県","2720",1989,"female"
"千葉県","101.7",1989,"ratio"
"千葉県","2803",1990,"male"
"千葉県","2753",1990,"female"
"千葉県","101.8",1990,"ratio"
"千葉県","2835",1991,"male"
"千葉県","2783",1991,"female"
"千葉県","101.9",1991,"ratio"
"千葉県","2868",1992,"male"
"千葉県","2812",1992,"female"
"千葉県","102",1992,"ratio"
"千葉県","2894",1993,"male"
"千葉県","2836",1993,"female"
"千葉県","102",1993,"ratio"
"千葉県","2910",1994,"male"
"千葉県","2857",1994,"female"
"千葉県","101.9",1994,"ratio"
"千葉県","2924",1995,"male"
"千葉県","2874",1995,"female"
"千葉県","101.7",1995,"ratio"
"千葉県","2932",1996,"male"
"千葉県","2886",1996,"female"
"千葉県","101.6",1996,"ratio"
"千葉県","2940",1997,"male"
"千葉県","2899",1997,"female"
"千葉県","101.4",1997,"ratio"
"千葉県","2951",1998,"male"
"千葉県","2915",1998,"female"
"千葉県","101.2",1998,"ratio"
"千葉県","2964",1999,"male"
"千葉県","2930",1999,"female"
"千葉県","101.1",1999,"ratio"
"千葉県","2977",2000,"male"
"千葉県","2949",2000,"female"
"千葉県","100.9",2000,"ratio"
"東京都","1953",1920,"male"
"東京都","1746",1920,"female"
"東京都","111.8",1920,"ratio"
"東京都","2024.1",1921,"male"
"東京都","1806.5",1921,"female"
"東京都","112",1921,"ratio"
"東京都","2110.8",1922,"male"
"東京都","1873.3",1922,"female"
"東京都","112.7",1922,"ratio"
"東京都","2044.8",1923,"male"
"東京都","1814.6",1923,"female"
"東京都","112.7",1923,"ratio"
"東京都","2226.2",1924,"male"
"東京都","1959.4",1924,"female"
"東京都","113.6",1924,"ratio"
"東京都","2388",1925,"male"
"東京都","2098",1925,"female"
"東京都","113.8",1925,"ratio"
"東京都","2494.6",1926,"male"
"東京都","2199.8",1926,"female"
"東京都","113.4",1926,"ratio"
"東京都","2602.5",1927,"male"
"東京都","2294.9",1927,"female"
"東京都","113.4",1927,"ratio"
"東京都","2698.8",1928,"male"
"東京都","2402.6",1928,"female"
"東京都","112.3",1928,"ratio"
"東京都","2801.2",1929,"male"
"東京都","2498.8",1929,"female"
"東京都","112.1",1929,"ratio"
"東京都","2855",1930,"male"
"東京都","2553",1930,"female"
"東京都","111.8",1930,"ratio"
"東京都","2913.7",1931,"male"
"東京都","2607.4",1931,"female"
"東京都","111.7",1931,"ratio"
"東京都","3026",1932,"male"
"東京都","2729.6",1932,"female"
"東京都","110.9",1932,"ratio"
"東京都","3131.8",1933,"male"
"東京都","2843.3",1933,"female"
"東京都","110.1",1933,"ratio"
"東京都","3234.7",1934,"male"
"東京都","2942.2",1934,"female"
"東京都","109.9",1934,"ratio"
"東京都","3326",1935,"male"
"東京都","3044",1935,"female"
"東京都","109.2",1935,"ratio"
"東京都","3450.5",1936,"male"
"東京都","3136.1",1936,"female"
"東京都","110",1936,"ratio"
"東京都","3483.1",1937,"male"
"東京都","3242.5",1937,"female"
"東京都","107.4",1937,"ratio"
"東京都","3530.7",1938,"male"
"東京都","3344.9",1938,"female"
"東京都","105.6",1938,"ratio"
"東京都","3643.5",1939,"male"
"東京都","3438.1",1939,"female"
"東京都","106",1939,"ratio"
"東京都","3725",1940,"male"
"東京都","3559",1940,"female"
"東京都","104.7",1940,"ratio"
"東京都","3666.3",1941,"male"
"東京都","3618",1941,"female"
"東京都","101.3",1941,"ratio"
"東京都","3670.7",1942,"male"
"東京都","3687.2",1942,"female"
"東京都","99.6",1942,"ratio"
"東京都","3587.5",1943,"male"
"東京都","3745.1",1943,"female"
"東京都","95.8",1943,"ratio"
"東京都","3504",1944,"male"
"東京都","3767",1944,"female"
"東京都","93",1944,"ratio"
"東京都","1788",1945,"male"
"東京都","1700",1945,"female"
"東京都","105.2",1945,"ratio"
"東京都","2118",1946,"male"
"東京都","2065",1946,"female"
"東京都","102.6",1946,"ratio"
"東京都","2553",1947,"male"
"東京都","2448",1947,"female"
"東京都","104.3",1947,"ratio"
"東京都","2779.6",1948,"male"
"東京都","2695.2",1948,"female"
"東京都","103.1",1948,"ratio"
"東京都","2983",1949,"male"
"東京都","2913.3",1949,"female"
"東京都","102.4",1949,"ratio"
"東京都","3169",1950,"male"
"東京都","3108",1950,"female"
"東京都","102",1950,"ratio"
"東京都","3404",1951,"male"
"東京都","3308",1951,"female"
"東京都","102.9",1951,"ratio"
"東京都","3618",1952,"male"
"東京都","3490",1952,"female"
"東京都","103.7",1952,"ratio"
"東京都","3813",1953,"male"
"東京都","3656",1953,"female"
"東京都","104.3",1953,"ratio"
"東京都","3977",1954,"male"
"東京都","3796",1954,"female"
"東京都","104.8",1954,"ratio"
"東京都","4116",1955,"male"
"東京都","3921",1955,"female"
"東京都","105",1955,"ratio"
"東京都","4272",1956,"male"
"東京都","4077",1956,"female"
"東京都","104.8",1956,"ratio"
"東京都","4454",1957,"male"
"東京都","4227",1957,"female"
"東京都","105.4",1957,"ratio"
"東京都","4637",1958,"male"
"東京都","4374",1958,"female"
"東京都","106",1958,"ratio"
"東京都","4819",1959,"male"
"東京都","4530",1959,"female"
"東京都","106.4",1959,"ratio"
"東京都","4997",1960,"male"
"東京都","4687",1960,"female"
"東京都","106.6",1960,"ratio"
"東京都","5144",1961,"male"
"東京都","4824",1961,"female"
"東京都","106.6",1961,"ratio"
"東京都","5267",1962,"male"
"東京都","4957",1962,"female"
"東京都","106.3",1962,"ratio"
"東京都","5385",1963,"male"
"東京都","5085",1963,"female"
"東京都","105.9",1963,"ratio"
"東京都","5474",1964,"male"
"東京都","5194",1964,"female"
"東京都","105.4",1964,"ratio"
"東京都","5565",1965,"male"
"東京都","5305",1965,"female"
"東京都","104.9",1965,"ratio"
"東京都","5635",1966,"male"
"東京都","5383",1966,"female"
"東京都","104.7",1966,"ratio"
"東京都","5698",1967,"male"
"東京都","5465",1967,"female"
"東京都","104.3",1967,"ratio"
"東京都","5752",1968,"male"
"東京都","5534",1968,"female"
"東京都","103.9",1968,"ratio"
"東京都","5786",1969,"male"
"東京都","5581",1969,"female"
"東京都","103.7",1969,"ratio"
"東京都","5801",1970,"male"
"東京都","5607",1970,"female"
"東京都","103.5",1970,"ratio"
"東京都","5838",1971,"male"
"東京都","5682",1971,"female"
"東京都","102.8",1971,"ratio"
"東京都","5870",1972,"male"
"東京都","5741",1972,"female"
"東京都","102.2",1972,"ratio"
"東京都","5885",1973,"male"
"東京都","5754",1973,"female"
"東京都","102.3",1973,"ratio"
"東京都","5895",1974,"male"
"東京都","5753",1974,"female"
"東京都","102.5",1974,"ratio"
"東京都","5913",1975,"male"
"東京都","5760",1975,"female"
"東京都","102.7",1975,"ratio"
"東京都","5904",1976,"male"
"東京都","5770",1976,"female"
"東京都","102.3",1976,"ratio"
"東京都","5894",1977,"male"
"東京都","5775",1977,"female"
"東京都","102.1",1977,"ratio"
"東京都","5883",1978,"male"
"東京都","5776",1978,"female"
"東京都","101.9",1978,"ratio"
"東京都","5867",1979,"male"
"東京都","5769",1979,"female"
"東京都","101.7",1979,"ratio"
"東京都","5856",1980,"male"
"東京都","5762",1980,"female"
"東京都","101.6",1980,"ratio"
"東京都","5857",1981,"male"
"東京都","5769",1981,"female"
"東京都","101.5",1981,"ratio"
"東京都","5868",1982,"male"
"東京都","5783",1982,"female"
"東京都","101.5",1982,"ratio"
"東京都","5893",1983,"male"
"東京都","5807",1983,"female"
"東京都","101.5",1983,"ratio"
"東京都","5922",1984,"male"
"東京都","5837",1984,"female"
"東京都","101.5",1984,"ratio"
"東京都","5955",1985,"male"
"東京都","5874",1985,"female"
"東京都","101.4",1985,"ratio"
"東京都","5986",1986,"male"
"東京都","5902",1986,"female"
"東京都","101.4",1986,"ratio"
"東京都","5987",1987,"male"
"東京都","5900",1987,"female"
"東京都","101.5",1987,"ratio"
"東京都","5986",1988,"male"
"東京都","5887",1988,"female"
"東京都","101.7",1988,"ratio"
"東京都","5979",1989,"male"
"東京都","5885",1989,"female"
"東京都","101.6",1989,"ratio"
"東京都","5970",1990,"male"
"東京都","5886",1990,"female"
"東京都","101.4",1990,"ratio"
"東京都","5988",1991,"male"
"東京都","5905",1991,"female"
"東京都","101.4",1991,"ratio"
"東京都","5976",1992,"male"
"東京都","5910",1992,"female"
"東京都","101.1",1992,"ratio"
"東京都","5948",1993,"male"
"東京都","5901",1993,"female"
"東京都","100.8",1993,"ratio"
"東京都","5912",1994,"male"
"東京都","5884",1994,"female"
"東京都","100.5",1994,"ratio"
"東京都","5893",1995,"male"
"東京都","5881",1995,"female"
"東京都","100.2",1995,"ratio"
"東京都","5915",1996,"male"
"東京都","5893",1996,"female"
"東京都","100.4",1996,"ratio"
"東京都","5958",1997,"male"
"東京都","5923",1997,"female"
"東京都","100.6",1997,"ratio"
"東京都","5982",1998,"male"
"東京都","5957",1998,"female"
"東京都","100.4",1998,"ratio"
"東京都","5996",1999,"male"
"東京都","5988",1999,"female"
"東京都","100.1",1999,"ratio"
"東京都","6029",2000,"male"
"東京都","6036",2000,"female"
"東京都","99.9",2000,"ratio"
"神奈川県","690",1920,"male"
"神奈川県","634",1920,"female"
"神奈川県","108.9",1920,"ratio"
"神奈川県","710.5",1921,"male"
"神奈川県","648.6",1921,"female"
"神奈川県","109.5",1921,"ratio"
"神奈川県","721.8",1922,"male"
"神奈川県","659",1922,"female"
"神奈川県","109.5",1922,"ratio"
"神奈川県","702.1",1923,"male"
"神奈川県","651.8",1923,"female"
"神奈川県","107.7",1923,"ratio"
"神奈川県","715.8",1924,"male"
"神奈川県","657.8",1924,"female"
"神奈川県","108.8",1924,"ratio"
"神奈川県","740",1925,"male"
"神奈川県","677",1925,"female"
"神奈川県","109.2",1925,"ratio"
"神奈川県","758.2",1926,"male"
"神奈川県","695.6",1926,"female"
"神奈川県","109",1926,"ratio"
"神奈川県","781.5",1927,"male"
"神奈川県","714.4",1927,"female"
"神奈川県","109.4",1927,"ratio"
"神奈川県","799.1",1928,"male"
"神奈川県","739.1",1928,"female"
"神奈川県","108.1",1928,"ratio"
"神奈川県","820.4",1929,"male"
"神奈川県","760.4",1929,"female"
"神奈川県","107.9",1929,"ratio"
"神奈川県","839",1930,"male"
"神奈川県","780",1930,"female"
"神奈川県","107.6",1930,"ratio"
"神奈川県","856.1",1931,"male"
"神奈川県","795.7",1931,"female"
"神奈川県","107.6",1931,"ratio"
"神奈川県","872.2",1932,"male"
"神奈川県","812.5",1932,"female"
"神奈川県","107.3",1932,"ratio"
"神奈川県","891.4",1933,"male"
"神奈川県","832",1933,"female"
"神奈川県","107.1",1933,"ratio"
"神奈川県","918.4",1934,"male"
"神奈川県","855.4",1934,"female"
"神奈川県","107.4",1934,"ratio"
"神奈川県","951",1935,"male"
"神奈川県","889",1935,"female"
"神奈川県","107.1",1935,"ratio"
"神奈川県","1004.5",1936,"male"
"神奈川県","919",1936,"female"
"神奈川県","109.3",1936,"ratio"
"神奈川県","1015.8",1937,"male"
"神奈川県","951.9",1937,"female"
"神奈川県","106.7",1937,"ratio"
"神奈川県","1030.9",1938,"male"
"神奈川県","978.2",1938,"female"
"神奈川県","105.4",1938,"ratio"
"神奈川県","1070.4",1939,"male"
"神奈川県","1003.7",1939,"female"
"神奈川県","106.6",1939,"ratio"
"神奈川県","1107",1940,"male"
"神奈川県","1051",1940,"female"
"神奈川県","105.3",1940,"ratio"
"神奈川県","1120.1",1941,"male"
"神奈川県","1071.1",1941,"female"
"神奈川県","104.6",1941,"ratio"
"神奈川県","1196.8",1942,"male"
"神奈川県","1091.1",1942,"female"
"神奈川県","109.7",1942,"ratio"
"神奈川県","1256.9",1943,"male"
"神奈川県","1180.7",1943,"female"
"神奈川県","106.5",1943,"ratio"
"神奈川県","1278",1944,"male"
"神奈川県","1197",1944,"female"
"神奈川県","106.8",1944,"ratio"
"神奈川県","923",1945,"male"
"神奈川県","943",1945,"female"
"神奈川県","97.8",1945,"ratio"
"神奈川県","1005",1946,"male"
"神奈川県","1015",1946,"female"
"神奈川県","98.9",1946,"ratio"
"神奈川県","1115",1947,"male"
"神奈川県","1103",1947,"female"
"神奈川県","101.1",1947,"ratio"
"神奈川県","1159.2",1948,"male"
"神奈川県","1148.4",1948,"female"
"神奈川県","100.9",1948,"ratio"
"神奈川県","1203.2",1949,"male"
"神奈川県","1193.7",1949,"female"
"神奈川県","100.8",1949,"ratio"
"神奈川県","1248",1950,"male"
"神奈川県","1240",1950,"female"
"神奈川県","100.7",1950,"ratio"
"神奈川県","1300",1951,"male"
"神奈川県","1290",1951,"female"
"神奈川県","100.8",1951,"ratio"
"神奈川県","1346",1952,"male"
"神奈川県","1335",1952,"female"
"神奈川県","100.8",1952,"ratio"
"神奈川県","1391",1953,"male"
"神奈川県","1378",1953,"female"
"神奈川県","101",1953,"ratio"
"神奈川県","1431",1954,"male"
"神奈川県","1416",1954,"female"
"神奈川県","101",1954,"ratio"
"神奈川県","1470",1955,"male"
"神奈川県","1449",1955,"female"
"神奈川県","101.5",1955,"ratio"
"神奈川県","1511",1956,"male"
"神奈川県","1487",1956,"female"
"神奈川県","101.7",1956,"ratio"
"神奈川県","1562",1957,"male"
"神奈川県","1529",1957,"female"
"神奈川県","102.1",1957,"ratio"
"神奈川県","1613",1958,"male"
"神奈川県","1578",1958,"female"
"神奈川県","102.2",1958,"ratio"
"神奈川県","1671",1959,"male"
"神奈川県","1634",1959,"female"
"神奈川県","102.3",1959,"ratio"
"神奈川県","1747",1960,"male"
"神奈川県","1696",1960,"female"
"神奈川県","103",1960,"ratio"
"神奈川県","1838",1961,"male"
"神奈川県","1768",1961,"female"
"神奈川県","103.9",1961,"ratio"
"神奈川県","1946",1962,"male"
"神奈川県","1856",1962,"female"
"神奈川県","104.9",1962,"ratio"
"神奈川県","2046",1963,"male"
"神奈川県","1944",1963,"female"
"神奈川県","105.2",1963,"ratio"
"神奈川県","2160",1964,"male"
"神奈川県","2043",1964,"female"
"神奈川県","105.7",1964,"ratio"
"神奈川県","2281",1965,"male"
"神奈川県","2150",1965,"female"
"神奈川県","106.1",1965,"ratio"
"神奈川県","2362",1966,"male"
"神奈川県","2232",1966,"female"
"神奈川県","105.8",1966,"ratio"
"神奈川県","2470",1967,"male"
"神奈川県","2330",1967,"female"
"神奈川県","106",1967,"ratio"
"神奈川県","2590",1968,"male"
"神奈川県","2434",1968,"female"
"神奈川県","106.4",1968,"ratio"
"神奈川県","2702",1969,"male"
"神奈川県","2539",1969,"female"
"神奈川県","106.4",1969,"ratio"
"神奈川県","2822",1970,"male"
"神奈川県","2650",1970,"female"
"神奈川県","106.5",1970,"ratio"
"神奈川県","2943",1971,"male"
"神奈川県","2770",1971,"female"
"神奈川県","106.2",1971,"ratio"
"神奈川県","3048",1972,"male"
"神奈川県","2877",1972,"female"
"神奈川県","105.9",1972,"ratio"
"神奈川県","3140",1973,"male"
"神奈川県","2967",1973,"female"
"神奈川県","105.8",1973,"ratio"
"神奈川県","3220",1974,"male"
"神奈川県","3044",1974,"female"
"神奈川県","105.8",1974,"ratio"
"神奈川県","3287",1975,"male"
"神奈川県","3111",1975,"female"
"神奈川県","105.7",1975,"ratio"
"神奈川県","3337",1976,"male"
"神奈川県","3173",1976,"female"
"神奈川県","105.2",1976,"ratio"
"神奈川県","3385",1977,"male"
"神奈川県","3230",1977,"female"
"神奈川県","104.8",1977,"ratio"
"神奈川県","3439",1978,"male"
"神奈川県","3289",1978,"female"
"神奈川県","104.6",1978,"ratio"
"神奈川県","3490",1979,"male"
"神奈川県","3342",1979,"female"
"神奈川県","104.4",1979,"ratio"
"神奈川県","3536",1980,"male"
"神奈川県","3388",1980,"female"
"神奈川県","104.4",1980,"ratio"
"神奈川県","3588",1981,"male"
"神奈川県","3435",1981,"female"
"神奈川県","104.5",1981,"ratio"
"神奈川県","3644",1982,"male"
"神奈川県","3483",1982,"female"
"神奈川県","104.6",1982,"ratio"
"神奈川県","3696",1983,"male"
"神奈川県","3531",1983,"female"
"神奈川県","104.7",1983,"ratio"
"神奈川県","3750",1984,"male"
"神奈川県","3578",1984,"female"
"神奈川県","104.8",1984,"ratio"
"神奈川県","3804",1985,"male"
"神奈川県","3628",1985,"female"
"神奈川県","104.9",1985,"ratio"
"神奈川県","3869",1986,"male"
"神奈川県","3684",1986,"female"
"神奈川県","105",1986,"ratio"
"神奈川県","3939",1987,"male"
"神奈川県","3745",1987,"female"
"神奈川県","105.2",1987,"ratio"
"神奈川県","3998",1988,"male"
"神奈川県","3796",1988,"female"
"神奈川県","105.3",1988,"ratio"
"神奈川県","4051",1989,"male"
"神奈川県","3840",1989,"female"
"神奈川県","105.5",1989,"ratio"
"神奈川県","4098",1990,"male"
"神奈川県","3882",1990,"female"
"神奈川県","105.6",1990,"ratio"
"神奈川県","4133",1991,"male"
"神奈川県","3917",1991,"female"
"神奈川県","105.5",1991,"ratio"
"神奈川県","4164",1992,"male"
"神奈川県","3952",1992,"female"
"神奈川県","105.4",1992,"ratio"
"神奈川県","4183",1993,"male"
"神奈川県","3983",1993,"female"
"神奈川県","105",1993,"ratio"
"神奈川県","4196",1994,"male"
"神奈川県","4011",1994,"female"
"神奈川県","104.6",1994,"ratio"
"神奈川県","4210",1995,"male"
"神奈川県","4036",1995,"female"
"神奈川県","104.3",1995,"ratio"
"神奈川県","4220",1996,"male"
"神奈川県","4059",1996,"female"
"神奈川県","104",1996,"ratio"
"神奈川県","4235",1997,"male"
"神奈川県","4084",1997,"female"
"神奈川県","103.7",1997,"ratio"
"神奈川県","4264",1998,"male"
"神奈川県","4119",1998,"female"
"神奈川県","103.5",1998,"ratio"
"神奈川県","4285",1999,"male"
"神奈川県","4147",1999,"female"
"神奈川県","103.3",1999,"ratio"
"神奈川県","4309",2000,"male"
"神奈川県","4181",2000,"female"
"神奈川県","103.1",2000,"ratio"
"新潟県","872",1920,"male"
"新潟県","905",1920,"female"
"新潟県","96.3",1920,"ratio"
"新潟県","879.7",1921,"male"
"新潟県","910.9",1921,"female"
"新潟県","96.6",1921,"ratio"
"新潟県","885.6",1922,"male"
"新潟県","913.7",1922,"female"
"新潟県","96.9",1922,"ratio"
"新潟県","900.3",1923,"male"
"新潟県","925.4",1923,"female"
"新潟県","97.3",1923,"ratio"
"新潟県","907.6",1924,"male"
"新潟県","932.1",1924,"female"
"新潟県","97.4",1924,"ratio"
"新潟県","914",1925,"male"
"新潟県","936",1925,"female"
"新潟県","97.6",1925,"ratio"
"新潟県","920.8",1926,"male"
"新潟県","942.8",1926,"female"
"新潟県","97.7",1926,"ratio"
"新潟県","928.5",1927,"male"
"新潟県","952.2",1927,"female"
"新潟県","97.5",1927,"ratio"
"新潟県","937.9",1928,"male"
"新潟県","960.1",1928,"female"
"新潟県","97.7",1928,"ratio"
"新潟県","944.9",1929,"male"
"新潟県","966.9",1929,"female"
"新潟県","97.7",1929,"ratio"
"新潟県","956",1930,"male"
"新潟県","978",1930,"female"
"新潟県","97.7",1930,"ratio"
"新潟県","968.1",1931,"male"
"新潟県","990",1931,"female"
"新潟県","97.8",1931,"ratio"
"新潟県","974.7",1932,"male"
"新潟県","998.2",1932,"female"
"新潟県","97.6",1932,"ratio"
"新潟県","981.6",1933,"male"
"新潟県","1007.4",1933,"female"
"新潟県","97.4",1933,"ratio"
"新潟県","981.5",1934,"male"
"新潟県","1009.8",1934,"female"
"新潟県","97.2",1934,"ratio"
"新潟県","982",1935,"male"
"新潟県","1013",1935,"female"
"新潟県","97",1935,"ratio"
"新潟県","1014",1936,"male"
"新潟県","1031.4",1936,"female"
"新潟県","98.3",1936,"ratio"
"新潟県","1019.2",1937,"male"
"新潟県","1047.7",1937,"female"
"新潟県","97.3",1937,"ratio"
"新潟県","1021.2",1938,"male"
"新潟県","1056",1938,"female"
"新潟県","96.7",1938,"ratio"
"新潟県","999.3",1939,"male"
"新潟県","1050.1",1939,"female"
"新潟県","95.2",1939,"ratio"
"新潟県","975",1940,"male"
"新潟県","1047",1940,"female"
"新潟県","93.1",1940,"ratio"
"新潟県","945.5",1941,"male"
"新潟県","1057.9",1941,"female"
"新潟県","89.4",1941,"ratio"
"新潟県","939.8",1942,"male"
"新潟県","1069.2",1942,"female"
"新潟県","87.9",1942,"ratio"
"新潟県","925",1943,"male"
"新潟県","1076",1943,"female"
"新潟県","86",1943,"ratio"
"新潟県","914",1944,"male"
"新潟県","1080",1944,"female"
"新潟県","84.6",1944,"ratio"
"新潟県","1096",1945,"male"
"新潟県","1294",1945,"female"
"新潟県","84.7",1945,"ratio"
"新潟県","1085",1946,"male"
"新潟県","1242",1946,"female"
"新潟県","87.3",1946,"ratio"
"新潟県","1162",1947,"male"
"新潟県","1256",1947,"female"
"新潟県","92.6",1947,"ratio"
"新潟県","1171",1948,"male"
"新潟県","1254.2",1948,"female"
"新潟県","93.4",1948,"ratio"
"新潟県","1182.7",1949,"male"
"新潟県","1259.1",1949,"female"
"新潟県","93.9",1949,"ratio"
"新潟県","1195",1950,"male"
"新潟県","1266",1950,"female"
"新潟県","94.4",1950,"ratio"
"新潟県","1194",1951,"male"
"新潟県","1265",1951,"female"
"新潟県","94.4",1951,"ratio"
"新潟県","1190",1952,"male"
"新潟県","1265",1952,"female"
"新潟県","94.1",1952,"ratio"
"新潟県","1191",1953,"male"
"新潟県","1267",1953,"female"
"新潟県","94",1953,"ratio"
"新潟県","1193",1954,"male"
"新潟県","1271",1954,"female"
"新潟県","93.9",1954,"ratio"
"新潟県","1196",1955,"male"
"新潟県","1278",1955,"female"
"新潟県","93.6",1955,"ratio"
"新潟県","1195",1956,"male"
"新潟県","1276",1956,"female"
"新潟県","93.6",1956,"ratio"
"新潟県","1192",1957,"male"
"新潟県","1271",1957,"female"
"新潟県","93.8",1957,"ratio"
"新潟県","1189",1958,"male"
"新潟県","1270",1958,"female"
"新潟県","93.6",1958,"ratio"
"新潟県","1185",1959,"male"
"新潟県","1267",1959,"female"
"新潟県","93.5",1959,"ratio"
"新潟県","1178",1960,"male"
"新潟県","1264",1960,"female"
"新潟県","93.2",1960,"ratio"
"新潟県","1174",1961,"male"
"新潟県","1260",1961,"female"
"新潟県","93.2",1961,"ratio"
"新潟県","1168",1962,"male"
"新潟県","1253",1962,"female"
"新潟県","93.2",1962,"ratio"
"新潟県","1164",1963,"male"
"新潟県","1248",1963,"female"
"新潟県","93.3",1963,"ratio"
"新潟県","1161",1964,"male"
"新潟県","1243",1964,"female"
"新潟県","93.4",1964,"ratio"
"新潟県","1160",1965,"male"
"新潟県","1239",1965,"female"
"新潟県","93.7",1965,"ratio"
"新潟県","1154",1966,"male"
"新潟県","1233",1966,"female"
"新潟県","93.6",1966,"ratio"
"新潟県","1152",1967,"male"
"新潟県","1231",1967,"female"
"新潟県","93.5",1967,"ratio"
"新潟県","1148",1968,"male"
"新潟県","1228",1968,"female"
"新潟県","93.5",1968,"ratio"
"新潟県","1144",1969,"male"
"新潟県","1225",1969,"female"
"新潟県","93.4",1969,"ratio"
"新潟県","1140",1970,"male"
"新潟県","1221",1970,"female"
"新潟県","93.4",1970,"ratio"
"新潟県","1139",1971,"male"
"新潟県","1218",1971,"female"
"新潟県","93.5",1971,"ratio"
"新潟県","1140",1972,"male"
"新潟県","1218",1972,"female"
"新潟県","93.6",1972,"ratio"
"新潟県","1145",1973,"male"
"新潟県","1220",1973,"female"
"新潟県","93.8",1973,"ratio"
"新潟県","1152",1974,"male"
"新潟県","1225",1974,"female"
"新潟県","94.1",1974,"ratio"
"新潟県","1161",1975,"male"
"新潟県","1231",1975,"female"
"新潟県","94.3",1975,"ratio"
"新潟県","1169",1976,"male"
"新潟県","1237",1976,"female"
"新潟県","94.4",1976,"ratio"
"新潟県","1175",1977,"male"
"新潟県","1242",1977,"female"
"新潟県","94.6",1977,"ratio"
"新潟県","1181",1978,"male"
"新潟県","1247",1978,"female"
"新潟県","94.7",1978,"ratio"
"新潟県","1187",1979,"male"
"新潟県","1252",1979,"female"
"新潟県","94.8",1979,"ratio"
"新潟県","1194",1980,"male"
"新潟県","1258",1980,"female"
"新潟県","94.9",1980,"ratio"
"新潟県","1197",1981,"male"
"新潟県","1261",1981,"female"
"新潟県","95",1981,"ratio"
"新潟県","1200",1982,"male"
"新潟県","1265",1982,"female"
"新潟県","94.9",1982,"ratio"
"新潟県","1202",1983,"male"
"新潟県","1267",1983,"female"
"新潟県","94.8",1983,"ratio"
"新潟県","1204",1984,"male"
"新潟県","1271",1984,"female"
"新潟県","94.7",1984,"ratio"
"新潟県","1205",1985,"male"
"新潟県","1273",1985,"female"
"新潟県","94.6",1985,"ratio"
"新潟県","1204",1986,"male"
"新潟県","1274",1986,"female"
"新潟県","94.5",1986,"ratio"
"新潟県","1203",1987,"male"
"新潟県","1274",1987,"female"
"新潟県","94.4",1987,"ratio"
"新潟県","1202",1988,"male"
"新潟県","1274",1988,"female"
"新潟県","94.3",1988,"ratio"
"新潟県","1202",1989,"male"
"新潟県","1275",1989,"female"
"新潟県","94.3",1989,"ratio"
"新潟県","1200",1990,"male"
"新潟県","1274",1990,"female"
"新潟県","94.2",1990,"ratio"
"新潟県","1201",1991,"male"
"新潟県","1274",1991,"female"
"新潟県","94.2",1991,"ratio"
"新潟県","1202",1992,"male"
"新潟県","1275",1992,"female"
"新潟県","94.3",1992,"ratio"
"新潟県","1204",1993,"male"
"新潟県","1275",1993,"female"
"新潟県","94.4",1993,"ratio"
"新潟県","1207",1994,"male"
"新潟県","1277",1994,"female"
"新潟県","94.5",1994,"ratio"
"新潟県","1210",1995,"male"
"新潟県","1279",1995,"female"
"新潟県","94.6",1995,"ratio"
"新潟県","1211",1996,"male"
"新潟県","1279",1996,"female"
"新潟県","94.6",1996,"ratio"
"新潟県","1210",1997,"male"
"新潟県","1280",1997,"female"
"新潟県","94.6",1997,"ratio"
"新潟県","1209",1998,"male"
"新潟県","1279",1998,"female"
"新潟県","94.6",1998,"ratio"
"新潟県","1205",1999,"male"
"新潟県","1276",1999,"female"
"新潟県","94.4",1999,"ratio"
"新潟県","1202",2000,"male"
"新潟県","1274",2000,"female"
"新潟県","94.4",2000,"ratio"
"富山県","355",1920,"male"
"富山県","370",1920,"female"
"富山県","96",1920,"ratio"
"富山県","355.5",1921,"male"
"富山県","369.2",1921,"female"
"富山県","96.3",1921,"ratio"
"富山県","355.1",1922,"male"
"富山県","368.1",1922,"female"
"富山県","96.5",1922,"ratio"
"富山県","360.8",1923,"male"
"富山県","372.3",1923,"female"
"富山県","96.9",1923,"ratio"
"富山県","364.9",1924,"male"
"富山県","376.7",1924,"female"
"富山県","96.9",1924,"ratio"
"富山県","369",1925,"male"
"富山県","381",1925,"female"
"富山県","96.8",1925,"ratio"
"富山県","373",1926,"male"
"富山県","385.2",1926,"female"
"富山県","96.8",1926,"ratio"
"富山県","374.5",1927,"male"
"富山県","388.1",1927,"female"
"富山県","96.5",1927,"ratio"
"富山県","377",1928,"male"
"富山県","390.8",1928,"female"
"富山県","96.5",1928,"ratio"
"富山県","378.8",1929,"male"
"富山県","393.2",1929,"female"
"富山県","96.3",1929,"ratio"
"富山県","382",1930,"male"
"富山県","397",1930,"female"
"富山県","96.1",1930,"ratio"
"富山県","385.2",1931,"male"
"富山県","400.8",1931,"female"
"富山県","96.1",1931,"ratio"
"富山県","384",1932,"male"
"富山県","401.9",1932,"female"
"富山県","95.5",1932,"ratio"
"富山県","385",1933,"male"
"富山県","404.7",1933,"female"
"富山県","95.1",1933,"ratio"
"富山県","386.3",1934,"male"
"富山県","406.8",1934,"female"
"富山県","95",1934,"ratio"
"富山県","389",1935,"male"
"富山県","410",1935,"female"
"富山県","94.8",1935,"ratio"
"富山県","393.7",1936,"male"
"富山県","415.1",1936,"female"
"富山県","94.8",1936,"ratio"
"富山県","394.9",1937,"male"
"富山県","418.7",1937,"female"
"富山県","94.3",1937,"ratio"
"富山県","397.6",1938,"male"
"富山県","421.1",1938,"female"
"富山県","94.4",1938,"ratio"
"富山県","395.4",1939,"male"
"富山県","421.4",1939,"female"
"富山県","93.8",1939,"ratio"
"富山県","389",1940,"male"
"富山県","421",1940,"female"
"富山県","92.3",1940,"ratio"
"富山県","379.5",1941,"male"
"富山県","425.8",1941,"female"
"富山県","89.1",1941,"ratio"
"富山県","379.2",1942,"male"
"富山県","431.9",1942,"female"
"富山県","87.8",1942,"ratio"
"富山県","377.7",1943,"male"
"富山県","438.8",1943,"female"
"富山県","86.1",1943,"ratio"
"富山県","376",1944,"male"
"富山県","443",1944,"female"
"富山県","84.8",1944,"ratio"
"富山県","442",1945,"male"
"富山県","511",1945,"female"
"富山県","86.5",1945,"ratio"
"富山県","441",1946,"male"
"富山県","492",1946,"female"
"富山県","89.5",1946,"ratio"
"富山県","473",1947,"male"
"富山県","506",1947,"female"
"富山県","93.4",1947,"ratio"
"富山県","478.7",1948,"male"
"富山県","511.4",1948,"female"
"富山県","93.6",1948,"ratio"
"富山県","483.9",1949,"male"
"富山県","515.9",1949,"female"
"富山県","93.8",1949,"ratio"
"富山県","489",1950,"male"
"富山県","520",1950,"female"
"富山県","94",1950,"ratio"
"富山県","491",1951,"male"
"富山県","522",1951,"female"
"富山県","94",1951,"ratio"
"富山県","491",1952,"male"
"富山県","523",1952,"female"
"富山県","94",1952,"ratio"
"富山県","492",1953,"male"
"富山県","524",1953,"female"
"富山県","93.9",1953,"ratio"
"富山県","493",1954,"male"
"富山県","525",1954,"female"
"富山県","93.9",1954,"ratio"
"富山県","494",1955,"male"
"富山県","527",1955,"female"
"富山県","93.8",1955,"ratio"
"富山県","496",1956,"male"
"富山県","528",1956,"female"
"富山県","94",1956,"ratio"
"富山県","497",1957,"male"
"富山県","528",1957,"female"
"富山県","94.1",1957,"ratio"
"富山県","499",1958,"male"
"富山県","530",1958,"female"
"富山県","94.1",1958,"ratio"
"富山県","500",1959,"male"
"富山県","531",1959,"female"
"富山県","94.1",1959,"ratio"
"富山県","501",1960,"male"
"富山県","532",1960,"female"
"富山県","94.1",1960,"ratio"
"富山県","499",1961,"male"
"富山県","533",1961,"female"
"富山県","93.7",1961,"ratio"
"富山県","497",1962,"male"
"富山県","533",1962,"female"
"富山県","93.3",1962,"ratio"
"富山県","495",1963,"male"
"富山県","533",1963,"female"
"富山県","92.9",1963,"ratio"
"富山県","494",1964,"male"
"富山県","533",1964,"female"
"富山県","92.5",1964,"ratio"
"富山県","492",1965,"male"
"富山県","534",1965,"female"
"富山県","92.1",1965,"ratio"
"富山県","489",1966,"male"
"富山県","532",1966,"female"
"富山県","91.9",1966,"ratio"
"富山県","489",1967,"male"
"富山県","533",1967,"female"
"富山県","91.8",1967,"ratio"
"富山県","489",1968,"male"
"富山県","534",1968,"female"
"富山県","91.6",1968,"ratio"
"富山県","490",1969,"male"
"富山県","535",1969,"female"
"富山県","91.5",1969,"ratio"
"富山県","492",1970,"male"
"富山県","537",1970,"female"
"富山県","91.7",1970,"ratio"
"富山県","496",1971,"male"
"富山県","540",1971,"female"
"富山県","91.8",1971,"ratio"
"富山県","500",1972,"male"
"富山県","544",1972,"female"
"富山県","92",1972,"ratio"
"富山県","505",1973,"male"
"富山県","548",1973,"female"
"富山県","92.2",1973,"ratio"
"富山県","510",1974,"male"
"富山県","552",1974,"female"
"富山県","92.4",1974,"ratio"
"富山県","515",1975,"male"
"富山県","556",1975,"female"
"富山県","92.7",1975,"ratio"
"富山県","519",1976,"male"
"富山県","559",1976,"female"
"富山県","92.8",1976,"ratio"
"富山県","523",1977,"male"
"富山県","562",1977,"female"
"富山県","93",1977,"ratio"
"富山県","527",1978,"male"
"富山県","565",1978,"female"
"富山県","93.2",1978,"ratio"
"富山県","530",1979,"male"
"富山県","568",1979,"female"
"富山県","93.2",1979,"ratio"
"富山県","533",1980,"male"
"富山県","571",1980,"female"
"富山県","93.3",1980,"ratio"
"富山県","534",1981,"male"
"富山県","572",1981,"female"
"富山県","93.3",1981,"ratio"
"富山県","535",1982,"male"
"富山県","574",1982,"female"
"富山県","93.2",1982,"ratio"
"富山県","537",1983,"male"
"富山県","576",1983,"female"
"富山県","93.2",1983,"ratio"
"富山県","538",1984,"male"
"富山県","578",1984,"female"
"富山県","93.2",1984,"ratio"
"富山県","539",1985,"male"
"富山県","579",1985,"female"
"富山県","93",1985,"ratio"
"富山県","539",1986,"male"
"富山県","580",1986,"female"
"富山県","92.9",1986,"ratio"
"富山県","539",1987,"male"
"富山県","581",1987,"female"
"富山県","92.8",1987,"ratio"
"富山県","539",1988,"male"
"富山県","581",1988,"female"
"富山県","92.7",1988,"ratio"
"富山県","539",1989,"male"
"富山県","581",1989,"female"
"富山県","92.7",1989,"ratio"
"富山県","539",1990,"male"
"富山県","582",1990,"female"
"富山県","92.6",1990,"ratio"
"富山県","539",1991,"male"
"富山県","582",1991,"female"
"富山県","92.7",1991,"ratio"
"富山県","539",1992,"male"
"富山県","581",1992,"female"
"富山県","92.7",1992,"ratio"
"富山県","540",1993,"male"
"富山県","581",1993,"female"
"富山県","92.8",1993,"ratio"
"富山県","540",1994,"male"
"富山県","582",1994,"female"
"富山県","92.8",1994,"ratio"
"富山県","541",1995,"male"
"富山県","582",1995,"female"
"富山県","92.9",1995,"ratio"
"富山県","542",1996,"male"
"富山県","583",1996,"female"
"富山県","92.9",1996,"ratio"
"富山県","542",1997,"male"
"富山県","583",1997,"female"
"富山県","93",1997,"ratio"
"富山県","541",1998,"male"
"富山県","582",1998,"female"
"富山県","93",1998,"ratio"
"富山県","540",1999,"male"
"富山県","581",1999,"female"
"富山県","93",1999,"ratio"
"富山県","540",2000,"male"
"富山県","581",2000,"female"
"富山県","93",2000,"ratio"
"石川県","364",1920,"male"
"石川県","383",1920,"female"
"石川県","95.1",1920,"ratio"
"石川県","364.6",1921,"male"
"石川県","383.4",1921,"female"
"石川県","95.1",1921,"ratio"
"石川県","364.9",1922,"male"
"石川県","383.9",1922,"female"
"石川県","95.1",1922,"ratio"
"石川県","365.2",1923,"male"
"石川県","384.4",1923,"female"
"石川県","95",1923,"ratio"
"石川県","365.3",1924,"male"
"石川県","384.7",1924,"female"
"石川県","95",1924,"ratio"
"石川県","366",1925,"male"
"石川県","385",1925,"female"
"石川県","94.9",1925,"ratio"
"石川県","366.2",1926,"male"
"石川県","385.9",1926,"female"
"石川県","94.9",1926,"ratio"
"石川県","366.7",1927,"male"
"石川県","386.5",1927,"female"
"石川県","94.9",1927,"ratio"
"石川県","367.2",1928,"male"
"石川県","387",1928,"female"
"石川県","94.9",1928,"ratio"
"石川県","367.7",1929,"male"
"石川県","387.6",1929,"female"
"石川県","94.9",1929,"ratio"
"石川県","368",1930,"male"
"石川県","388",1930,"female"
"石川県","94.8",1930,"ratio"
"石川県","365.3",1931,"male"
"石川県","389.2",1931,"female"
"石川県","93.9",1931,"ratio"
"石川県","360.7",1932,"male"
"石川県","388.9",1932,"female"
"石川県","92.7",1932,"ratio"
"石川県","365.8",1933,"male"
"石川県","393.4",1933,"female"
"石川県","93",1933,"ratio"
"石川県","368.7",1934,"male"
"石川県","395.6",1934,"female"
"石川県","93.2",1934,"ratio"
"石川県","371",1935,"male"
"石川県","398",1935,"female"
"石川県","93.3",1935,"ratio"
"石川県","376.7",1936,"male"
"石川県","401",1936,"female"
"石川県","93.9",1936,"ratio"
"石川県","375.3",1937,"male"
"石川県","401.9",1937,"female"
"石川県","93.4",1937,"ratio"
"石川県","365",1938,"male"
"石川県","399.4",1938,"female"
"石川県","91.4",1938,"ratio"
"石川県","355.5",1939,"male"
"石川県","394.4",1939,"female"
"石川県","90.1",1939,"ratio"
"石川県","352",1940,"male"
"石川県","394",1940,"female"
"石川県","89.4",1940,"ratio"
"石川県","341.5",1941,"male"
"石川県","395.1",1941,"female"
"石川県","86.4",1941,"ratio"
"石川県","340.1",1942,"male"
"石川県","397.2",1942,"female"
"石川県","85.6",1942,"ratio"
"石川県","336.5",1943,"male"
"石川県","404.5",1943,"female"
"石川県","83.2",1943,"ratio"
"石川県","333",1944,"male"
"石川県","410",1944,"female"
"石川県","81.2",1944,"ratio"
"石川県","405",1945,"male"
"石川県","482",1945,"female"
"石川県","84",1945,"ratio"
"石川県","407",1946,"male"
"石川県","470",1946,"female"
"石川県","86.7",1946,"ratio"
"石川県","444",1947,"male"
"石川県","484",1947,"female"
"石川県","91.7",1947,"ratio"
"石川県","453.2",1948,"male"
"石川県","491.9",1948,"female"
"石川県","92.1",1948,"ratio"
"石川県","457.7",1949,"male"
"石川県","494.9",1949,"female"
"石川県","92.5",1949,"ratio"
"石川県","461",1950,"male"
"石川県","496",1950,"female"
"石川県","92.8",1950,"ratio"
"石川県","463",1951,"male"
"石川県","497",1951,"female"
"石川県","93.2",1951,"ratio"
"石川県","462",1952,"male"
"石川県","497",1952,"female"
"石川県","92.9",1952,"ratio"
"石川県","460",1953,"male"
"石川県","498",1953,"female"
"石川県","92.4",1953,"ratio"
"石川県","462",1954,"male"
"石川県","500",1954,"female"
"石川県","92.4",1954,"ratio"
"石川県","463",1955,"male"
"石川県","503",1955,"female"
"石川県","92.2",1955,"ratio"
"石川県","465",1956,"male"
"石川県","504",1956,"female"
"石川県","92.3",1956,"ratio"
"石川県","465",1957,"male"
"石川県","504",1957,"female"
"石川県","92.1",1957,"ratio"
"石川県","465",1958,"male"
"石川県","505",1958,"female"
"石川県","92",1958,"ratio"
"石川県","465",1959,"male"
"石川県","506",1959,"female"
"石川県","91.8",1959,"ratio"
"石川県","465",1960,"male"
"石川県","509",1960,"female"
"石川県","91.4",1960,"ratio"
"石川県","466",1961,"male"
"石川県","509",1961,"female"
"石川県","91.5",1961,"ratio"
"石川県","465",1962,"male"
"石川県","509",1962,"female"
"石川県","91.3",1962,"ratio"
"石川県","466",1963,"male"
"石川県","510",1963,"female"
"石川県","91.4",1963,"ratio"
"石川県","467",1964,"male"
"石川県","511",1964,"female"
"石川県","91.4",1964,"ratio"
"石川県","469",1965,"male"
"石川県","512",1965,"female"
"石川県","91.5",1965,"ratio"
"石川県","468",1966,"male"
"石川県","512",1966,"female"
"石川県","91.5",1966,"ratio"
"石川県","471",1967,"male"
"石川県","514",1967,"female"
"石川県","91.5",1967,"ratio"
"石川県","473",1968,"male"
"石川県","516",1968,"female"
"石川県","91.6",1968,"ratio"
"石川県","476",1969,"male"
"石川県","519",1969,"female"
"石川県","91.8",1969,"ratio"
"石川県","480",1970,"male"
"石川県","522",1970,"female"
"石川県","92",1970,"ratio"
"石川県","486",1971,"male"
"石川県","526",1971,"female"
"石川県","92.3",1971,"ratio"
"石川県","493",1972,"male"
"石川県","532",1972,"female"
"石川県","92.6",1972,"ratio"
"石川県","502",1973,"male"
"石川県","538",1973,"female"
"石川県","93.2",1973,"ratio"
"石川県","511",1974,"male"
"石川県","545",1974,"female"
"石川県","93.6",1974,"ratio"
"石川県","519",1975,"male"
"石川県","551",1975,"female"
"石川県","94.1",1975,"ratio"
"石川県","525",1976,"male"
"石川県","557",1976,"female"
"石川県","94.2",1976,"ratio"
"石川県","529",1977,"male"
"石川県","562",1977,"female"
"石川県","94.2",1977,"ratio"
"石川県","534",1978,"male"
"石川県","566",1978,"female"
"石川県","94.2",1978,"ratio"
"石川県","539",1979,"male"
"石川県","572",1979,"female"
"石川県","94.2",1979,"ratio"
"石川県","543",1980,"male"
"石川県","577",1980,"female"
"石川県","94.1",1980,"ratio"
"石川県","546",1981,"male"
"石川県","580",1981,"female"
"石川県","94.1",1981,"ratio"
"石川県","550",1982,"male"
"石川県","585",1982,"female"
"石川県","94.1",1982,"ratio"
"石川県","553",1983,"male"
"石川県","588",1983,"female"
"石川県","94",1983,"ratio"
"石川県","555",1984,"male"
"石川県","592",1984,"female"
"石川県","93.9",1984,"ratio"
"石川県","558",1985,"male"
"石川県","595",1985,"female"
"石川県","93.8",1985,"ratio"
"石川県","559",1986,"male"
"石川県","596",1986,"female"
"石川県","93.7",1986,"ratio"
"石川県","560",1987,"male"
"石川県","598",1987,"female"
"石川県","93.7",1987,"ratio"
"石川県","561",1988,"male"
"石川県","599",1988,"female"
"石川県","93.6",1988,"ratio"
"石川県","562",1989,"male"
"石川県","601",1989,"female"
"石川県","93.6",1989,"ratio"
"石川県","563",1990,"male"
"石川県","602",1990,"female"
"石川県","93.5",1990,"ratio"
"石川県","564",1991,"male"
"石川県","603",1991,"female"
"石川県","93.4",1991,"ratio"
"石川県","565",1992,"male"
"石川県","605",1992,"female"
"石川県","93.5",1992,"ratio"
"石川県","567",1993,"male"
"石川県","606",1993,"female"
"石川県","93.5",1993,"ratio"
"石川県","568",1994,"male"
"石川県","608",1994,"female"
"石川県","93.6",1994,"ratio"
"石川県","571",1995,"male"
"石川県","609",1995,"female"
"石川県","93.7",1995,"ratio"
"石川県","571",1996,"male"
"石川県","610",1996,"female"
"石川県","93.7",1996,"ratio"
"石川県","571",1997,"male"
"石川県","610",1997,"female"
"石川県","93.7",1997,"ratio"
"石川県","572",1998,"male"
"石川県","610",1998,"female"
"石川県","93.8",1998,"ratio"
"石川県","571",1999,"male"
"石川県","609",1999,"female"
"石川県","93.9",1999,"ratio"
"石川県","572",2000,"male"
"石川県","609",2000,"female"
"石川県","94",2000,"ratio"
"福井県","293",1920,"male"
"福井県","306",1920,"female"
"福井県","95.8",1920,"ratio"
"福井県","294.8",1921,"male"
"福井県","307.2",1921,"female"
"福井県","96",1921,"ratio"
"福井県","292.8",1922,"male"
"福井県","305",1922,"female"
"福井県","96",1922,"ratio"
"福井県","294.4",1923,"male"
"福井県","305.9",1923,"female"
"福井県","96.2",1923,"ratio"
"福井県","296.2",1924,"male"
"福井県","307.4",1924,"female"
"福井県","96.4",1924,"ratio"
"福井県","293",1925,"male"
"福井県","305",1925,"female"
"福井県","96.1",1925,"ratio"
"福井県","292.7",1926,"male"
"福井県","304.3",1926,"female"
"福井県","96.2",1926,"ratio"
"福井県","295.5",1927,"male"
"福井県","305",1927,"female"
"福井県","96.9",1927,"ratio"
"福井県","296.7",1928,"male"
"福井県","307.3",1928,"female"
"福井県","96.6",1928,"ratio"
"福井県","298.9",1929,"male"
"福井県","308.9",1929,"female"
"福井県","96.8",1929,"ratio"
"福井県","305",1930,"male"
"福井県","314",1930,"female"
"福井県","97.1",1930,"ratio"
"福井県","307.4",1931,"male"
"福井県","317.3",1931,"female"
"福井県","96.9",1931,"ratio"
"福井県","309.1",1932,"male"
"福井県","320.2",1932,"female"
"福井県","96.5",1932,"ratio"
"福井県","311.7",1933,"male"
"福井県","323.7",1933,"female"
"福井県","96.3",1933,"ratio"
"福井県","313.9",1934,"male"
"福井県","326.6",1934,"female"
"福井県","96.1",1934,"ratio"
"福井県","316",1935,"male"
"福井県","330",1935,"female"
"福井県","95.8",1935,"ratio"
"福井県","310.2",1936,"male"
"福井県","330.6",1936,"female"
"福井県","93.8",1936,"ratio"
"福井県","309.5",1937,"male"
"福井県","331",1937,"female"
"福井県","93.5",1937,"ratio"
"福井県","309.6",1938,"male"
"福井県","331.3",1938,"female"
"福井県","93.5",1938,"ratio"
"福井県","307.2",1939,"male"
"福井県","331.4",1939,"female"
"福井県","92.7",1939,"ratio"
"福井県","303",1940,"male"
"福井県","332",1940,"female"
"福井県","91.5",1940,"ratio"
"福井県","290",1941,"male"
"福井県","333.8",1941,"female"
"福井県","86.9",1941,"ratio"
"福井県","285.1",1942,"male"
"福井県","337.7",1942,"female"
"福井県","84.4",1942,"ratio"
"福井県","281.8",1943,"male"
"福井県","341.5",1943,"female"
"福井県","82.5",1943,"ratio"
"福井県","279",1944,"male"
"福井県","343",1944,"female"
"福井県","81.4",1944,"ratio"
"福井県","332",1945,"male"
"福井県","392",1945,"female"
"福井県","84.7",1945,"ratio"
"福井県","324",1946,"male"
"福井県","372",1946,"female"
"福井県","87",1946,"ratio"
"福井県","349",1947,"male"
"福井県","377",1947,"female"
"福井県","92.4",1947,"ratio"
"福井県","351.3",1948,"male"
"福井県","376.8",1948,"female"
"福井県","93.2",1948,"ratio"
"福井県","358.6",1949,"male"
"福井県","382.9",1949,"female"
"福井県","93.7",1949,"ratio"
"福井県","364",1950,"male"
"福井県","388",1950,"female"
"福井県","93.9",1950,"ratio"
"福井県","364",1951,"male"
"福井県","388",1951,"female"
"福井県","93.8",1951,"ratio"
"福井県","363",1952,"male"
"福井県","388",1952,"female"
"福井県","93.6",1952,"ratio"
"福井県","361",1953,"male"
"福井県","387",1953,"female"
"福井県","93.3",1953,"ratio"
"福井県","361",1954,"male"
"福井県","387",1954,"female"
"福井県","93.3",1954,"ratio"
"福井県","364",1955,"male"
"福井県","390",1955,"female"
"福井県","93.2",1955,"ratio"
"福井県","365",1956,"male"
"福井県","391",1956,"female"
"福井県","93.2",1956,"ratio"
"福井県","364",1957,"male"
"福井県","390",1957,"female"
"福井県","93.2",1957,"ratio"
"福井県","363",1958,"male"
"福井県","391",1958,"female"
"福井県","92.8",1958,"ratio"
"福井県","361",1959,"male"
"福井県","391",1959,"female"
"福井県","92.4",1959,"ratio"
"福井県","360",1960,"male"
"福井県","392",1960,"female"
"福井県","91.8",1960,"ratio"
"福井県","360",1961,"male"
"福井県","393",1961,"female"
"福井県","91.7",1961,"ratio"
"福井県","360",1962,"male"
"福井県","392",1962,"female"
"福井県","91.7",1962,"ratio"
"福井県","360",1963,"male"
"福井県","392",1963,"female"
"福井県","91.8",1963,"ratio"
"福井県","360",1964,"male"
"福井県","392",1964,"female"
"福井県","91.8",1964,"ratio"
"福井県","360",1965,"male"
"福井県","391",1965,"female"
"福井県","92",1965,"ratio"
"福井県","357",1966,"male"
"福井県","389",1966,"female"
"福井県","92",1966,"ratio"
"福井県","357",1967,"male"
"福井県","388",1967,"female"
"福井県","92",1967,"ratio"
"福井県","356",1968,"male"
"福井県","388",1968,"female"
"福井県","91.9",1968,"ratio"
"福井県","356",1969,"male"
"福井県","387",1969,"female"
"福井県","91.9",1969,"ratio"
"福井県","357",1970,"male"
"福井県","388",1970,"female"
"福井県","92",1970,"ratio"
"福井県","359",1971,"male"
"福井県","389",1971,"female"
"福井県","92.2",1971,"ratio"
"福井県","362",1972,"male"
"福井県","391",1972,"female"
"福井県","92.5",1972,"ratio"
"福井県","366",1973,"male"
"福井県","394",1973,"female"
"福井県","92.8",1973,"ratio"
"福井県","370",1974,"male"
"福井県","398",1974,"female"
"福井県","93.1",1974,"ratio"
"福井県","373",1975,"male"
"福井県","400",1975,"female"
"福井県","93.3",1975,"ratio"
"福井県","377",1976,"male"
"福井県","403",1976,"female"
"福井県","93.5",1976,"ratio"
"福井県","379",1977,"male"
"福井県","405",1977,"female"
"福井県","93.6",1977,"ratio"
"福井県","381",1978,"male"
"福井県","406",1978,"female"
"福井県","93.7",1978,"ratio"
"福井県","383",1979,"male"
"福井県","408",1979,"female"
"福井県","93.7",1979,"ratio"
"福井県","384",1980,"male"
"福井県","410",1980,"female"
"福井県","93.7",1980,"ratio"
"福井県","386",1981,"male"
"福井県","412",1981,"female"
"福井県","93.8",1981,"ratio"
"福井県","389",1982,"male"
"福井県","414",1982,"female"
"福井県","94",1982,"ratio"
"福井県","392",1983,"male"
"福井県","416",1983,"female"
"福井県","94.2",1983,"ratio"
"福井県","395",1984,"male"
"福井県","418",1984,"female"
"福井県","94.3",1984,"ratio"
"福井県","397",1985,"male"
"福井県","421",1985,"female"
"福井県","94.4",1985,"ratio"
"福井県","398",1986,"male"
"福井県","421",1986,"female"
"福井県","94.6",1986,"ratio"
"福井県","399",1987,"male"
"福井県","422",1987,"female"
"福井県","94.6",1987,"ratio"
"福井県","400",1988,"male"
"福井県","423",1988,"female"
"福井県","94.5",1988,"ratio"
"福井県","400",1989,"male"
"福井県","423",1989,"female"
"福井県","94.6",1989,"ratio"
"福井県","400",1990,"male"
"福井県","423",1990,"female"
"福井県","94.6",1990,"ratio"
"福井県","400",1991,"male"
"福井県","423",1991,"female"
"福井県","94.5",1991,"ratio"
"福井県","400",1992,"male"
"福井県","423",1992,"female"
"福井県","94.5",1992,"ratio"
"福井県","400",1993,"male"
"福井県","424",1993,"female"
"福井県","94.5",1993,"ratio"
"福井県","401",1994,"male"
"福井県","425",1994,"female"
"福井県","94.4",1994,"ratio"
"福井県","402",1995,"male"
"福井県","425",1995,"female"
"福井県","94.5",1995,"ratio"
"福井県","402",1996,"male"
"福井県","426",1996,"female"
"福井県","94.5",1996,"ratio"
"福井県","402",1997,"male"
"福井県","426",1997,"female"
"福井県","94.5",1997,"ratio"
"福井県","402",1998,"male"
"福井県","426",1998,"female"
"福井県","94.4",1998,"ratio"
"福井県","402",1999,"male"
"福井県","426",1999,"female"
"福井県","94.4",1999,"ratio"
"福井県","402",2000,"male"
"福井県","427",2000,"female"
"福井県","94.3",2000,"ratio"
"山梨県","291",1920,"male"
"山梨県","293",1920,"female"
"山梨県","99.4",1920,"ratio"
"山梨県","292.2",1921,"male"
"山梨県","293.6",1921,"female"
"山梨県","99.5",1921,"ratio"
"山梨県","294",1922,"male"
"山梨県","295",1922,"female"
"山梨県","99.7",1922,"ratio"
"山梨県","296.1",1923,"male"
"山梨県","296.4",1923,"female"
"山梨県","99.9",1923,"ratio"
"山梨県","297.4",1924,"male"
"山梨県","297.6",1924,"female"
"山梨県","99.9",1924,"ratio"
"山梨県","300",1925,"male"
"山梨県","300",1925,"female"
"山梨県","100",1925,"ratio"
"山梨県","302",1926,"male"
"山梨県","301.7",1926,"female"
"山梨県","100.1",1926,"ratio"
"山梨県","304.4",1927,"male"
"山梨県","304.7",1927,"female"
"山梨県","99.9",1927,"ratio"
"山梨県","306.9",1928,"male"
"山梨県","307.2",1928,"female"
"山梨県","99.9",1928,"ratio"
"山梨県","309.8",1929,"male"
"山梨県","307.3",1929,"female"
"山梨県","100.8",1929,"ratio"
"山梨県","315",1930,"male"
"山梨県","316",1930,"female"
"山梨県","99.9",1930,"ratio"
"山梨県","316.5",1931,"male"
"山梨県","318.1",1931,"female"
"山梨県","99.5",1931,"ratio"
"山梨県","317.3",1932,"male"
"山梨県","320.3",1932,"female"
"山梨県","99.1",1932,"ratio"
"山梨県","318.2",1933,"male"
"山梨県","322.6",1933,"female"
"山梨県","98.6",1933,"ratio"
"山梨県","318.6",1934,"male"
"山梨県","324.5",1934,"female"
"山梨県","98.2",1934,"ratio"
"山梨県","320",1935,"male"
"山梨県","327",1935,"female"
"山梨県","97.9",1935,"ratio"
"山梨県","316.9",1936,"male"
"山梨県","329",1936,"female"
"山梨県","96.3",1936,"ratio"
"山梨県","316.9",1937,"male"
"山梨県","331.2",1937,"female"
"山梨県","95.7",1937,"ratio"
"山梨県","316.9",1938,"male"
"山梨県","332.6",1938,"female"
"山梨県","95.3",1938,"ratio"
"山梨県","316",1939,"male"
"山梨県","334.1",1939,"female"
"山梨県","94.6",1939,"ratio"
"山梨県","316",1940,"male"
"山梨県","335",1940,"female"
"山梨県","94.4",1940,"ratio"
"山梨県","288.6",1941,"male"
"山梨県","335.3",1941,"female"
"山梨県","86.1",1941,"ratio"
"山梨県","288",1942,"male"
"山梨県","334.3",1942,"female"
"山梨県","86.2",1942,"ratio"
"山梨県","286.3",1943,"male"
"山梨県","339.7",1943,"female"
"山梨県","84.3",1943,"ratio"
"山梨県","290",1944,"male"
"山梨県","345",1944,"female"
"山梨県","83.9",1944,"ratio"
"山梨県","384",1945,"male"
"山梨県","455",1945,"female"
"山梨県","84.5",1945,"ratio"
"山梨県","374",1946,"male"
"山梨県","423",1946,"female"
"山梨県","88.3",1946,"ratio"
"山梨県","388",1947,"male"
"山梨県","419",1947,"female"
"山梨県","92.7",1947,"ratio"
"山梨県","390.1",1948,"male"
"山梨県","418.2",1948,"female"
"山梨県","93.3",1948,"ratio"
"山梨県","392.5",1949,"male"
"山梨県","418.3",1949,"female"
"山梨県","93.8",1949,"ratio"
"山梨県","394",1950,"male"
"山梨県","418",1950,"female"
"山梨県","94.2",1950,"ratio"
"山梨県","392",1951,"male"
"山梨県","416",1951,"female"
"山梨県","94.1",1951,"ratio"
"山梨県","391",1952,"male"
"山梨県","416",1952,"female"
"山梨県","94",1952,"ratio"
"山梨県","390",1953,"male"
"山梨県","415",1953,"female"
"山梨県","94",1953,"ratio"
"山梨県","390",1954,"male"
"山梨県","416",1954,"female"
"山梨県","93.7",1954,"ratio"
"山梨県","390",1955,"male"
"山梨県","417",1955,"female"
"山梨県","93.6",1955,"ratio"
"山梨県","389",1956,"male"
"山梨県","414",1956,"female"
"山梨県","93.9",1956,"ratio"
"山梨県","386",1957,"male"
"山梨県","412",1957,"female"
"山梨県","93.7",1957,"ratio"
"山梨県","384",1958,"male"
"山梨県","410",1958,"female"
"山梨県","93.7",1958,"ratio"
"山梨県","381",1959,"male"
"山梨県","406",1959,"female"
"山梨県","93.8",1959,"ratio"
"山梨県","379",1960,"male"
"山梨県","403",1960,"female"
"山梨県","94.1",1960,"ratio"
"山梨県","376",1961,"male"
"山梨県","401",1961,"female"
"山梨県","93.8",1961,"ratio"
"山梨県","372",1962,"male"
"山梨県","398",1962,"female"
"山梨県","93.3",1962,"ratio"
"山梨県","370",1963,"male"
"山梨県","397",1963,"female"
"山梨県","93.1",1963,"ratio"
"山梨県","369",1964,"male"
"山梨県","396",1964,"female"
"山梨県","93",1964,"ratio"
"山梨県","368",1965,"male"
"山梨県","395",1965,"female"
"山梨県","93",1965,"ratio"
"山梨県","367",1966,"male"
"山梨県","394",1966,"female"
"山梨県","93.1",1966,"ratio"
"山梨県","367",1967,"male"
"山梨県","394",1967,"female"
"山梨県","93.2",1967,"ratio"
"山梨県","367",1968,"male"
"山梨県","394",1968,"female"
"山梨県","93",1968,"ratio"
"山梨県","367",1969,"male"
"山梨県","395",1969,"female"
"山梨県","92.9",1969,"ratio"
"山梨県","367",1970,"male"
"山梨県","395",1970,"female"
"山梨県","92.9",1970,"ratio"
"山梨県","369",1971,"male"
"山梨県","396",1971,"female"
"山梨県","93.1",1971,"ratio"
"山梨県","371",1972,"male"
"山梨県","398",1972,"female"
"山梨県","93.2",1972,"ratio"
"山梨県","373",1973,"male"
"山梨県","399",1973,"female"
"山梨県","93.5",1973,"ratio"
"山梨県","376",1974,"male"
"山梨県","402",1974,"female"
"山梨県","93.7",1974,"ratio"
"山梨県","379",1975,"male"
"山梨県","404",1975,"female"
"山梨県","93.9",1975,"ratio"
"山梨県","382",1976,"male"
"山梨県","405",1976,"female"
"山梨県","94.2",1976,"ratio"
"山梨県","385",1977,"male"
"山梨県","407",1977,"female"
"山梨県","94.5",1977,"ratio"
"山梨県","387",1978,"male"
"山梨県","409",1978,"female"
"山梨県","94.7",1978,"ratio"
"山梨県","389",1979,"male"
"山梨県","411",1979,"female"
"山梨県","94.9",1979,"ratio"
"山梨県","392",1980,"male"
"山梨県","413",1980,"female"
"山梨県","94.9",1980,"ratio"
"山梨県","394",1981,"male"
"山梨県","415",1981,"female"
"山梨県","95.1",1981,"ratio"
"山梨県","397",1982,"male"
"山梨県","417",1982,"female"
"山梨県","95.3",1982,"ratio"
"山梨県","400",1983,"male"
"山梨県","419",1983,"female"
"山梨県","95.6",1983,"ratio"
"山梨県","404",1984,"male"
"山梨県","422",1984,"female"
"山梨県","95.8",1984,"ratio"
"山梨県","408",1985,"male"
"山梨県","425",1985,"female"
"山梨県","96",1985,"ratio"
"山梨県","410",1986,"male"
"山梨県","427",1986,"female"
"山梨県","96.1",1986,"ratio"
"山梨県","412",1987,"male"
"山梨県","429",1987,"female"
"山梨県","96.1",1987,"ratio"
"山梨県","414",1988,"male"
"山梨県","431",1988,"female"
"山梨県","96.2",1988,"ratio"
"山梨県","416",1989,"male"
"山梨県","432",1989,"female"
"山梨県","96.3",1989,"ratio"
"山梨県","419",1990,"male"
"山梨県","434",1990,"female"
"山梨県","96.4",1990,"ratio"
"山梨県","423",1991,"male"
"山梨県","437",1991,"female"
"山梨県","96.7",1991,"ratio"
"山梨県","426",1992,"male"
"山梨県","439",1992,"female"
"山梨県","96.9",1992,"ratio"
"山梨県","429",1993,"male"
"山梨県","442",1993,"female"
"山梨県","96.9",1993,"ratio"
"山梨県","432",1994,"male"
"山梨県","445",1994,"female"
"山梨県","97",1994,"ratio"
"山梨県","435",1995,"male"
"山梨県","447",1995,"female"
"山梨県","97.2",1995,"ratio"
"山梨県","436",1996,"male"
"山梨県","449",1996,"female"
"山梨県","97.1",1996,"ratio"
"山梨県","436",1997,"male"
"山梨県","450",1997,"female"
"山梨県","96.9",1997,"ratio"
"山梨県","437",1998,"male"
"山梨県","451",1998,"female"
"山梨県","96.9",1998,"ratio"
"山梨県","437",1999,"male"
"山梨県","451",1999,"female"
"山梨県","96.9",1999,"ratio"
"山梨県","437",2000,"male"
"山梨県","451",2000,"female"
"山梨県","96.8",2000,"ratio"
"長野県","759",1920,"male"
"長野県","804",1920,"female"
"長野県","94.3",1920,"ratio"
"長野県","767.1",1921,"male"
"長野県","811.7",1921,"female"
"長野県","94.5",1921,"ratio"
"長野県","771.6",1922,"male"
"長野県","814.2",1922,"female"
"長野県","94.8",1922,"ratio"
"長野県","780.9",1923,"male"
"長野県","821.6",1923,"female"
"長野県","95",1923,"ratio"
"長野県","787.2",1924,"male"
"長野県","828.1",1924,"female"
"長野県","95.1",1924,"ratio"
"長野県","794",1925,"male"
"長野県","835",1925,"female"
"長野県","95",1925,"ratio"
"長野県","803",1926,"male"
"長野県","846.4",1926,"female"
"長野県","94.9",1926,"ratio"
"長野県","809",1927,"male"
"長野県","856.9",1927,"female"
"長野県","94.4",1927,"ratio"
"長野県","818.2",1928,"male"
"長野県","865.3",1928,"female"
"長野県","94.6",1928,"ratio"
"長野県","823.9",1929,"male"
"長野県","878",1929,"female"
"長野県","93.8",1929,"ratio"
"長野県","832",1930,"male"
"長野県","885",1930,"female"
"長野県","94.1",1930,"ratio"
"長野県","852.1",1931,"male"
"長野県","903.6",1931,"female"
"長野県","94.3",1931,"ratio"
"長野県","855.3",1932,"male"
"長野県","904.5",1932,"female"
"長野県","94.6",1932,"ratio"
"長野県","855.7",1933,"male"
"長野県","900.4",1933,"female"
"長野県","95",1933,"ratio"
"長野県","849.6",1934,"male"
"長野県","888.1",1934,"female"
"長野県","95.7",1934,"ratio"
"長野県","840",1935,"male"
"長野県","874",1935,"female"
"長野県","96.1",1935,"ratio"
"長野県","822.5",1936,"male"
"長野県","874.6",1936,"female"
"長野県","94",1936,"ratio"
"長野県","821.5",1937,"male"
"長野県","875.3",1937,"female"
"長野県","93.9",1937,"ratio"
"長野県","821.7",1938,"male"
"長野県","875.8",1938,"female"
"長野県","93.8",1938,"ratio"
"長野県","815.6",1939,"male"
"長野県","876",1939,"female"
"長野県","93.1",1939,"ratio"
"長野県","807",1940,"male"
"長野県","877",1940,"female"
"長野県","92",1940,"ratio"
"長野県","778.6",1941,"male"
"長野県","873.1",1941,"female"
"長野県","89.2",1941,"ratio"
"長野県","770.7",1942,"male"
"長野県","876.2",1942,"female"
"長野県","88",1942,"ratio"
"長野県","763.2",1943,"male"
"長野県","886.6",1943,"female"
"長野県","86.1",1943,"ratio"
"長野県","757",1944,"male"
"長野県","894",1944,"female"
"長野県","84.7",1944,"ratio"
"長野県","974",1945,"male"
"長野県","1147",1945,"female"
"長野県","84.9",1945,"ratio"
"長野県","950",1946,"male"
"長野県","1079",1946,"female"
"長野県","88",1946,"ratio"
"長野県","989",1947,"male"
"長野県","1071",1947,"female"
"長野県","92.4",1947,"ratio"
"長野県","990.9",1948,"male"
"長野県","1063",1948,"female"
"長野県","93.2",1948,"ratio"
"長野県","996.7",1949,"male"
"長野県","1061",1949,"female"
"長野県","93.9",1949,"ratio"
"長野県","1001",1950,"male"
"長野県","1060",1950,"female"
"長野県","94.5",1950,"ratio"
"長野県","999",1951,"male"
"長野県","1055",1951,"female"
"長野県","94.7",1951,"ratio"
"長野県","991",1952,"male"
"長野県","1047",1952,"female"
"長野県","94.6",1952,"ratio"
"長野県","985",1953,"male"
"長野県","1043",1953,"female"
"長野県","94.5",1953,"ratio"
"長野県","980",1954,"male"
"長野県","1043",1954,"female"
"長野県","94",1954,"ratio"
"長野県","979",1955,"male"
"長野県","1042",1955,"female"
"長野県","93.9",1955,"ratio"
"長野県","976",1956,"male"
"長野県","1039",1956,"female"
"長野県","93.9",1956,"ratio"
"長野県","970",1957,"male"
"長野県","1032",1957,"female"
"長野県","94",1957,"ratio"
"長野県","965",1958,"male"
"長野県","1032",1958,"female"
"長野県","93.5",1958,"ratio"
"長野県","960",1959,"male"
"長野県","1029",1959,"female"
"長野県","93.3",1959,"ratio"
"長野県","955",1960,"male"
"長野県","1027",1960,"female"
"長野県","93",1960,"ratio"
"長野県","950",1961,"male"
"長野県","1025",1961,"female"
"長野県","92.6",1961,"ratio"
"長野県","945",1962,"male"
"長野県","1024",1962,"female"
"長野県","92.2",1962,"ratio"
"長野県","942",1963,"male"
"長野県","1023",1963,"female"
"長野県","92.1",1963,"ratio"
"長野県","939",1964,"male"
"長野県","1022",1964,"female"
"長野県","91.9",1964,"ratio"
"長野県","937",1965,"male"
"長野県","1021",1965,"female"
"長野県","91.8",1965,"ratio"
"長野県","933",1966,"male"
"長野県","1017",1966,"female"
"長野県","91.7",1966,"ratio"
"長野県","933",1967,"male"
"長野県","1017",1967,"female"
"長野県","91.7",1967,"ratio"
"長野県","933",1968,"male"
"長野県","1017",1968,"female"
"長野県","91.7",1968,"ratio"
"長野県","934",1969,"male"
"長野県","1019",1969,"female"
"長野県","91.7",1969,"ratio"
"長野県","936",1970,"male"
"長野県","1021",1970,"female"
"長野県","91.7",1970,"ratio"
"長野県","942",1971,"male"
"長野県","1024",1971,"female"
"長野県","92",1971,"ratio"
"長野県","949",1972,"male"
"長野県","1028",1972,"female"
"長野県","92.2",1972,"ratio"
"長野県","957",1973,"male"
"長野県","1034",1973,"female"
"長野県","92.6",1973,"ratio"
"長野県","966",1974,"male"
"長野県","1040",1974,"female"
"長野県","92.9",1974,"ratio"
"長野県","972",1975,"male"
"長野県","1045",1975,"female"
"長野県","93.1",1975,"ratio"
"長野県","981",1976,"male"
"長野県","1052",1976,"female"
"長野県","93.3",1976,"ratio"
"長野県","990",1977,"male"
"長野県","1058",1977,"female"
"長野県","93.6",1977,"ratio"
"長野県","997",1978,"male"
"長野県","1064",1978,"female"
"長野県","93.7",1978,"ratio"
"長野県","1004",1979,"male"
"長野県","1070",1979,"female"
"長野県","93.7",1979,"ratio"
"長野県","1009",1980,"male"
"長野県","1075",1980,"female"
"長野県","93.8",1980,"ratio"
"長野県","1014",1981,"male"
"長野県","1079",1981,"female"
"長野県","94",1981,"ratio"
"長野県","1019",1982,"male"
"長野県","1083",1982,"female"
"長野県","94.1",1982,"ratio"
"長野県","1024",1983,"male"
"長野県","1088",1983,"female"
"長野県","94.1",1983,"ratio"
"長野県","1031",1984,"male"
"長野県","1094",1984,"female"
"長野県","94.3",1984,"ratio"
"長野県","1038",1985,"male"
"長野県","1099",1985,"female"
"長野県","94.5",1985,"ratio"
"長野県","1041",1986,"male"
"長野県","1102",1986,"female"
"長野県","94.5",1986,"ratio"
"長野県","1043",1987,"male"
"長野県","1104",1987,"female"
"長野県","94.5",1987,"ratio"
"長野県","1044",1988,"male"
"長野県","1105",1988,"female"
"長野県","94.5",1988,"ratio"
"長野県","1046",1989,"male"
"長野県","1107",1989,"female"
"長野県","94.5",1989,"ratio"
"長野県","1048",1990,"male"
"長野県","1109",1990,"female"
"長野県","94.6",1990,"ratio"
"長野県","1051",1991,"male"
"長野県","1110",1991,"female"
"長野県","94.7",1991,"ratio"
"長野県","1056",1992,"male"
"長野県","1113",1992,"female"
"長野県","94.8",1992,"ratio"
"長野県","1059",1993,"male"
"長野県","1116",1993,"female"
"長野県","94.9",1993,"ratio"
"長野県","1064",1994,"male"
"長野県","1119",1994,"female"
"長野県","95.1",1994,"ratio"
"長野県","1070",1995,"male"
"長野県","1124",1995,"female"
"長野県","95.3",1995,"ratio"
"長野県","1075",1996,"male"
"長野県","1128",1996,"female"
"長野県","95.3",1996,"ratio"
"長野県","1077",1997,"male"
"長野県","1130",1997,"female"
"長野県","95.3",1997,"ratio"
"長野県","1079",1998,"male"
"長野県","1132",1998,"female"
"長野県","95.3",1998,"ratio"
"長野県","1079",1999,"male"
"長野県","1132",1999,"female"
"長野県","95.3",1999,"ratio"
"長野県","1081",2000,"male"
"長野県","1134",2000,"female"
"長野県","95.3",2000,"ratio"
"岐阜県","536",1920,"male"
"岐阜県","534",1920,"female"
"岐阜県","100.4",1920,"ratio"
"岐阜県","543.2",1921,"male"
"岐阜県","540.6",1921,"female"
"岐阜県","100.5",1921,"ratio"
"岐阜県","548.9",1922,"male"
"岐阜県","546",1922,"female"
"岐阜県","100.5",1922,"ratio"
"岐阜県","558.9",1923,"male"
"岐阜県","554.4",1923,"female"
"岐阜県","100.8",1923,"ratio"
"岐阜県","562.8",1924,"male"
"岐阜県","558.7",1924,"female"
"岐阜県","100.7",1924,"ratio"
"岐阜県","568",1925,"male"
"岐阜県","565",1925,"female"
"岐阜県","100.6",1925,"ratio"
"岐阜県","575",1926,"male"
"岐阜県","571.5",1926,"female"
"岐阜県","100.6",1926,"ratio"
"岐阜県","577.3",1927,"male"
"岐阜県","576.4",1927,"female"
"岐阜県","100.2",1927,"ratio"
"岐阜県","582",1928,"male"
"岐阜県","578.9",1928,"female"
"岐阜県","100.5",1928,"ratio"
"岐阜県","585.4",1929,"male"
"岐阜県","582",1929,"female"
"岐阜県","100.6",1929,"ratio"
"岐阜県","591",1930,"male"
"岐阜県","587",1930,"female"
"岐阜県","100.6",1930,"ratio"
"岐阜県","596.1",1931,"male"
"岐阜県","593",1931,"female"
"岐阜県","100.5",1931,"ratio"
"岐阜県","598.4",1932,"male"
"岐阜県","596.8",1932,"female"
"岐阜県","100.3",1932,"ratio"
"岐阜県","604.6",1933,"male"
"岐阜県","603.3",1933,"female"
"岐阜県","100.2",1933,"ratio"
"岐阜県","609.7",1934,"male"
"岐阜県","609.1",1934,"female"
"岐阜県","100.1",1934,"ratio"
"岐阜県","612",1935,"male"
"岐阜県","613",1935,"female"
"岐阜県","99.8",1935,"ratio"
"岐阜県","609.7",1936,"male"
"岐阜県","618.3",1936,"female"
"岐阜県","98.6",1936,"ratio"
"岐阜県","609.8",1937,"male"
"岐阜県","623.2",1937,"female"
"岐阜県","97.8",1937,"ratio"
"岐阜県","610.2",1938,"male"
"岐阜県","626.3",1938,"female"
"岐阜県","97.4",1938,"ratio"
"岐阜県","609.8",1939,"male"
"岐阜県","628.1",1939,"female"
"岐阜県","97.1",1939,"ratio"
"岐阜県","611",1940,"male"
"岐阜県","632",1940,"female"
"岐阜県","96.6",1940,"ratio"
"岐阜県","596.4",1941,"male"
"岐阜県","639.5",1941,"female"
"岐阜県","93.3",1941,"ratio"
"岐阜県","591.4",1942,"male"
"岐阜県","648.3",1942,"female"
"岐阜県","91.2",1942,"ratio"
"岐阜県","595.7",1943,"male"
"岐阜県","658.3",1943,"female"
"岐阜県","90.5",1943,"ratio"
"岐阜県","602",1944,"male"
"岐阜県","664",1944,"female"
"岐阜県","90.7",1944,"ratio"
"岐阜県","716",1945,"male"
"岐阜県","803",1945,"female"
"岐阜県","89.2",1945,"ratio"
"岐阜県","693",1946,"male"
"岐阜県","751",1946,"female"
"岐阜県","92.3",1946,"ratio"
"岐阜県","732",1947,"male"
"岐阜県","762",1947,"female"
"岐阜県","96.1",1947,"ratio"
"岐阜県","738",1948,"male"
"岐阜県","762.4",1948,"female"
"岐阜県","96.8",1948,"ratio"
"岐阜県","751.4",1949,"male"
"岐阜県","773.3",1949,"female"
"岐阜県","97.2",1949,"ratio"
"岐阜県","762",1950,"male"
"岐阜県","782",1950,"female"
"岐阜県","97.4",1950,"ratio"
"岐阜県","763",1951,"male"
"岐阜県","790",1951,"female"
"岐阜県","96.6",1951,"ratio"
"岐阜県","770",1952,"male"
"岐阜県","799",1952,"female"
"岐阜県","96.3",1952,"ratio"
"岐阜県","774",1953,"male"
"岐阜県","806",1953,"female"
"岐阜県","96",1953,"ratio"
"岐阜県","773",1954,"male"
"岐阜県","807",1954,"female"
"岐阜県","95.8",1954,"ratio"
"岐阜県","774",1955,"male"
"岐阜県","810",1955,"female"
"岐阜県","95.6",1955,"ratio"
"岐阜県","778",1956,"male"
"岐阜県","813",1956,"female"
"岐阜県","95.6",1956,"ratio"
"岐阜県","782",1957,"male"
"岐阜県","816",1957,"female"
"岐阜県","95.8",1957,"ratio"
"岐阜県","785",1958,"male"
"岐阜県","823",1958,"female"
"岐阜県","95.4",1958,"ratio"
"岐阜県","791",1959,"male"
"岐阜県","832",1959,"female"
"岐阜県","95.1",1959,"ratio"
"岐阜県","797",1960,"male"
"岐阜県","842",1960,"female"
"岐阜県","94.7",1960,"ratio"
"岐阜県","799",1961,"male"
"岐阜県","847",1961,"female"
"岐阜県","94.3",1961,"ratio"
"岐阜県","803",1962,"male"
"岐阜県","853",1962,"female"
"岐阜県","94.1",1962,"ratio"
"岐阜県","810",1963,"male"
"岐阜県","863",1963,"female"
"岐阜県","93.9",1963,"ratio"
"岐阜県","815",1964,"male"
"岐阜県","870",1964,"female"
"岐阜県","93.7",1964,"ratio"
"岐阜県","821",1965,"male"
"岐阜県","879",1965,"female"
"岐阜県","93.5",1965,"ratio"
"岐阜県","821",1966,"male"
"岐阜県","880",1966,"female"
"岐阜県","93.3",1966,"ratio"
"岐阜県","826",1967,"male"
"岐阜県","886",1967,"female"
"岐阜県","93.2",1967,"ratio"
"岐阜県","831",1968,"male"
"岐阜県","892",1968,"female"
"岐阜県","93.1",1968,"ratio"
"岐阜県","839",1969,"male"
"岐阜県","900",1969,"female"
"岐阜県","93.2",1969,"ratio"
"岐阜県","849",1970,"male"
"岐阜県","910",1970,"female"
"岐阜県","93.3",1970,"ratio"
"岐阜県","860",1971,"male"
"岐阜県","920",1971,"female"
"岐阜県","93.5",1971,"ratio"
"岐阜県","872",1972,"male"
"岐阜県","931",1972,"female"
"岐阜県","93.7",1972,"ratio"
"岐阜県","885",1973,"male"
"岐阜県","942",1973,"female"
"岐阜県","93.9",1973,"ratio"
"岐阜県","896",1974,"male"
"岐阜県","952",1974,"female"
"岐阜県","94.2",1974,"ratio"
"岐阜県","907",1975,"male"
"岐阜県","961",1975,"female"
"岐阜県","94.5",1975,"ratio"
"岐阜県","918",1976,"male"
"岐阜県","970",1976,"female"
"岐阜県","94.6",1976,"ratio"
"岐阜県","929",1977,"male"
"岐阜県","980",1977,"female"
"岐阜県","94.8",1977,"ratio"
"岐阜県","938",1978,"male"
"岐阜県","989",1978,"female"
"岐阜県","94.9",1978,"ratio"
"岐阜県","946",1979,"male"
"岐阜県","997",1979,"female"
"岐阜県","94.9",1979,"ratio"
"岐阜県","954",1980,"male"
"岐阜県","1006",1980,"female"
"岐阜県","94.8",1980,"ratio"
"岐阜県","961",1981,"male"
"岐阜県","1014",1981,"female"
"岐阜県","94.7",1981,"ratio"
"岐阜県","968",1982,"male"
"岐阜県","1022",1982,"female"
"岐阜県","94.7",1982,"ratio"
"岐阜県","975",1983,"male"
"岐阜県","1029",1983,"female"
"岐阜県","94.7",1983,"ratio"
"岐阜県","981",1984,"male"
"岐阜県","1036",1984,"female"
"岐阜県","94.8",1984,"ratio"
"岐阜県","987",1985,"male"
"岐阜県","1042",1985,"female"
"岐阜県","94.7",1985,"ratio"
"岐阜県","990",1986,"male"
"岐阜県","1046",1986,"female"
"岐阜県","94.7",1986,"ratio"
"岐阜県","994",1987,"male"
"岐阜県","1050",1987,"female"
"岐阜県","94.6",1987,"ratio"
"岐阜県","997",1988,"male"
"岐阜県","1054",1988,"female"
"岐阜県","94.6",1988,"ratio"
"岐阜県","1000",1989,"male"
"岐阜県","1058",1989,"female"
"岐阜県","94.5",1989,"ratio"
"岐阜県","1004",1990,"male"
"岐阜県","1063",1990,"female"
"岐阜県","94.5",1990,"ratio"
"岐阜県","1007",1991,"male"
"岐阜県","1067",1991,"female"
"岐阜県","94.4",1991,"ratio"
"岐阜県","1011",1992,"male"
"岐阜県","1071",1992,"female"
"岐阜県","94.4",1992,"ratio"
"岐阜県","1014",1993,"male"
"岐阜県","1075",1993,"female"
"岐阜県","94.3",1993,"ratio"
"岐阜県","1017",1994,"male"
"岐阜県","1078",1994,"female"
"岐阜県","94.3",1994,"ratio"
"岐阜県","1020",1995,"male"
"岐阜県","1081",1995,"female"
"岐阜県","94.3",1995,"ratio"
"岐阜県","1021",1996,"male"
"岐阜県","1083",1996,"female"
"岐阜県","94.3",1996,"ratio"
"岐阜県","1022",1997,"male"
"岐阜県","1084",1997,"female"
"岐阜県","94.3",1997,"ratio"
"岐阜県","1023",1998,"male"
"岐阜県","1085",1998,"female"
"岐阜県","94.3",1998,"ratio"
"岐阜県","1022",1999,"male"
"岐阜県","1085",1999,"female"
"岐阜県","94.2",1999,"ratio"
"岐阜県","1022",2000,"male"
"岐阜県","1086",2000,"female"
"岐阜県","94.2",2000,"ratio"
"静岡県","774",1920,"male"
"静岡県","776",1920,"female"
"静岡県","99.7",1920,"ratio"
"静岡県","785.9",1921,"male"
"静岡県","788.1",1921,"female"
"静岡県","99.7",1921,"ratio"
"静岡県","797.7",1922,"male"
"静岡県","798.7",1922,"female"
"静岡県","99.9",1922,"ratio"
"静岡県","813.8",1923,"male"
"静岡県","812.9",1923,"female"
"静岡県","100.1",1923,"ratio"
"静岡県","822.4",1924,"male"
"静岡県","821.4",1924,"female"
"静岡県","100.1",1924,"ratio"
"静岡県","836",1925,"male"
"静岡県","836",1925,"female"
"静岡県","100",1925,"ratio"
"静岡県","851.3",1926,"male"
"静岡県","850.7",1926,"female"
"静岡県","100.1",1926,"ratio"
"静岡県","863.6",1927,"male"
"静岡県","859.5",1927,"female"
"静岡県","100.5",1927,"ratio"
"静岡県","873.3",1928,"male"
"静岡県","871.7",1928,"female"
"静岡県","100.2",1928,"ratio"
"静岡県","885.1",1929,"male"
"静岡県","882.5",1929,"female"
"静岡県","100.3",1929,"ratio"
"静岡県","901",1930,"male"
"静岡県","897",1930,"female"
"静岡県","100.4",1930,"ratio"
"静岡県","916.4",1931,"male"
"静岡県","913.7",1931,"female"
"静岡県","100.3",1931,"ratio"
"静岡県","928.8",1932,"male"
"静岡県","929",1932,"female"
"静岡県","100",1932,"ratio"
"静岡県","940.4",1933,"male"
"静岡県","943.6",1933,"female"
"静岡県","99.7",1933,"ratio"
"静岡県","953.8",1934,"male"
"静岡県","958",1934,"female"
"静岡県","99.6",1934,"ratio"
"静岡県","966",1935,"male"
"静岡県","974",1935,"female"
"静岡県","99.2",1935,"ratio"
"静岡県","993.8",1936,"male"
"静岡県","990.2",1936,"female"
"静岡県","100.4",1936,"ratio"
"静岡県","991.9",1937,"male"
"静岡県","1002",1937,"female"
"静岡県","99",1937,"ratio"
"静岡県","969.9",1938,"male"
"静岡県","1006.7",1938,"female"
"静岡県","96.3",1938,"ratio"
"静岡県","960.7",1939,"male"
"静岡県","1010",1939,"female"
"静岡県","95.1",1939,"ratio"
"静岡県","962",1940,"male"
"静岡県","1021",1940,"female"
"静岡県","94.2",1940,"ratio"
"静岡県","946.7",1941,"male"
"静岡県","1029.5",1941,"female"
"静岡県","92",1941,"ratio"
"静岡県","946.9",1942,"male"
"静岡県","1054.5",1942,"female"
"静岡県","89.8",1942,"ratio"
"静岡県","947",1943,"male"
"静岡県","1074.1",1943,"female"
"静岡県","88.2",1943,"ratio"
"静岡県","947",1944,"male"
"静岡県","1081",1944,"female"
"静岡県","87.6",1944,"ratio"
"静岡県","1039",1945,"male"
"静岡県","1181",1945,"female"
"静岡県","88",1945,"ratio"
"静岡県","1077",1946,"male"
"静岡県","1183",1946,"female"
"静岡県","91.1",1946,"ratio"
"静岡県","1142",1947,"male"
"静岡県","1211",1947,"female"
"静岡県","94.3",1947,"ratio"
"静岡県","1163.7",1948,"male"
"静岡県","1228.1",1948,"female"
"静岡県","94.8",1948,"ratio"
"静岡県","1189.2",1949,"male"
"静岡県","1250.8",1949,"female"
"静岡県","95.1",1949,"ratio"
"静岡県","1207",1950,"male"
"静岡県","1265",1950,"female"
"静岡県","95.4",1950,"ratio"
"静岡県","1225",1951,"male"
"静岡県","1282",1951,"female"
"静岡県","95.6",1951,"ratio"
"静岡県","1242",1952,"male"
"静岡県","1298",1952,"female"
"静岡県","95.7",1952,"ratio"
"静岡県","1260",1953,"male"
"静岡県","1315",1953,"female"
"静岡県","95.8",1953,"ratio"
"静岡県","1284",1954,"male"
"静岡県","1334",1954,"female"
"静岡県","96.3",1954,"ratio"
"静岡県","1301",1955,"male"
"静岡県","1349",1955,"female"
"静岡県","96.4",1955,"ratio"
"静岡県","1309",1956,"male"
"静岡県","1362",1956,"female"
"静岡県","96.1",1956,"ratio"
"静岡県","1319",1957,"male"
"静岡県","1371",1957,"female"
"静岡県","96.2",1957,"ratio"
"静岡県","1329",1958,"male"
"静岡県","1380",1958,"female"
"静岡県","96.3",1958,"ratio"
"静岡県","1341",1959,"male"
"静岡県","1391",1959,"female"
"静岡県","96.4",1959,"ratio"
"静岡県","1353",1960,"male"
"静岡県","1403",1960,"female"
"静岡県","96.4",1960,"ratio"
"静岡県","1365",1961,"male"
"静岡県","1416",1961,"female"
"静岡県","96.4",1961,"ratio"
"静岡県","1380",1962,"male"
"静岡県","1430",1962,"female"
"静岡県","96.5",1962,"ratio"
"静岡県","1396",1963,"male"
"静岡県","1447",1963,"female"
"静岡県","96.5",1963,"ratio"
"静岡県","1412",1964,"male"
"静岡県","1464",1964,"female"
"静岡県","96.4",1964,"ratio"
"静岡県","1429",1965,"male"
"静岡県","1484",1965,"female"
"静岡県","96.3",1965,"ratio"
"静岡県","1439",1966,"male"
"静岡県","1494",1966,"female"
"静岡県","96.3",1966,"ratio"
"静岡県","1458",1967,"male"
"静岡県","1515",1967,"female"
"静岡県","96.3",1967,"ratio"
"静岡県","1477",1968,"male"
"静岡県","1534",1968,"female"
"静岡県","96.3",1968,"ratio"
"静岡県","1496",1969,"male"
"静岡県","1552",1969,"female"
"静岡県","96.4",1969,"ratio"
"静岡県","1517",1970,"male"
"静岡県","1573",1970,"female"
"静岡県","96.4",1970,"ratio"
"静岡県","1540",1971,"male"
"静岡県","1597",1971,"female"
"静岡県","96.4",1971,"ratio"
"静岡県","1561",1972,"male"
"静岡県","1619",1972,"female"
"静岡県","96.4",1972,"ratio"
"静岡県","1587",1973,"male"
"静岡県","1643",1973,"female"
"静岡県","96.6",1973,"ratio"
"静岡県","1609",1974,"male"
"静岡県","1663",1974,"female"
"静岡県","96.8",1974,"ratio"
"静岡県","1628",1975,"male"
"静岡県","1681",1975,"female"
"静岡県","96.8",1975,"ratio"
"静岡県","1643",1976,"male"
"静岡県","1698",1976,"female"
"静岡県","96.8",1976,"ratio"
"静岡県","1657",1977,"male"
"静岡県","1712",1977,"female"
"静岡県","96.8",1977,"ratio"
"静岡県","1670",1978,"male"
"静岡県","1726",1978,"female"
"静岡県","96.8",1978,"ratio"
"静岡県","1684",1979,"male"
"静岡県","1739",1979,"female"
"静岡県","96.8",1979,"ratio"
"静岡県","1696",1980,"male"
"静岡県","1751",1980,"female"
"静岡県","96.8",1980,"ratio"
"静岡県","1708",1981,"male"
"静岡県","1763",1981,"female"
"静岡県","96.9",1981,"ratio"
"静岡県","1722",1982,"male"
"静岡県","1776",1982,"female"
"静岡県","96.9",1982,"ratio"
"静岡県","1733",1983,"male"
"静岡県","1789",1983,"female"
"静岡県","96.9",1983,"ratio"
"静岡県","1745",1984,"male"
"静岡県","1802",1984,"female"
"静岡県","96.8",1984,"ratio"
"静岡県","1759",1985,"male"
"静岡県","1815",1985,"female"
"静岡県","96.9",1985,"ratio"
"静岡県","1771",1986,"male"
"静岡県","1826",1986,"female"
"静岡県","97",1986,"ratio"
"静岡県","1783",1987,"male"
"静岡県","1837",1987,"female"
"静岡県","97",1987,"ratio"
"静岡県","1792",1988,"male"
"静岡県","1847",1988,"female"
"静岡県","97.1",1988,"ratio"
"静岡県","1801",1989,"male"
"静岡県","1855",1989,"female"
"静岡県","97.1",1989,"ratio"
"静岡県","1809",1990,"male"
"静岡県","1862",1990,"female"
"静岡県","97.2",1990,"ratio"
"静岡県","1818",1991,"male"
"静岡県","1869",1991,"female"
"静岡県","97.2",1991,"ratio"
"静岡県","1827",1992,"male"
"静岡県","1878",1992,"female"
"静岡県","97.3",1992,"ratio"
"静岡県","1833",1993,"male"
"静岡県","1883",1993,"female"
"静岡県","97.3",1993,"ratio"
"静岡県","1838",1994,"male"
"静岡県","1890",1994,"female"
"静岡県","97.3",1994,"ratio"
"静岡県","1842",1995,"male"
"静岡県","1896",1995,"female"
"静岡県","97.2",1995,"ratio"
"静岡県","1845",1996,"male"
"静岡県","1900",1996,"female"
"静岡県","97.1",1996,"ratio"
"静岡県","1848",1997,"male"
"静岡県","1904",1997,"female"
"静岡県","97.1",1997,"ratio"
"静岡県","1851",1998,"male"
"静岡県","1906",1998,"female"
"静岡県","97.1",1998,"ratio"
"静岡県","1853",1999,"male"
"静岡県","1908",1999,"female"
"静岡県","97.1",1999,"ratio"
"静岡県","1857",2000,"male"
"静岡県","1910",2000,"female"
"静岡県","97.2",2000,"ratio"
"愛知県","1034",1920,"male"
"愛知県","1056",1920,"female"
"愛知県","97.9",1920,"ratio"
"愛知県","1053.1",1921,"male"
"愛知県","1074.7",1921,"female"
"愛知県","98",1921,"ratio"
"愛知県","1075",1922,"male"
"愛知県","1094.7",1922,"female"
"愛知県","98.2",1922,"ratio"
"愛知県","1111.7",1923,"male"
"愛知県","1127.5",1923,"female"
"愛知県","98.6",1923,"ratio"
"愛知県","1128.3",1924,"male"
"愛知県","1145.6",1924,"female"
"愛知県","98.5",1924,"ratio"
"愛知県","1150",1925,"male"
"愛知県","1169",1925,"female"
"愛知県","98.4",1925,"ratio"
"愛知県","1176.2",1926,"male"
"愛知県","1193.3",1926,"female"
"愛知県","98.6",1926,"ratio"
"愛知県","1199",1927,"male"
"愛知県","1215.6",1927,"female"
"愛知県","98.6",1927,"ratio"
"愛知県","1222.2",1928,"male"
"愛知県","1237.4",1928,"female"
"愛知県","98.8",1928,"ratio"
"愛知県","1246.6",1929,"male"
"愛知県","1260",1929,"female"
"愛知県","98.9",1929,"ratio"
"愛知県","1278",1930,"male"
"愛知県","1290",1930,"female"
"愛知県","99.1",1930,"ratio"
"愛知県","1310.9",1931,"male"
"愛知県","1324.1",1931,"female"
"愛知県","99",1931,"ratio"
"愛知県","1336.4",1932,"male"
"愛知県","1362.9",1932,"female"
"愛知県","98.1",1932,"ratio"
"愛知県","1364.1",1933,"male"
"愛知県","1384.4",1933,"female"
"愛知県","98.5",1933,"ratio"
"愛知県","1391.3",1934,"male"
"愛知県","1412.3",1934,"female"
"愛知県","98.5",1934,"ratio"
"愛知県","1418",1935,"male"
"愛知県","1444",1935,"female"
"愛知県","98.2",1935,"ratio"
"愛知県","1461",1936,"male"
"愛知県","1478",1936,"female"
"愛知県","98.8",1936,"ratio"
"愛知県","1471.7",1937,"male"
"愛知県","1509.5",1937,"female"
"愛知県","97.5",1937,"ratio"
"愛知県","1483.5",1938,"male"
"愛知県","1530.4",1938,"female"
"愛知県","96.9",1938,"ratio"
"愛知県","1507.3",1939,"male"
"愛知県","1548.7",1939,"female"
"愛知県","97.3",1939,"ratio"
"愛知県","1536",1940,"male"
"愛知県","1584",1940,"female"
"愛知県","96.9",1940,"ratio"
"愛知県","1518.1",1941,"male"
"愛知県","1605.9",1941,"female"
"愛知県","94.5",1941,"ratio"
"愛知県","1565.9",1942,"male"
"愛知県","1633.8",1942,"female"
"愛知県","95.8",1942,"ratio"
"愛知県","1609.8",1943,"male"
"愛知県","1660",1943,"female"
"愛知県","97",1943,"ratio"
"愛知県","1606",1944,"male"
"愛知県","1675",1944,"female"
"愛知県","95.9",1944,"ratio"
"愛知県","1357",1945,"male"
"愛知県","1501",1945,"female"
"愛知県","90.4",1945,"ratio"
"愛知県","1398",1946,"male"
"愛知県","1521",1946,"female"
"愛知県","91.9",1946,"ratio"
"愛知県","1520",1947,"male"
"愛知県","1602",1947,"female"
"愛知県","94.9",1947,"ratio"
"愛知県","1573",1948,"male"
"愛知県","1663.8",1948,"female"
"愛知県","94.5",1948,"ratio"
"愛知県","1614.7",1949,"male"
"愛知県","1706.4",1949,"female"
"愛知県","94.6",1949,"ratio"
"愛知県","1649",1950,"male"
"愛知県","1741",1950,"female"
"愛知県","94.7",1950,"ratio"
"愛知県","1701",1951,"male"
"愛知県","1795",1951,"female"
"愛知県","94.8",1951,"ratio"
"愛知県","1736",1952,"male"
"愛知県","1835",1952,"female"
"愛知県","94.6",1952,"ratio"
"愛知県","1770",1953,"male"
"愛知県","1873",1953,"female"
"愛知県","94.5",1953,"ratio"
"愛知県","1800",1954,"male"
"愛知県","1907",1954,"female"
"愛知県","94.4",1954,"ratio"
"愛知県","1830",1955,"male"
"愛知県","1939",1955,"female"
"愛知県","94.3",1955,"ratio"
"愛知県","1873",1956,"male"
"愛知県","1982",1956,"female"
"愛知県","94.5",1956,"ratio"
"愛知県","1921",1957,"male"
"愛知県","2023",1957,"female"
"愛知県","95",1957,"ratio"
"愛知県","1958",1958,"male"
"愛知県","2056",1958,"female"
"愛知県","95.3",1958,"ratio"
"愛知県","2005",1959,"male"
"愛知県","2094",1959,"female"
"愛知県","95.8",1959,"ratio"
"愛知県","2065",1960,"male"
"愛知県","2142",1960,"female"
"愛知県","96.4",1960,"ratio"
"愛知県","2127",1961,"male"
"愛知県","2191",1961,"female"
"愛知県","97.1",1961,"ratio"
"愛知県","2190",1962,"male"
"愛知県","2242",1962,"female"
"愛知県","97.7",1962,"ratio"
"愛知県","2254",1963,"male"
"愛知県","2297",1963,"female"
"愛知県","98.1",1963,"ratio"
"愛知県","2321",1964,"male"
"愛知県","2358",1964,"female"
"愛知県","98.4",1964,"ratio"
"愛知県","2382",1965,"male"
"愛知県","2417",1965,"female"
"愛知県","98.6",1965,"ratio"
"愛知県","2428",1966,"male"
"愛知県","2458",1966,"female"
"愛知県","98.8",1966,"ratio"
"愛知県","2489",1967,"male"
"愛知県","2510",1967,"female"
"愛知県","99.2",1967,"ratio"
"愛知県","2557",1968,"male"
"愛知県","2567",1968,"female"
"愛知県","99.6",1968,"ratio"
"愛知県","2627",1969,"male"
"愛知県","2631",1969,"female"
"愛知県","99.9",1969,"ratio"
"愛知県","2695",1970,"male"
"愛知県","2691",1970,"female"
"愛知県","100.1",1970,"ratio"
"愛知県","2765",1971,"male"
"愛知県","2761",1971,"female"
"愛知県","100.1",1971,"ratio"
"愛知県","2823",1972,"male"
"愛知県","2822",1972,"female"
"愛知県","100",1972,"ratio"
"愛知県","2880",1973,"male"
"愛知県","2876",1973,"female"
"愛知県","100.1",1973,"ratio"
"愛知県","2929",1974,"male"
"愛知県","2922",1974,"female"
"愛知県","100.3",1974,"ratio"
"愛知県","2966",1975,"male"
"愛知県","2957",1975,"female"
"愛知県","100.3",1975,"ratio"
"愛知県","2997",1976,"male"
"愛知県","2992",1976,"female"
"愛知県","100.2",1976,"ratio"
"愛知県","3028",1977,"male"
"愛知県","3024",1977,"female"
"愛知県","100.1",1977,"ratio"
"愛知県","3059",1978,"male"
"愛知県","3056",1978,"female"
"愛知県","100.1",1978,"ratio"
"愛知県","3087",1979,"male"
"愛知県","3084",1979,"female"
"愛知県","100.1",1979,"ratio"
"愛知県","3112",1980,"male"
"愛知県","3109",1980,"female"
"愛知県","100.1",1980,"ratio"
"愛知県","3135",1981,"male"
"愛知県","3131",1981,"female"
"愛知県","100.1",1981,"ratio"
"愛知県","3157",1982,"male"
"愛知県","3153",1982,"female"
"愛知県","100.1",1982,"ratio"
"愛知県","3178",1983,"male"
"愛知県","3175",1983,"female"
"愛知県","100.1",1983,"ratio"
"愛知県","3201",1984,"male"
"愛知県","3200",1984,"female"
"愛知県","100",1984,"ratio"
"愛知県","3229",1985,"male"
"愛知県","3226",1985,"female"
"愛知県","100.1",1985,"ratio"
"愛知県","3260",1986,"male"
"愛知県","3252",1986,"female"
"愛知県","100.2",1986,"ratio"
"愛知県","3289",1987,"male"
"愛知県","3277",1987,"female"
"愛知県","100.4",1987,"ratio"
"愛知県","3310",1988,"male"
"愛知県","3297",1988,"female"
"愛知県","100.4",1988,"ratio"
"愛知県","3332",1989,"male"
"愛知県","3317",1989,"female"
"愛知県","100.5",1989,"ratio"
"愛知県","3355",1990,"male"
"愛知県","3336",1990,"female"
"愛知県","100.6",1990,"ratio"
"愛知県","3374",1991,"male"
"愛知県","3355",1991,"female"
"愛知県","100.6",1991,"ratio"
"愛知県","3399",1992,"male"
"愛知県","3377",1992,"female"
"愛知県","100.6",1992,"ratio"
"愛知県","3415",1993,"male"
"愛知県","3395",1993,"female"
"愛知県","100.6",1993,"ratio"
"愛知県","3427",1994,"male"
"愛知県","3412",1994,"female"
"愛知県","100.4",1994,"ratio"
"愛知県","3439",1995,"male"
"愛知県","3429",1995,"female"
"愛知県","100.3",1995,"ratio"
"愛知県","3453",1996,"male"
"愛知県","3444",1996,"female"
"愛知県","100.3",1996,"ratio"
"愛知県","3470",1997,"male"
"愛知県","3461",1997,"female"
"愛知県","100.3",1997,"ratio"
"愛知県","3492",1998,"male"
"愛知県","3481",1998,"female"
"愛知県","100.3",1998,"ratio"
"愛知県","3508",1999,"male"
"愛知県","3498",1999,"female"
"愛知県","100.3",1999,"ratio"
"愛知県","3526",2000,"male"
"愛知県","3518",2000,"female"
"愛知県","100.2",2000,"ratio"
"三重県","526",1920,"male"
"三重県","543",1920,"female"
"三重県","96.8",1920,"ratio"
"三重県","523.6",1921,"male"
"三重県","542",1921,"female"
"三重県","96.6",1921,"ratio"
"三重県","524.5",1922,"male"
"三重県","543.2",1922,"female"
"三重県","96.6",1922,"ratio"
"三重県","535.4",1923,"male"
"三重県","552.8",1923,"female"
"三重県","96.9",1923,"ratio"
"三重県","539",1924,"male"
"三重県","556.7",1924,"female"
"三重県","96.8",1924,"ratio"
"三重県","545",1925,"male"
"三重県","563",1925,"female"
"三重県","96.8",1925,"ratio"
"三重県","548.6",1926,"male"
"三重県","566.1",1926,"female"
"三重県","96.9",1926,"ratio"
"三重県","551.3",1927,"male"
"三重県","568.3",1927,"female"
"三重県","97",1927,"ratio"
"三重県","554",1928,"male"
"三重県","570.8",1928,"female"
"三重県","97.1",1928,"ratio"
"三重県","559",1929,"male"
"三重県","575",1929,"female"
"三重県","97.2",1929,"ratio"
"三重県","571",1930,"male"
"三重県","586",1930,"female"
"三重県","97.4",1930,"ratio"
"三重県","571.3",1931,"male"
"三重県","589.8",1931,"female"
"三重県","96.9",1931,"ratio"
"三重県","571.6",1932,"male"
"三重県","593",1932,"female"
"三重県","96.4",1932,"ratio"
"三重県","571.8",1933,"male"
"三重県","596.3",1933,"female"
"三重県","95.9",1933,"ratio"
"三重県","572.1",1934,"male"
"三重県","598.9",1934,"female"
"三重県","95.5",1934,"ratio"
"三重県","572",1935,"male"
"三重県","602",1935,"female"
"三重県","95",1935,"ratio"
"三重県","565.9",1936,"male"
"三重県","605.1",1936,"female"
"三重県","93.5",1936,"ratio"
"三重県","565.9",1937,"male"
"三重県","608",1937,"female"
"三重県","93.1",1937,"ratio"
"三重県","566",1938,"male"
"三重県","609.8",1938,"female"
"三重県","92.8",1938,"ratio"
"三重県","564.6",1939,"male"
"三重県","610.9",1939,"female"
"三重県","92.4",1939,"ratio"
"三重県","565",1940,"male"
"三重県","613",1940,"female"
"三重県","92.1",1940,"ratio"
"三重県","552.1",1941,"male"
"三重県","620.9",1941,"female"
"三重県","88.9",1941,"ratio"
"三重県","550.3",1942,"male"
"三重県","628",1942,"female"
"三重県","87.6",1942,"ratio"
"三重県","554.9",1943,"male"
"三重県","641.3",1943,"female"
"三重県","86.5",1943,"ratio"
"三重県","559",1944,"male"
"三重県","651",1944,"female"
"三重県","85.9",1944,"ratio"
"三重県","647",1945,"male"
"三重県","747",1945,"female"
"三重県","86.6",1945,"ratio"
"三重県","642",1946,"male"
"三重県","730",1946,"female"
"三重県","88",1946,"ratio"
"三重県","676",1947,"male"
"三重県","740",1947,"female"
"三重県","91.4",1947,"ratio"
"三重県","691.3",1948,"male"
"三重県","752.6",1948,"female"
"三重県","91.9",1948,"ratio"
"三重県","700.6",1949,"male"
"三重県","756.8",1949,"female"
"三重県","92.6",1949,"ratio"
"三重県","705",1950,"male"
"三重県","756",1950,"female"
"三重県","93.2",1950,"ratio"
"三重県","705",1951,"male"
"三重県","757",1951,"female"
"三重県","93.2",1951,"ratio"
"三重県","709",1952,"male"
"三重県","760",1952,"female"
"三重県","93.4",1952,"ratio"
"三重県","713",1953,"male"
"三重県","763",1953,"female"
"三重県","93.5",1953,"ratio"
"三重県","716",1954,"male"
"三重県","766",1954,"female"
"三重県","93.4",1954,"ratio"
"三重県","718",1955,"male"
"三重県","768",1955,"female"
"三重県","93.5",1955,"ratio"
"三重県","719",1956,"male"
"三重県","767",1956,"female"
"三重県","93.7",1956,"ratio"
"三重県","717",1957,"male"
"三重県","767",1957,"female"
"三重県","93.5",1957,"ratio"
"三重県","717",1958,"male"
"三重県","768",1958,"female"
"三重県","93.4",1958,"ratio"
"三重県","716",1959,"male"
"三重県","767",1959,"female"
"三重県","93.4",1959,"ratio"
"三重県","717",1960,"male"
"三重県","768",1960,"female"
"三重県","93.3",1960,"ratio"
"三重県","719",1961,"male"
"三重県","772",1961,"female"
"三重県","93.1",1961,"ratio"
"三重県","721",1962,"male"
"三重県","776",1962,"female"
"三重県","92.9",1962,"ratio"
"三重県","725",1963,"male"
"三重県","780",1963,"female"
"三重県","92.9",1963,"ratio"
"三重県","728",1964,"male"
"三重県","784",1964,"female"
"三重県","92.9",1964,"ratio"
"三重県","728",1965,"male"
"三重県","787",1965,"female"
"三重県","92.5",1965,"ratio"
"三重県","727",1966,"male"
"三重県","787",1966,"female"
"三重県","92.4",1966,"ratio"
"三重県","728",1967,"male"
"三重県","789",1967,"female"
"三重県","92.3",1967,"ratio"
"三重県","730",1968,"male"
"三重県","792",1968,"female"
"三重県","92.2",1968,"ratio"
"三重県","736",1969,"male"
"三重県","796",1969,"female"
"三重県","92.4",1969,"ratio"
"三重県","742",1970,"male"
"三重県","801",1970,"female"
"三重県","92.7",1970,"ratio"
"三重県","750",1971,"male"
"三重県","807",1971,"female"
"三重県","93",1971,"ratio"
"三重県","760",1972,"male"
"三重県","815",1972,"female"
"三重県","93.2",1972,"ratio"
"三重県","769",1973,"male"
"三重県","823",1973,"female"
"三重県","93.4",1973,"ratio"
"三重県","779",1974,"male"
"三重県","831",1974,"female"
"三重県","93.7",1974,"ratio"
"三重県","787",1975,"male"
"三重県","839",1975,"female"
"三重県","93.9",1975,"ratio"
"三重県","793",1976,"male"
"三重県","845",1976,"female"
"三重県","93.9",1976,"ratio"
"三重県","799",1977,"male"
"三重県","850",1977,"female"
"三重県","94",1977,"ratio"
"三重県","805",1978,"male"
"三重県","856",1978,"female"
"三重県","94",1978,"ratio"
"三重県","810",1979,"male"
"三重県","862",1979,"female"
"三重県","94.1",1979,"ratio"
"三重県","818",1980,"male"
"三重県","869",1980,"female"
"三重県","94",1980,"ratio"
"三重県","826",1981,"male"
"三重県","877",1981,"female"
"三重県","94.2",1981,"ratio"
"三重県","833",1982,"male"
"三重県","883",1982,"female"
"三重県","94.3",1982,"ratio"
"三重県","838",1983,"male"
"三重県","890",1983,"female"
"三重県","94.2",1983,"ratio"
"三重県","842",1984,"male"
"三重県","894",1984,"female"
"三重県","94.2",1984,"ratio"
"三重県","847",1985,"male"
"三重県","900",1985,"female"
"三重県","94.2",1985,"ratio"
"三重県","852",1986,"male"
"三重県","905",1986,"female"
"三重県","94.1",1986,"ratio"
"三重県","856",1987,"male"
"三重県","909",1987,"female"
"三重県","94.1",1987,"ratio"
"三重県","859",1988,"male"
"三重県","913",1988,"female"
"三重県","94.1",1988,"ratio"
"三重県","864",1989,"male"
"三重県","918",1989,"female"
"三重県","94.2",1989,"ratio"
"三重県","870",1990,"male"
"三重県","923",1990,"female"
"三重県","94.2",1990,"ratio"
"三重県","875",1991,"male"
"三重県","928",1991,"female"
"三重県","94.2",1991,"ratio"
"三重県","880",1992,"male"
"三重県","933",1992,"female"
"三重県","94.3",1992,"ratio"
"三重県","885",1993,"male"
"三重県","938",1993,"female"
"三重県","94.4",1993,"ratio"
"三重県","890",1994,"male"
"三重県","943",1994,"female"
"三重県","94.4",1994,"ratio"
"三重県","894",1995,"male"
"三重県","947",1995,"female"
"三重県","94.4",1995,"ratio"
"三重県","897",1996,"male"
"三重県","950",1996,"female"
"三重県","94.4",1996,"ratio"
"三重県","899",1997,"male"
"三重県","952",1997,"female"
"三重県","94.4",1997,"ratio"
"三重県","900",1998,"male"
"三重県","954",1998,"female"
"三重県","94.3",1998,"ratio"
"三重県","901",1999,"male"
"三重県","955",1999,"female"
"三重県","94.3",1999,"ratio"
"三重県","901",2000,"male"
"三重県","956",2000,"female"
"三重県","94.3",2000,"ratio"
"滋賀県","314",1920,"male"
"滋賀県","337",1920,"female"
"滋賀県","93",1920,"ratio"
"滋賀県","315.1",1921,"male"
"滋賀県","338.1",1921,"female"
"滋賀県","93.2",1921,"ratio"
"滋賀県","316.8",1922,"male"
"滋賀県","338.9",1922,"female"
"滋賀県","93.5",1922,"ratio"
"滋賀県","318.6",1923,"male"
"滋賀県","339.8",1923,"female"
"滋賀県","93.8",1923,"ratio"
"滋賀県","319.6",1924,"male"
"滋賀県","340.4",1924,"female"
"滋賀県","93.9",1924,"ratio"
"滋賀県","321",1925,"male"
"滋賀県","341",1925,"female"
"滋賀県","94.1",1925,"ratio"
"滋賀県","324.3",1926,"male"
"滋賀県","344",1926,"female"
"滋賀県","94.3",1926,"ratio"
"滋賀県","327.1",1927,"male"
"滋賀県","346.4",1927,"female"
"滋賀県","94.4",1927,"ratio"
"滋賀県","329.9",1928,"male"
"滋賀県","348.8",1928,"female"
"滋賀県","94.6",1928,"ratio"
"滋賀県","333",1929,"male"
"滋賀県","351.2",1929,"female"
"滋賀県","94.8",1929,"ratio"
"滋賀県","337",1930,"male"
"滋賀県","355",1930,"female"
"滋賀県","95",1930,"ratio"
"滋賀県","339.9",1931,"male"
"滋賀県","357.5",1931,"female"
"滋賀県","95.1",1931,"ratio"
"滋賀県","342.5",1932,"male"
"滋賀県","360.6",1932,"female"
"滋賀県","95",1932,"ratio"
"滋賀県","345.4",1933,"male"
"滋賀県","363.1",1933,"female"
"滋賀県","95.1",1933,"ratio"
"滋賀県","345.1",1934,"male"
"滋賀県","364.7",1934,"female"
"滋賀県","94.6",1934,"ratio"
"滋賀県","345",1935,"male"
"滋賀県","366",1935,"female"
"滋賀県","94.2",1935,"ratio"
"滋賀県","337.5",1936,"male"
"滋賀県","365.3",1936,"female"
"滋賀県","92.4",1936,"ratio"
"滋賀県","337.1",1937,"male"
"滋賀県","364.3",1937,"female"
"滋賀県","92.5",1937,"ratio"
"滋賀県","337.2",1938,"male"
"滋賀県","363.4",1938,"female"
"滋賀県","92.8",1938,"ratio"
"滋賀県","334.5",1939,"male"
"滋賀県","362.7",1939,"female"
"滋賀県","92.2",1939,"ratio"
"滋賀県","330",1940,"male"
"滋賀県","362",1940,"female"
"滋賀県","91.3",1940,"ratio"
"滋賀県","321.1",1941,"male"
"滋賀県","365.8",1941,"female"
"滋賀県","87.8",1941,"ratio"
"滋賀県","318.9",1942,"male"
"滋賀県","369.7",1942,"female"
"滋賀県","86.3",1942,"ratio"
"滋賀県","315.6",1943,"male"
"滋賀県","375.1",1943,"female"
"滋賀県","84.1",1943,"ratio"
"滋賀県","313",1944,"male"
"滋賀県","379",1944,"female"
"滋賀県","82.4",1944,"ratio"
"滋賀県","395",1945,"male"
"滋賀県","466",1945,"female"
"滋賀県","84.7",1945,"ratio"
"滋賀県","386",1946,"male"
"滋賀県","445",1946,"female"
"滋賀県","86.6",1946,"ratio"
"滋賀県","412",1947,"male"
"滋賀県","446",1947,"female"
"滋賀県","92.3",1947,"ratio"
"滋賀県","412",1948,"male"
"滋賀県","446.6",1948,"female"
"滋賀県","92.3",1948,"ratio"
"滋賀県","411.5",1949,"male"
"滋賀県","446.3",1949,"female"
"滋賀県","92.2",1949,"ratio"
"滋賀県","413",1950,"male"
"滋賀県","448",1950,"female"
"滋賀県","92.2",1950,"ratio"
"滋賀県","411",1951,"male"
"滋賀県","445",1951,"female"
"滋賀県","92.2",1951,"ratio"
"滋賀県","410",1952,"male"
"滋賀県","444",1952,"female"
"滋賀県","92.2",1952,"ratio"
"滋賀県","409",1953,"male"
"滋賀県","444",1953,"female"
"滋賀県","92.2",1953,"ratio"
"滋賀県","409",1954,"male"
"滋賀県","444",1954,"female"
"滋賀県","92.2",1954,"ratio"
"滋賀県","410",1955,"male"
"滋賀県","444",1955,"female"
"滋賀県","92.3",1955,"ratio"
"滋賀県","408",1956,"male"
"滋賀県","442",1956,"female"
"滋賀県","92.2",1956,"ratio"
"滋賀県","406",1957,"male"
"滋賀県","440",1957,"female"
"滋賀県","92.4",1957,"ratio"
"滋賀県","403",1958,"male"
"滋賀県","437",1958,"female"
"滋賀県","92.3",1958,"ratio"
"滋賀県","402",1959,"male"
"滋賀県","438",1959,"female"
"滋賀県","91.9",1959,"ratio"
"滋賀県","403",1960,"male"
"滋賀県","439",1960,"female"
"滋賀県","91.8",1960,"ratio"
"滋賀県","404",1961,"male"
"滋賀県","440",1961,"female"
"滋賀県","91.9",1961,"ratio"
"滋賀県","406",1962,"male"
"滋賀県","440",1962,"female"
"滋賀県","92.3",1962,"ratio"
"滋賀県","406",1963,"male"
"滋賀県","440",1963,"female"
"滋賀県","92.2",1963,"ratio"
"滋賀県","407",1964,"male"
"滋賀県","442",1964,"female"
"滋賀県","91.9",1964,"ratio"
"滋賀県","410",1965,"male"
"滋賀県","444",1965,"female"
"滋賀県","92.3",1965,"ratio"
"滋賀県","410",1966,"male"
"滋賀県","444",1966,"female"
"滋賀県","92.3",1966,"ratio"
"滋賀県","412",1967,"male"
"滋賀県","446",1967,"female"
"滋賀県","92.4",1967,"ratio"
"滋賀県","416",1968,"male"
"滋賀県","449",1968,"female"
"滋賀県","92.6",1968,"ratio"
"滋賀県","421",1969,"male"
"滋賀県","453",1969,"female"
"滋賀県","93",1969,"ratio"
"滋賀県","430",1970,"male"
"滋賀県","460",1970,"female"
"滋賀県","93.5",1970,"ratio"
"滋賀県","440",1971,"male"
"滋賀県","469",1971,"female"
"滋賀県","93.9",1971,"ratio"
"滋賀県","449",1972,"male"
"滋賀県","476",1972,"female"
"滋賀県","94.2",1972,"ratio"
"滋賀県","459",1973,"male"
"滋賀県","484",1973,"female"
"滋賀県","94.8",1973,"ratio"
"滋賀県","471",1974,"male"
"滋賀県","494",1974,"female"
"滋賀県","95.3",1974,"ratio"
"滋賀県","482",1975,"male"
"滋賀県","504",1975,"female"
"滋賀県","95.6",1975,"ratio"
"滋賀県","492",1976,"male"
"滋賀県","513",1976,"female"
"滋賀県","95.8",1976,"ratio"
"滋賀県","503",1977,"male"
"滋賀県","523",1977,"female"
"滋賀県","96.1",1977,"ratio"
"滋賀県","511",1978,"male"
"滋賀県","532",1978,"female"
"滋賀県","96",1978,"ratio"
"滋賀県","520",1979,"male"
"滋賀県","542",1979,"female"
"滋賀県","96",1979,"ratio"
"滋賀県","529",1980,"male"
"滋賀県","551",1980,"female"
"滋賀県","96.1",1980,"ratio"
"滋賀県","538",1981,"male"
"滋賀県","559",1981,"female"
"滋賀県","96.2",1981,"ratio"
"滋賀県","546",1982,"male"
"滋賀県","566",1982,"female"
"滋賀県","96.4",1982,"ratio"
"滋賀県","554",1983,"male"
"滋賀県","574",1983,"female"
"滋賀県","96.5",1983,"ratio"
"滋賀県","561",1984,"male"
"滋賀県","580",1984,"female"
"滋賀県","96.6",1984,"ratio"
"滋賀県","569",1985,"male"
"滋賀県","587",1985,"female"
"滋賀県","96.9",1985,"ratio"
"滋賀県","574",1986,"male"
"滋賀県","593",1986,"female"
"滋賀県","96.8",1986,"ratio"
"滋賀県","579",1987,"male"
"滋賀県","599",1987,"female"
"滋賀県","96.8",1987,"ratio"
"滋賀県","586",1988,"male"
"滋賀県","605",1988,"female"
"滋賀県","96.8",1988,"ratio"
"滋賀県","593",1989,"male"
"滋賀県","613",1989,"female"
"滋賀県","96.8",1989,"ratio"
"滋賀県","601",1990,"male"
"滋賀県","621",1990,"female"
"滋賀県","96.7",1990,"ratio"
"滋賀県","608",1991,"male"
"滋賀県","627",1991,"female"
"滋賀県","96.9",1991,"ratio"
"滋賀県","615",1992,"male"
"滋賀県","633",1992,"female"
"滋賀県","97.1",1992,"ratio"
"滋賀県","621",1993,"male"
"滋賀県","640",1993,"female"
"滋賀県","97.1",1993,"ratio"
"滋賀県","628",1994,"male"
"滋賀県","646",1994,"female"
"滋賀県","97.2",1994,"ratio"
"滋賀県","635",1995,"male"
"滋賀県","652",1995,"female"
"滋賀県","97.3",1995,"ratio"
"滋賀県","641",1996,"male"
"滋賀県","658",1996,"female"
"滋賀県","97.4",1996,"ratio"
"滋賀県","647",1997,"male"
"滋賀県","664",1997,"female"
"滋賀県","97.4",1997,"ratio"
"滋賀県","653",1998,"male"
"滋賀県","670",1998,"female"
"滋賀県","97.5",1998,"ratio"
"滋賀県","658",1999,"male"
"滋賀県","674",1999,"female"
"滋賀県","97.6",1999,"ratio"
"滋賀県","663",2000,"male"
"滋賀県","679",2000,"female"
"滋賀県","97.6",2000,"ratio"
"京都府","651",1920,"male"
"京都府","636",1920,"female"
"京都府","102.3",1920,"ratio"
"京都府","661",1921,"male"
"京都府","645.2",1921,"female"
"京都府","102.4",1921,"ratio"
"京都府","674.9",1922,"male"
"京都府","655.4",1922,"female"
"京都府","103",1922,"ratio"
"京都府","693.1",1923,"male"
"京都府","668.3",1923,"female"
"京都府","103.7",1923,"ratio"
"京都府","708.1",1924,"male"
"京都府","679.9",1924,"female"
"京都府","104.1",1924,"ratio"
"京都府","717",1925,"male"
"京都府","689",1925,"female"
"京都府","104.1",1925,"ratio"
"京都府","732.8",1926,"male"
"京都府","703.2",1926,"female"
"京都府","104.2",1926,"ratio"
"京都府","746",1927,"male"
"京都府","716",1927,"female"
"京都府","104.2",1927,"ratio"
"京都府","759",1928,"male"
"京都府","729.2",1928,"female"
"京都府","104.1",1928,"ratio"
"京都府","773.4",1929,"male"
"京都府","742.1",1929,"female"
"京都府","104.2",1929,"ratio"
"京都府","792",1930,"male"
"京都府","760",1930,"female"
"京都府","104.2",1930,"ratio"
"京都府","812.2",1931,"male"
"京都府","781.7",1931,"female"
"京都府","103.9",1931,"ratio"
"京都府","826.9",1932,"male"
"京都府","799.5",1932,"female"
"京都府","103.4",1932,"ratio"
"京都府","838.4",1933,"male"
"京都府","812.5",1933,"female"
"京都府","103.2",1933,"ratio"
"京都府","849.4",1934,"male"
"京都府","823.2",1934,"female"
"京都府","103.2",1934,"ratio"
"京都府","863",1935,"male"
"京都府","840",1935,"female"
"京都府","102.8",1935,"ratio"
"京都府","850.7",1936,"male"
"京都府","846.4",1936,"female"
"京都府","100.5",1936,"ratio"
"京都府","849.4",1937,"male"
"京都府","853.5",1937,"female"
"京都府","99.5",1937,"ratio"
"京都府","849.6",1938,"male"
"京都府","858",1938,"female"
"京都府","99",1938,"ratio"
"京都府","844.9",1939,"male"
"京都府","860.6",1939,"female"
"京都府","98.2",1939,"ratio"
"京都府","839",1940,"male"
"京都府","866",1940,"female"
"京都府","96.8",1940,"ratio"
"京都府","819.4",1941,"male"
"京都府","876.6",1941,"female"
"京都府","93.5",1941,"ratio"
"京都府","806.2",1942,"male"
"京都府","878.5",1942,"female"
"京都府","91.8",1942,"ratio"
"京都府","781.4",1943,"male"
"京都府","870.6",1943,"female"
"京都府","89.8",1943,"ratio"
"京都府","767",1944,"male"
"京都府","869",1944,"female"
"京都府","88.3",1944,"ratio"
"京都府","752",1945,"male"
"京都府","851",1945,"female"
"京都府","88.4",1945,"ratio"
"京都府","766",1946,"male"
"京都府","856",1946,"female"
"京都府","89.5",1946,"ratio"
"京都府","845",1947,"male"
"京都府","894",1947,"female"
"京都府","94.6",1947,"ratio"
"京都府","865.2",1948,"male"
"京都府","912.4",1948,"female"
"京都府","94.8",1948,"ratio"
"京都府","884.1",1949,"male"
"京都府","929.6",1949,"female"
"京都府","95.1",1949,"ratio"
"京都府","892",1950,"male"
"京都府","941",1950,"female"
"京都府","94.7",1950,"ratio"
"京都府","905",1951,"male"
"京都府","955",1951,"female"
"京都府","94.8",1951,"ratio"
"京都府","917",1952,"male"
"京都府","966",1952,"female"
"京都府","95",1952,"ratio"
"京都府","924",1953,"male"
"京都府","975",1953,"female"
"京都府","94.8",1953,"ratio"
"京都府","932",1954,"male"
"京都府","982",1954,"female"
"京都府","94.9",1954,"ratio"
"京都府","944",1955,"male"
"京都府","991",1955,"female"
"京都府","95.3",1955,"ratio"
"京都府","953",1956,"male"
"京都府","998",1956,"female"
"京都府","95.5",1956,"ratio"
"京都府","961",1957,"male"
"京都府","1004",1957,"female"
"京都府","95.7",1957,"ratio"
"京都府","967",1958,"male"
"京都府","1010",1958,"female"
"京都府","95.8",1958,"ratio"
"京都府","972",1959,"male"
"京都府","1016",1959,"female"
"京都府","95.7",1959,"ratio"
"京都府","973",1960,"male"
"京都府","1020",1960,"female"
"京都府","95.4",1960,"ratio"
"京都府","980",1961,"male"
"京都府","1028",1961,"female"
"京都府","95.3",1961,"ratio"
"京都府","990",1962,"male"
"京都府","1038",1962,"female"
"京都府","95.4",1962,"ratio"
"京都府","1001",1963,"male"
"京都府","1051",1963,"female"
"京都府","95.3",1963,"ratio"
"京都府","1014",1964,"male"
"京都府","1063",1964,"female"
"京都府","95.4",1964,"ratio"
"京都府","1028",1965,"male"
"京都府","1075",1965,"female"
"京都府","95.7",1965,"ratio"
"京都府","1037",1966,"male"
"京都府","1085",1966,"female"
"京都府","95.6",1966,"ratio"
"京都府","1053",1967,"male"
"京都府","1101",1967,"female"
"京都府","95.6",1967,"ratio"
"京都府","1070",1968,"male"
"京都府","1117",1968,"female"
"京都府","95.8",1968,"ratio"
"京都府","1085",1969,"male"
"京都府","1132",1969,"female"
"京都府","95.8",1969,"ratio"
"京都府","1102",1970,"male"
"京都府","1148",1970,"female"
"京都府","96",1970,"ratio"
"京都府","1118",1971,"male"
"京都府","1164",1971,"female"
"京都府","96",1971,"ratio"
"京都府","1138",1972,"male"
"京都府","1185",1972,"female"
"京都府","96.1",1972,"ratio"
"京都府","1160",1973,"male"
"京都府","1204",1973,"female"
"京都府","96.3",1973,"ratio"
"京都府","1176",1974,"male"
"京都府","1220",1974,"female"
"京都府","96.4",1974,"ratio"
"京都府","1191",1975,"male"
"京都府","1234",1975,"female"
"京都府","96.5",1975,"ratio"
"京都府","1203",1976,"male"
"京都府","1249",1976,"female"
"京都府","96.4",1976,"ratio"
"京都府","1214",1977,"male"
"京都府","1260",1977,"female"
"京都府","96.4",1977,"ratio"
"京都府","1224",1978,"male"
"京都府","1271",1978,"female"
"京都府","96.3",1978,"ratio"
"京都府","1232",1979,"male"
"京都府","1280",1979,"female"
"京都府","96.2",1979,"ratio"
"京都府","1238",1980,"male"
"京都府","1289",1980,"female"
"京都府","96.1",1980,"ratio"
"京都府","1244",1981,"male"
"京都府","1295",1981,"female"
"京都府","96",1981,"ratio"
"京都府","1250",1982,"male"
"京都府","1303",1982,"female"
"京都府","95.9",1982,"ratio"
"京都府","1257",1983,"male"
"京都府","1312",1983,"female"
"京都府","95.9",1983,"ratio"
"京都府","1261",1984,"male"
"京都府","1317",1984,"female"
"京都府","95.7",1984,"ratio"
"京都府","1264",1985,"male"
"京都府","1323",1985,"female"
"京都府","95.6",1985,"ratio"
"京都府","1268",1986,"male"
"京都府","1328",1986,"female"
"京都府","95.5",1986,"ratio"
"京都府","1270",1987,"male"
"京都府","1331",1987,"female"
"京都府","95.4",1987,"ratio"
"京都府","1270",1988,"male"
"京都府","1334",1988,"female"
"京都府","95.3",1988,"ratio"
"京都府","1270",1989,"male"
"京都府","1335",1989,"female"
"京都府","95.1",1989,"ratio"
"京都府","1268",1990,"male"
"京都府","1335",1990,"female"
"京都府","95",1990,"ratio"
"京都府","1270",1991,"male"
"京都府","1338",1991,"female"
"京都府","94.9",1991,"ratio"
"京都府","1273",1992,"male"
"京都府","1343",1992,"female"
"京都府","94.8",1992,"ratio"
"京都府","1273",1993,"male"
"京都府","1345",1993,"female"
"京都府","94.6",1993,"ratio"
"京都府","1274",1994,"male"
"京都府","1348",1994,"female"
"京都府","94.5",1994,"ratio"
"京都府","1277",1995,"male"
"京都府","1353",1995,"female"
"京都府","94.4",1995,"ratio"
"京都府","1279",1996,"male"
"京都府","1356",1996,"female"
"京都府","94.3",1996,"ratio"
"京都府","1279",1997,"male"
"京都府","1359",1997,"female"
"京都府","94.1",1997,"ratio"
"京都府","1280",1998,"male"
"京都府","1363",1998,"female"
"京都府","93.9",1998,"ratio"
"京都府","1279",1999,"male"
"京都府","1366",1999,"female"
"京都府","93.7",1999,"ratio"
"京都府","1278",2000,"male"
"京都府","1366",2000,"female"
"京都府","93.6",2000,"ratio"
"大阪府","1345",1920,"male"
"大阪府","1243",1920,"female"
"大阪府","108.2",1920,"ratio"
"大阪府","1396.1",1921,"male"
"大阪府","1290.5",1921,"female"
"大阪府","108.2",1921,"ratio"
"大阪府","1446.3",1922,"male"
"大阪府","1333",1922,"female"
"大阪府","108.5",1922,"ratio"
"大阪府","1528",1923,"male"
"大阪府","1398.9",1923,"female"
"大阪府","109.2",1923,"ratio"
"大阪府","1564.1",1924,"male"
"大阪府","1434.3",1924,"female"
"大阪府","109",1924,"ratio"
"大阪府","1594",1925,"male"
"大阪府","1465",1925,"female"
"大阪府","108.8",1925,"ratio"
"大阪府","1647.1",1926,"male"
"大阪府","1513.2",1926,"female"
"大阪府","108.8",1926,"ratio"
"大阪府","1701.2",1927,"male"
"大阪府","1558.7",1927,"female"
"大阪府","109.1",1927,"ratio"
"大阪府","1751.2",1928,"male"
"大阪府","1609.8",1928,"female"
"大阪府","108.8",1928,"ratio"
"大阪府","1802.4",1929,"male"
"大阪府","1653.8",1929,"female"
"大阪府","109",1929,"ratio"
"大阪府","1846",1930,"male"
"大阪府","1694",1930,"female"
"大阪府","108.9",1930,"ratio"
"大阪府","1908",1931,"male"
"大阪府","1746.5",1931,"female"
"大阪府","109.2",1931,"ratio"
"大阪府","1977.7",1932,"male"
"大阪府","1814.2",1932,"female"
"大阪府","109",1932,"ratio"
"大阪府","2053.2",1933,"male"
"大阪府","1884.9",1933,"female"
"大阪府","108.9",1933,"ratio"
"大阪府","2148.7",1934,"male"
"大阪府","1964",1934,"female"
"大阪府","109.4",1934,"ratio"
"大阪府","2242",1935,"male"
"大阪府","2056",1935,"female"
"大阪府","109.1",1935,"ratio"
"大阪府","2312.8",1936,"male"
"大阪府","2150",1936,"female"
"大阪府","107.6",1936,"ratio"
"大阪府","2323.7",1937,"male"
"大阪府","2199.8",1937,"female"
"大阪府","105.6",1937,"ratio"
"大阪府","2338.4",1938,"male"
"大阪府","2244.1",1938,"female"
"大阪府","104.2",1938,"ratio"
"大阪府","2378.3",1939,"male"
"大阪府","2307.6",1939,"female"
"大阪府","103.1",1939,"ratio"
"大阪府","2405",1940,"male"
"大阪府","2332",1940,"female"
"大阪府","103.1",1940,"ratio"
"大阪府","2317.8",1941,"male"
"大阪府","2343.8",1941,"female"
"大阪府","98.9",1941,"ratio"
"大阪府","2291.8",1942,"male"
"大阪府","2367.5",1942,"female"
"大阪府","96.8",1942,"ratio"
"大阪府","2171.1",1943,"male"
"大阪府","2336.5",1943,"female"
"大阪府","92.9",1943,"ratio"
"大阪府","2095",1944,"male"
"大阪府","2318",1944,"female"
"大阪府","90.4",1944,"ratio"
"大阪府","1354",1945,"male"
"大阪府","1447",1945,"female"
"大阪府","93.5",1945,"ratio"
"大阪府","1443",1946,"male"
"大阪府","1533",1946,"female"
"大阪府","94.2",1946,"ratio"
"大阪府","1647",1947,"male"
"大阪府","1688",1947,"female"
"大阪府","97.6",1947,"ratio"
"大阪府","1735",1948,"male"
"大阪府","1782.9",1948,"female"
"大阪府","97.3",1948,"ratio"
"大阪府","1829",1949,"male"
"大阪府","1883.6",1949,"female"
"大阪府","97.1",1949,"ratio"
"大阪府","1900",1950,"male"
"大阪府","1957",1950,"female"
"大阪府","97.1",1950,"ratio"
"大阪府","2011",1951,"male"
"大阪府","2061",1951,"female"
"大阪府","97.5",1951,"ratio"
"大阪府","2096",1952,"male"
"大阪府","2142",1952,"female"
"大阪府","97.8",1952,"ratio"
"大阪府","2177",1953,"male"
"大阪府","2218",1953,"female"
"大阪府","98.2",1953,"ratio"
"大阪府","2236",1954,"male"
"大阪府","2275",1954,"female"
"大阪府","98.3",1954,"ratio"
"大阪府","2290",1955,"male"
"大阪府","2328",1955,"female"
"大阪府","98.4",1955,"ratio"
"大阪府","2361",1956,"male"
"大阪府","2400",1956,"female"
"大阪府","98.4",1956,"ratio"
"大阪府","2458",1957,"male"
"大阪府","2483",1957,"female"
"大阪府","99",1957,"ratio"
"大阪府","2552",1958,"male"
"大阪府","2561",1958,"female"
"大阪府","99.6",1958,"ratio"
"大阪府","2649",1959,"male"
"大阪府","2646",1959,"female"
"大阪府","100.1",1959,"ratio"
"大阪府","2766",1960,"male"
"大阪府","2739",1960,"female"
"大阪府","101",1960,"ratio"
"大阪府","2891",1961,"male"
"大阪府","2844",1961,"female"
"大阪府","101.7",1961,"ratio"
"大阪府","3022",1962,"male"
"大阪府","2960",1962,"female"
"大阪府","102.1",1962,"ratio"
"大阪府","3137",1963,"male"
"大阪府","3070",1963,"female"
"大阪府","102.2",1963,"ratio"
"大阪府","3253",1964,"male"
"大阪府","3187",1964,"female"
"大阪府","102.1",1964,"ratio"
"大阪府","3356",1965,"male"
"大阪府","3301",1965,"female"
"大阪府","101.6",1965,"ratio"
"大阪府","3431",1966,"male"
"大阪府","3384",1966,"female"
"大阪府","101.4",1966,"ratio"
"大阪府","3527",1967,"male"
"大阪府","3482",1967,"female"
"大阪府","101.3",1967,"ratio"
"大阪府","3626",1968,"male"
"大阪府","3587",1968,"female"
"大阪府","101.1",1968,"ratio"
"大阪府","3730",1969,"male"
"大阪府","3694",1969,"female"
"大阪府","101",1969,"ratio"
"大阪府","3824",1970,"male"
"大阪府","3797",1970,"female"
"大阪府","100.7",1970,"ratio"
"大阪府","3909",1971,"male"
"大阪府","3896",1971,"female"
"大阪府","100.3",1971,"ratio"
"大阪府","3981",1972,"male"
"大阪府","3981",1972,"female"
"大阪府","100",1972,"ratio"
"大阪府","4039",1973,"male"
"大阪府","4044",1973,"female"
"大阪府","99.9",1973,"ratio"
"大阪府","4091",1974,"male"
"大阪府","4099",1974,"female"
"大阪府","99.8",1974,"ratio"
"大阪府","4132",1975,"male"
"大阪府","4146",1975,"female"
"大阪府","99.7",1975,"ratio"
"大阪府","4151",1976,"male"
"大阪府","4179",1976,"female"
"大阪府","99.3",1976,"ratio"
"大阪府","4167",1977,"male"
"大阪府","4207",1977,"female"
"大阪府","99",1977,"ratio"
"大阪府","4180",1978,"male"
"大阪府","4232",1978,"female"
"大阪府","98.8",1978,"ratio"
"大阪府","4193",1979,"male"
"大阪府","4253",1979,"female"
"大阪府","98.6",1979,"ratio"
"大阪府","4204",1980,"male"
"大阪府","4270",1980,"female"
"大阪府","98.5",1980,"ratio"
"大阪府","4217",1981,"male"
"大阪府","4291",1981,"female"
"大阪府","98.3",1981,"ratio"
"大阪府","4231",1982,"male"
"大阪府","4311",1982,"female"
"大阪府","98.1",1982,"ratio"
"大阪府","4252",1983,"male"
"大阪府","4337",1983,"female"
"大阪府","98",1983,"ratio"
"大阪府","4272",1984,"male"
"大阪府","4361",1984,"female"
"大阪府","98",1984,"ratio"
"大阪府","4286",1985,"male"
"大阪府","4382",1985,"female"
"大阪府","97.8",1985,"ratio"
"大阪府","4303",1986,"male"
"大阪府","4402",1986,"female"
"大阪府","97.7",1986,"ratio"
"大阪府","4317",1987,"male"
"大阪府","4420",1987,"female"
"大阪府","97.7",1987,"ratio"
"大阪府","4321",1988,"male"
"大阪府","4427",1988,"female"
"大阪府","97.6",1988,"ratio"
"大阪府","4316",1989,"male"
"大阪府","4428",1989,"female"
"大阪府","97.5",1989,"ratio"
"大阪府","4308",1990,"male"
"大阪府","4426",1990,"female"
"大阪府","97.3",1990,"ratio"
"大阪府","4313",1991,"male"
"大阪府","4437",1991,"female"
"大阪府","97.2",1991,"ratio"
"大阪府","4315",1992,"male"
"大阪府","4446",1992,"female"
"大阪府","97.1",1992,"ratio"
"大阪府","4311",1993,"male"
"大阪府","4451",1993,"female"
"大阪府","96.9",1993,"ratio"
"大阪府","4305",1994,"male"
"大阪府","4454",1994,"female"
"大阪府","96.7",1994,"ratio"
"大阪府","4322",1995,"male"
"大阪府","4476",1995,"female"
"大阪府","96.6",1995,"ratio"
"大阪府","4324",1996,"male"
"大阪府","4482",1996,"female"
"大阪府","96.5",1996,"ratio"
"大阪府","4320",1997,"male"
"大阪府","4487",1997,"female"
"大阪府","96.3",1997,"ratio"
"大阪府","4317",1998,"male"
"大阪府","4496",1998,"female"
"大阪府","96",1998,"ratio"
"大阪府","4312",1999,"male"
"大阪府","4500",1999,"female"
"大阪府","95.8",1999,"ratio"
"大阪府","4304",2000,"male"
"大阪府","4501",2000,"female"
"大阪府","95.6",2000,"ratio"
"兵庫県","1175",1920,"male"
"兵庫県","1126",1920,"female"
"兵庫県","104.4",1920,"ratio"
"兵庫県","1188.1",1921,"male"
"兵庫県","1143.5",1921,"female"
"兵庫県","103.9",1921,"ratio"
"兵庫県","1201.5",1922,"male"
"兵庫県","1162.2",1922,"female"
"兵庫県","103.4",1922,"ratio"
"兵庫県","1220.6",1923,"male"
"兵庫県","1188.6",1923,"female"
"兵庫県","102.7",1923,"ratio"
"兵庫県","1224.5",1924,"male"
"兵庫県","1200.3",1924,"female"
"兵庫県","102",1924,"ratio"
"兵庫県","1239",1925,"male"
"兵庫県","1215",1925,"female"
"兵庫県","102",1925,"ratio"
"兵庫県","1258.8",1926,"male"
"兵庫県","1235.7",1926,"female"
"兵庫県","101.9",1926,"ratio"
"兵庫県","1276.8",1927,"male"
"兵庫県","1254.3",1927,"female"
"兵庫県","101.8",1927,"ratio"
"兵庫県","1294.4",1928,"male"
"兵庫県","1273.4",1928,"female"
"兵庫県","101.6",1928,"ratio"
"兵庫県","1310.4",1929,"male"
"兵庫県","1291.5",1929,"female"
"兵庫県","101.5",1929,"ratio"
"兵庫県","1333",1930,"male"
"兵庫県","1313",1930,"female"
"兵庫県","101.5",1930,"ratio"
"兵庫県","1358.7",1931,"male"
"兵庫県","1338.4",1931,"female"
"兵庫県","101.5",1931,"ratio"
"兵庫県","1381.5",1932,"male"
"兵庫県","1363.9",1932,"female"
"兵庫県","101.3",1932,"ratio"
"兵庫県","1406.5",1933,"male"
"兵庫県","1391.4",1933,"female"
"兵庫県","101.1",1933,"ratio"
"兵庫県","1436.5",1934,"male"
"兵庫県","1421.6",1934,"female"
"兵庫県","101",1934,"ratio"
"兵庫県","1466",1935,"male"
"兵庫県","1457",1935,"female"
"兵庫県","100.6",1935,"ratio"
"兵庫県","1510",1936,"male"
"兵庫県","1492.2",1936,"female"
"兵庫県","101.2",1936,"ratio"
"兵庫県","1520.2",1937,"male"
"兵庫県","1526.1",1937,"female"
"兵庫県","99.6",1937,"ratio"
"兵庫県","1531",1938,"male"
"兵庫県","1548.7",1938,"female"
"兵庫県","98.9",1938,"ratio"
"兵庫県","1550.5",1939,"male"
"兵庫県","1566.2",1939,"female"
"兵庫県","99",1939,"ratio"
"兵庫県","1575",1940,"male"
"兵庫県","1598",1940,"female"
"兵庫県","98.6",1940,"ratio"
"兵庫県","1567.7",1941,"male"
"兵庫県","1619.2",1941,"female"
"兵庫県","96.8",1941,"ratio"
"兵庫県","1620.5",1942,"male"
"兵庫県","1647.1",1942,"female"
"兵庫県","98.4",1942,"ratio"
"兵庫県","1607.6",1943,"male"
"兵庫県","1663.1",1943,"female"
"兵庫県","96.7",1943,"ratio"
"兵庫県","1558",1944,"male"
"兵庫県","1666",1944,"female"
"兵庫県","93.5",1944,"ratio"
"兵庫県","1345",1945,"male"
"兵庫県","1477",1945,"female"
"兵庫県","91",1945,"ratio"
"兵庫県","1363",1946,"male"
"兵庫県","1463",1946,"female"
"兵庫県","93.1",1946,"ratio"
"兵庫県","1505",1947,"male"
"兵庫県","1552",1947,"female"
"兵庫県","97",1947,"ratio"
"兵庫県","1541.1",1948,"male"
"兵庫県","1582.1",1948,"female"
"兵庫県","97.4",1948,"ratio"
"兵庫県","1585.2",1949,"male"
"兵庫県","1636.5",1949,"female"
"兵庫県","96.9",1949,"ratio"
"兵庫県","1623",1950,"male"
"兵庫県","1687",1950,"female"
"兵庫県","96.2",1950,"ratio"
"兵庫県","1673",1951,"male"
"兵庫県","1735",1951,"female"
"兵庫県","96.4",1951,"ratio"
"兵庫県","1704",1952,"male"
"兵庫県","1769",1952,"female"
"兵庫県","96.3",1952,"ratio"
"兵庫県","1733",1953,"male"
"兵庫県","1799",1953,"female"
"兵庫県","96.3",1953,"ratio"
"兵庫県","1755",1954,"male"
"兵庫県","1824",1954,"female"
"兵庫県","96.2",1954,"ratio"
"兵庫県","1773",1955,"male"
"兵庫県","1847",1955,"female"
"兵庫県","96",1955,"ratio"
"兵庫県","1799",1956,"male"
"兵庫県","1874",1956,"female"
"兵庫県","96",1956,"ratio"
"兵庫県","1830",1957,"male"
"兵庫県","1900",1957,"female"
"兵庫県","96.3",1957,"ratio"
"兵庫県","1856",1958,"male"
"兵庫県","1928",1958,"female"
"兵庫県","96.3",1958,"ratio"
"兵庫県","1884",1959,"male"
"兵庫県","1957",1959,"female"
"兵庫県","96.3",1959,"ratio"
"兵庫県","1918",1960,"male"
"兵庫県","1989",1960,"female"
"兵庫県","96.4",1960,"ratio"
"兵庫県","1960",1961,"male"
"兵庫県","2026",1961,"female"
"兵庫県","96.8",1961,"ratio"
"兵庫県","2006",1962,"male"
"兵庫県","2069",1962,"female"
"兵庫県","97",1962,"ratio"
"兵庫県","2045",1963,"male"
"兵庫県","2111",1963,"female"
"兵庫県","96.9",1963,"ratio"
"兵庫県","2086",1964,"male"
"兵庫県","2152",1964,"female"
"兵庫県","96.9",1964,"ratio"
"兵庫県","2121",1965,"male"
"兵庫県","2189",1965,"female"
"兵庫県","96.9",1965,"ratio"
"兵庫県","2144",1966,"male"
"兵庫県","2216",1966,"female"
"兵庫県","96.7",1966,"ratio"
"兵庫県","2176",1967,"male"
"兵庫県","2249",1967,"female"
"兵庫県","96.7",1967,"ratio"
"兵庫県","2212",1968,"male"
"兵庫県","2284",1968,"female"
"兵庫県","96.9",1968,"ratio"
"兵庫県","2257",1969,"male"
"兵庫県","2327",1969,"female"
"兵庫県","97",1969,"ratio"
"兵庫県","2300",1970,"male"
"兵庫県","2368",1970,"female"
"兵庫県","97.1",1970,"ratio"
"兵庫県","2332",1971,"male"
"兵庫県","2408",1971,"female"
"兵庫県","96.9",1971,"ratio"
"兵庫県","2365",1972,"male"
"兵庫県","2448",1972,"female"
"兵庫県","96.6",1972,"ratio"
"兵庫県","2397",1973,"male"
"兵庫県","2482",1973,"female"
"兵庫県","96.6",1973,"ratio"
"兵庫県","2428",1974,"male"
"兵庫県","2513",1974,"female"
"兵庫県","96.6",1974,"ratio"
"兵庫県","2453",1975,"male"
"兵庫県","2539",1975,"female"
"兵庫県","96.6",1975,"ratio"
"兵庫県","2468",1976,"male"
"兵庫県","2561",1976,"female"
"兵庫県","96.3",1976,"ratio"
"兵庫県","2481",1977,"male"
"兵庫県","2582",1977,"female"
"兵庫県","96.1",1977,"ratio"
"兵庫県","2493",1978,"male"
"兵庫県","2600",1978,"female"
"兵庫県","95.9",1978,"ratio"
"兵庫県","2502",1979,"male"
"兵庫県","2616",1979,"female"
"兵庫県","95.6",1979,"ratio"
"兵庫県","2512",1980,"male"
"兵庫県","2633",1980,"female"
"兵庫県","95.4",1980,"ratio"
"兵庫県","2523",1981,"male"
"兵庫県","2648",1981,"female"
"兵庫県","95.3",1981,"ratio"
"兵庫県","2534",1982,"male"
"兵庫県","2664",1982,"female"
"兵庫県","95.1",1982,"ratio"
"兵庫県","2547",1983,"male"
"兵庫県","2680",1983,"female"
"兵庫県","95",1983,"ratio"
"兵庫県","2557",1984,"male"
"兵庫県","2695",1984,"female"
"兵庫県","94.9",1984,"ratio"
"兵庫県","2568",1985,"male"
"兵庫県","2710",1985,"female"
"兵庫県","94.7",1985,"ratio"
"兵庫県","2576",1986,"male"
"兵庫県","2724",1986,"female"
"兵庫県","94.6",1986,"ratio"
"兵庫県","2582",1987,"male"
"兵庫県","2737",1987,"female"
"兵庫県","94.3",1987,"ratio"
"兵庫県","2593",1988,"male"
"兵庫県","2751",1988,"female"
"兵庫県","94.2",1988,"ratio"
"兵庫県","2605",1989,"male"
"兵庫県","2767",1989,"female"
"兵庫県","94.1",1989,"ratio"
"兵庫県","2620",1990,"male"
"兵庫県","2785",1990,"female"
"兵庫県","94.1",1990,"ratio"
"兵庫県","2629",1991,"male"
"兵庫県","2796",1991,"female"
"兵庫県","94",1991,"ratio"
"兵庫県","2637",1992,"male"
"兵庫県","2806",1992,"female"
"兵庫県","94",1992,"ratio"
"兵庫県","2642",1993,"male"
"兵庫県","2814",1993,"female"
"兵庫県","93.9",1993,"ratio"
"兵庫県","2647",1994,"male"
"兵庫県","2823",1994,"female"
"兵庫県","93.8",1994,"ratio"
"兵庫県","2612",1995,"male"
"兵庫県","2790",1995,"female"
"兵庫県","93.6",1995,"ratio"
"兵庫県","2620",1996,"male"
"兵庫県","2801",1996,"female"
"兵庫県","93.5",1996,"ratio"
"兵庫県","2634",1997,"male"
"兵庫県","2820",1997,"female"
"兵庫県","93.4",1997,"ratio"
"兵庫県","2652",1998,"male"
"兵庫県","2842",1998,"female"
"兵庫県","93.3",1998,"ratio"
"兵庫県","2666",1999,"male"
"兵庫県","2862",1999,"female"
"兵庫県","93.2",1999,"ratio"
"兵庫県","2675",2000,"male"
"兵庫県","2876",2000,"female"
"兵庫県","93",2000,"ratio"
"奈良県","280",1920,"male"
"奈良県","284",1920,"female"
"奈良県","98.6",1920,"ratio"
"奈良県","282.2",1921,"male"
"奈良県","286.2",1921,"female"
"奈良県","98.6",1921,"ratio"
"奈良県","284.3",1922,"male"
"奈良県","288.1",1922,"female"
"奈良県","98.7",1922,"ratio"
"奈良県","286.6",1923,"male"
"奈良県","290.4",1923,"female"
"奈良県","98.7",1923,"ratio"
"奈良県","287.8",1924,"male"
"奈良県","291.8",1924,"female"
"奈良県","98.6",1924,"ratio"
"奈良県","290",1925,"male"
"奈良県","294",1925,"female"
"奈良県","98.5",1925,"ratio"
"奈良県","287.9",1926,"male"
"奈良県","292.9",1926,"female"
"奈良県","98.3",1926,"ratio"
"奈良県","289.5",1927,"male"
"奈良県","296.2",1927,"female"
"奈良県","97.7",1927,"ratio"
"奈良県","292.6",1928,"male"
"奈良県","297.8",1928,"female"
"奈良県","98.3",1928,"ratio"
"奈良県","294.3",1929,"male"
"奈良県","299.4",1929,"female"
"奈良県","98.3",1929,"ratio"
"奈良県","295",1930,"male"
"奈良県","301",1930,"female"
"奈良県","98.2",1930,"ratio"
"奈良県","297.2",1931,"male"
"奈良県","303.5",1931,"female"
"奈良県","97.9",1931,"ratio"
"奈良県","298.5",1932,"male"
"奈良県","305.8",1932,"female"
"奈良県","97.6",1932,"ratio"
"奈良県","300.3",1933,"male"
"奈良県","308.6",1933,"female"
"奈良県","97.3",1933,"ratio"
"奈良県","304",1934,"male"
"奈良県","311.7",1934,"female"
"奈良県","97.5",1934,"ratio"
"奈良県","306",1935,"male"
"奈良県","314",1935,"female"
"奈良県","97.3",1935,"ratio"
"奈良県","303.7",1936,"male"
"奈良県","313.4",1936,"female"
"奈良県","96.9",1936,"ratio"
"奈良県","299.1",1937,"male"
"奈良県","313.7",1937,"female"
"奈良県","95.3",1937,"ratio"
"奈良県","290.6",1938,"male"
"奈良県","312",1938,"female"
"奈良県","93.1",1938,"ratio"
"奈良県","284.6",1939,"male"
"奈良県","308.1",1939,"female"
"奈良県","92.4",1939,"ratio"
"奈良県","295",1940,"male"
"奈良県","315",1940,"female"
"奈良県","93.6",1940,"ratio"
"奈良県","286",1941,"male"
"奈良県","315.3",1941,"female"
"奈良県","90.7",1941,"ratio"
"奈良県","283.9",1942,"male"
"奈良県","320.3",1942,"female"
"奈良県","88.6",1942,"ratio"
"奈良県","279.9",1943,"male"
"奈良県","331.9",1943,"female"
"奈良県","84.3",1943,"ratio"
"奈良県","277",1944,"male"
"奈良県","330",1944,"female"
"奈良県","83.8",1944,"ratio"
"奈良県","355",1945,"male"
"奈良県","424",1945,"female"
"奈良県","83.7",1945,"ratio"
"奈良県","345",1946,"male"
"奈良県","399",1946,"female"
"奈良県","86.5",1946,"ratio"
"奈良県","376",1947,"male"
"奈良県","404",1947,"female"
"奈良県","93.2",1947,"ratio"
"奈良県","372.5",1948,"male"
"奈良県","399.3",1948,"female"
"奈良県","93.3",1948,"ratio"
"奈良県","371.4",1949,"male"
"奈良県","397.4",1949,"female"
"奈良県","93.5",1949,"ratio"
"奈良県","369",1950,"male"
"奈良県","395",1950,"female"
"奈良県","93.4",1950,"ratio"
"奈良県","370",1951,"male"
"奈良県","396",1951,"female"
"奈良県","93.4",1951,"ratio"
"奈良県","372",1952,"male"
"奈良県","397",1952,"female"
"奈良県","93.8",1952,"ratio"
"奈良県","374",1953,"male"
"奈良県","397",1953,"female"
"奈良県","94.2",1953,"ratio"
"奈良県","376",1954,"male"
"奈良県","398",1954,"female"
"奈良県","94.5",1954,"ratio"
"奈良県","378",1955,"male"
"奈良県","399",1955,"female"
"奈良県","94.8",1955,"ratio"
"奈良県","379",1956,"male"
"奈良県","398",1956,"female"
"奈良県","95",1956,"ratio"
"奈良県","379",1957,"male"
"奈良県","397",1957,"female"
"奈良県","95.5",1957,"ratio"
"奈良県","380",1958,"male"
"奈良県","398",1958,"female"
"奈良県","95.5",1958,"ratio"
"奈良県","382",1959,"male"
"奈良県","398",1959,"female"
"奈良県","95.8",1959,"ratio"
"奈良県","382",1960,"male"
"奈良県","399",1960,"female"
"奈良県","96",1960,"ratio"
"奈良県","383",1961,"male"
"奈良県","401",1961,"female"
"奈良県","95.5",1961,"ratio"
"奈良県","385",1962,"male"
"奈良県","404",1962,"female"
"奈良県","95.1",1962,"ratio"
"奈良県","390",1963,"male"
"奈良県","411",1963,"female"
"奈良県","94.9",1963,"ratio"
"奈良県","394",1964,"male"
"奈良県","417",1964,"female"
"奈良県","94.5",1964,"ratio"
"奈良県","400",1965,"male"
"奈良県","426",1965,"female"
"奈良県","94.1",1965,"ratio"
"奈良県","406",1966,"male"
"奈良県","432",1966,"female"
"奈良県","94",1966,"ratio"
"奈良県","415",1967,"male"
"奈良県","441",1967,"female"
"奈良県","94.1",1967,"ratio"
"奈良県","426",1968,"male"
"奈良県","452",1968,"female"
"奈良県","94.2",1968,"ratio"
"奈良県","437",1969,"male"
"奈良県","465",1969,"female"
"奈良県","94",1969,"ratio"
"奈良県","451",1970,"male"
"奈良県","479",1970,"female"
"奈良県","94",1970,"ratio"
"奈良県","465",1971,"male"
"奈良県","494",1971,"female"
"奈良県","94",1971,"ratio"
"奈良県","481",1972,"male"
"奈良県","512",1972,"female"
"奈良県","93.9",1972,"ratio"
"奈良県","499",1973,"male"
"奈良県","530",1973,"female"
"奈良県","94.2",1973,"ratio"
"奈良県","512",1974,"male"
"奈良県","543",1974,"female"
"奈良県","94.3",1974,"ratio"
"奈良県","524",1975,"male"
"奈良県","554",1975,"female"
"奈良県","94.5",1975,"ratio"
"奈良県","534",1976,"male"
"奈良県","565",1976,"female"
"奈良県","94.5",1976,"ratio"
"奈良県","546",1977,"male"
"奈良県","578",1977,"female"
"奈良県","94.5",1977,"ratio"
"奈良県","560",1978,"male"
"奈良県","592",1978,"female"
"奈良県","94.6",1978,"ratio"
"奈良県","574",1979,"male"
"奈良県","607",1979,"female"
"奈良県","94.6",1979,"ratio"
"奈良県","587",1980,"male"
"奈良県","622",1980,"female"
"奈良県","94.3",1980,"ratio"
"奈良県","598",1981,"male"
"奈良県","635",1981,"female"
"奈良県","94.3",1981,"ratio"
"奈良県","608",1982,"male"
"奈良県","645",1982,"female"
"奈良県","94.3",1982,"ratio"
"奈良県","618",1983,"male"
"奈良県","655",1983,"female"
"奈良県","94.3",1983,"ratio"
"奈良県","626",1984,"male"
"奈良県","664",1984,"female"
"奈良県","94.3",1984,"ratio"
"奈良県","633",1985,"male"
"奈良県","672",1985,"female"
"奈良県","94.2",1985,"ratio"
"奈良県","639",1986,"male"
"奈良県","679",1986,"female"
"奈良県","94.1",1986,"ratio"
"奈良県","645",1987,"male"
"奈良県","688",1987,"female"
"奈良県","93.8",1987,"ratio"
"奈良県","651",1988,"male"
"奈良県","696",1988,"female"
"奈良県","93.6",1988,"ratio"
"奈良県","658",1989,"male"
"奈良県","705",1989,"female"
"奈良県","93.4",1989,"ratio"
"奈良県","664",1990,"male"
"奈良県","712",1990,"female"
"奈良県","93.2",1990,"ratio"
"奈良県","670",1991,"male"
"奈良県","718",1991,"female"
"奈良県","93.3",1991,"ratio"
"奈良県","676",1992,"male"
"奈良県","725",1992,"female"
"奈良県","93.2",1992,"ratio"
"奈良県","681",1993,"male"
"奈良県","731",1993,"female"
"奈良県","93.1",1993,"ratio"
"奈良県","684",1994,"male"
"奈良県","736",1994,"female"
"奈良県","92.9",1994,"ratio"
"奈良県","689",1995,"male"
"奈良県","742",1995,"female"
"奈良県","92.8",1995,"ratio"
"奈良県","691",1996,"male"
"奈良県","746",1996,"female"
"奈良県","92.7",1996,"ratio"
"奈良県","693",1997,"male"
"奈良県","749",1997,"female"
"奈良県","92.5",1997,"ratio"
"奈良県","692",1998,"male"
"奈良県","751",1998,"female"
"奈良県","92.3",1998,"ratio"
"奈良県","692",1999,"male"
"奈良県","752",1999,"female"
"奈良県","92.1",1999,"ratio"
"奈良県","691",2000,"male"
"奈良県","752",2000,"female"
"奈良県","91.9",2000,"ratio"
"和歌山県","372",1920,"male"
"和歌山県","378",1920,"female"
"和歌山県","98.3",1920,"ratio"
"和歌山県","375.9",1921,"male"
"和歌山県","381.6",1921,"female"
"和歌山県","98.5",1921,"ratio"
"和歌山県","379.8",1922,"male"
"和歌山県","384.5",1922,"female"
"和歌山県","98.8",1922,"ratio"
"和歌山県","386.3",1923,"male"
"和歌山県","389.7",1923,"female"
"和歌山県","99.1",1923,"ratio"
"和歌山県","388.5",1924,"male"
"和歌山県","391.8",1924,"female"
"和歌山県","99.2",1924,"ratio"
"和歌山県","392",1925,"male"
"和歌山県","395",1925,"female"
"和歌山県","99.2",1925,"ratio"
"和歌山県","397.2",1926,"male"
"和歌山県","399.7",1926,"female"
"和歌山県","99.4",1926,"ratio"
"和歌山県","400.5",1927,"male"
"和歌山県","403",1927,"female"
"和歌山県","99.4",1927,"ratio"
"和歌山県","404.3",1928,"male"
"和歌山県","405.9",1928,"female"
"和歌山県","99.6",1928,"ratio"
"和歌山県","408.4",1929,"male"
"和歌山県","409.6",1929,"female"
"和歌山県","99.7",1929,"ratio"
"和歌山県","415",1930,"male"
"和歌山県","416",1930,"female"
"和歌山県","99.8",1930,"ratio"
"和歌山県","420.1",1931,"male"
"和歌山県","420.7",1931,"female"
"和歌山県","99.9",1931,"ratio"
"和歌山県","423.8",1932,"male"
"和歌山県","427.6",1932,"female"
"和歌山県","99.1",1932,"ratio"
"和歌山県","425.4",1933,"male"
"和歌山県","428.9",1933,"female"
"和歌山県","99.2",1933,"ratio"
"和歌山県","428.1",1934,"male"
"和歌山県","432.6",1934,"female"
"和歌山県","99",1934,"ratio"
"和歌山県","429",1935,"male"
"和歌山県","435",1935,"female"
"和歌山県","98.4",1935,"ratio"
"和歌山県","428.3",1936,"male"
"和歌山県","438.1",1936,"female"
"和歌山県","97.8",1936,"ratio"
"和歌山県","425.6",1937,"male"
"和歌山県","440.5",1937,"female"
"和歌山県","96.6",1937,"ratio"
"和歌山県","414.7",1938,"male"
"和歌山県","439.5",1938,"female"
"和歌山県","94.4",1938,"ratio"
"和歌山県","407.4",1939,"male"
"和歌山県","436",1939,"female"
"和歌山県","93.4",1939,"ratio"
"和歌山県","409",1940,"male"
"和歌山県","438",1940,"female"
"和歌山県","93.4",1940,"ratio"
"和歌山県","396.1",1941,"male"
"和歌山県","442.2",1941,"female"
"和歌山県","89.6",1941,"ratio"
"和歌山県","389.6",1942,"male"
"和歌山県","444.1",1942,"female"
"和歌山県","87.7",1942,"ratio"
"和歌山県","387.7",1943,"male"
"和歌山県","451",1943,"female"
"和歌山県","86",1943,"ratio"
"和歌山県","390",1944,"male"
"和歌山県","458",1944,"female"
"和歌山県","85.1",1944,"ratio"
"和歌山県","430",1945,"male"
"和歌山県","506",1945,"female"
"和歌山県","85",1945,"ratio"
"和歌山県","438",1946,"male"
"和歌山県","496",1946,"female"
"和歌山県","88.3",1946,"ratio"
"和歌山県","462",1947,"male"
"和歌山県","498",1947,"female"
"和歌山県","92.6",1947,"ratio"
"和歌山県","465.4",1948,"male"
"和歌山県","499.2",1948,"female"
"和歌山県","93.2",1948,"ratio"
"和歌山県","473.2",1949,"male"
"和歌山県","505.9",1949,"female"
"和歌山県","93.5",1949,"ratio"
"和歌山県","475",1950,"male"
"和歌山県","507",1950,"female"
"和歌山県","93.8",1950,"ratio"
"和歌山県","476",1951,"male"
"和歌山県","507",1951,"female"
"和歌山県","94",1951,"ratio"
"和歌山県","480",1952,"male"
"和歌山県","508",1952,"female"
"和歌山県","94.6",1952,"ratio"
"和歌山県","481",1953,"male"
"和歌山県","509",1953,"female"
"和歌山県","94.5",1953,"ratio"
"和歌山県","485",1954,"male"
"和歌山県","512",1954,"female"
"和歌山県","94.7",1954,"ratio"
"和歌山県","491",1955,"male"
"和歌山県","516",1955,"female"
"和歌山県","95",1955,"ratio"
"和歌山県","491",1956,"male"
"和歌山県","517",1956,"female"
"和歌山県","94.9",1956,"ratio"
"和歌山県","488",1957,"male"
"和歌山県","515",1957,"female"
"和歌山県","94.8",1957,"ratio"
"和歌山県","486",1958,"male"
"和歌山県","515",1958,"female"
"和歌山県","94.4",1958,"ratio"
"和歌山県","486",1959,"male"
"和歌山県","516",1959,"female"
"和歌山県","94",1959,"ratio"
"和歌山県","485",1960,"male"
"和歌山県","517",1960,"female"
"和歌山県","93.8",1960,"ratio"
"和歌山県","485",1961,"male"
"和歌山県","519",1961,"female"
"和歌山県","93.5",1961,"ratio"
"和歌山県","485",1962,"male"
"和歌山県","520",1962,"female"
"和歌山県","93.3",1962,"ratio"
"和歌山県","489",1963,"male"
"和歌山県","523",1963,"female"
"和歌山県","93.5",1963,"ratio"
"和歌山県","493",1964,"male"
"和歌山県","526",1964,"female"
"和歌山県","93.6",1964,"ratio"
"和歌山県","497",1965,"male"
"和歌山県","530",1965,"female"
"和歌山県","93.9",1965,"ratio"
"和歌山県","497",1966,"male"
"和歌山県","530",1966,"female"
"和歌山県","93.8",1966,"ratio"
"和歌山県","500",1967,"male"
"和歌山県","533",1967,"female"
"和歌山県","93.7",1967,"ratio"
"和歌山県","502",1968,"male"
"和歌山県","536",1968,"female"
"和歌山県","93.6",1968,"ratio"
"和歌山県","502",1969,"male"
"和歌山県","538",1969,"female"
"和歌山県","93.3",1969,"ratio"
"和歌山県","503",1970,"male"
"和歌山県","540",1970,"female"
"和歌山県","93.3",1970,"ratio"
"和歌山県","505",1971,"male"
"和歌山県","542",1971,"female"
"和歌山県","93.2",1971,"ratio"
"和歌山県","508",1972,"male"
"和歌山県","545",1972,"female"
"和歌山県","93.2",1972,"ratio"
"和歌山県","512",1973,"male"
"和歌山県","549",1973,"female"
"和歌山県","93.3",1973,"ratio"
"和歌山県","515",1974,"male"
"和歌山県","551",1974,"female"
"和歌山県","93.4",1974,"ratio"
"和歌山県","518",1975,"male"
"和歌山県","554",1975,"female"
"和歌山県","93.4",1975,"ratio"
"和歌山県","520",1976,"male"
"和歌山県","557",1976,"female"
"和歌山県","93.4",1976,"ratio"
"和歌山県","522",1977,"male"
"和歌山県","558",1977,"female"
"和歌山県","93.5",1977,"ratio"
"和歌山県","523",1978,"male"
"和歌山県","561",1978,"female"
"和歌山県","93.3",1978,"ratio"
"和歌山県","524",1979,"male"
"和歌山県","562",1979,"female"
"和歌山県","93.1",1979,"ratio"
"和歌山県","523",1980,"male"
"和歌山県","564",1980,"female"
"和歌山県","92.9",1980,"ratio"
"和歌山県","524",1981,"male"
"和歌山県","565",1981,"female"
"和歌山県","92.7",1981,"ratio"
"和歌山県","524",1982,"male"
"和歌山県","566",1982,"female"
"和歌山県","92.6",1982,"ratio"
"和歌山県","523",1983,"male"
"和歌山県","567",1983,"female"
"和歌山県","92.3",1983,"ratio"
"和歌山県","522",1984,"male"
"和歌山県","567",1984,"female"
"和歌山県","92",1984,"ratio"
"和歌山県","520",1985,"male"
"和歌山県","567",1985,"female"
"和歌山県","91.7",1985,"ratio"
"和歌山県","518",1986,"male"
"和歌山県","565",1986,"female"
"和歌山県","91.6",1986,"ratio"
"和歌山県","515",1987,"male"
"和歌山県","564",1987,"female"
"和歌山県","91.3",1987,"ratio"
"和歌山県","513",1988,"male"
"和歌山県","563",1988,"female"
"和歌山県","91.1",1988,"ratio"
"和歌山県","511",1989,"male"
"和歌山県","563",1989,"female"
"和歌山県","90.9",1989,"ratio"
"和歌山県","511",1990,"male"
"和歌山県","564",1990,"female"
"和歌山県","90.6",1990,"ratio"
"和歌山県","511",1991,"male"
"和歌山県","564",1991,"female"
"和歌山県","90.6",1991,"ratio"
"和歌山県","512",1992,"male"
"和歌山県","565",1992,"female"
"和歌山県","90.6",1992,"ratio"
"和歌山県","512",1993,"male"
"和歌山県","566",1993,"female"
"和歌山県","90.5",1993,"ratio"
"和歌山県","513",1994,"male"
"和歌山県","566",1994,"female"
"和歌山県","90.6",1994,"ratio"
"和歌山県","513",1995,"male"
"和歌山県","567",1995,"female"
"和歌山県","90.6",1995,"ratio"
"和歌山県","513",1996,"male"
"和歌山県","567",1996,"female"
"和歌山県","90.4",1996,"ratio"
"和歌山県","511",1997,"male"
"和歌山県","566",1997,"female"
"和歌山県","90.3",1997,"ratio"
"和歌山県","510",1998,"male"
"和歌山県","566",1998,"female"
"和歌山県","90.2",1998,"ratio"
"和歌山県","509",1999,"male"
"和歌山県","565",1999,"female"
"和歌山県","90.1",1999,"ratio"
"和歌山県","507",2000,"male"
"和歌山県","563",2000,"female"
"和歌山県","90",2000,"ratio"
"鳥取県","223",1920,"male"
"鳥取県","232",1920,"female"
"鳥取県","96.1",1920,"ratio"
"鳥取県","224.9",1921,"male"
"鳥取県","234.5",1921,"female"
"鳥取県","95.9",1921,"ratio"
"鳥取県","226.4",1922,"male"
"鳥取県","236.4",1922,"female"
"鳥取県","95.8",1922,"ratio"
"鳥取県","228.2",1923,"male"
"鳥取県","238.4",1923,"female"
"鳥取県","95.7",1923,"ratio"
"鳥取県","229",1924,"male"
"鳥取県","239.5",1924,"female"
"鳥取県","95.6",1924,"ratio"
"鳥取県","231",1925,"male"
"鳥取県","242",1925,"female"
"鳥取県","95.4",1925,"ratio"
"鳥取県","233.9",1926,"male"
"鳥取県","244.7",1926,"female"
"鳥取県","95.6",1926,"ratio"
"鳥取県","234.8",1927,"male"
"鳥取県","247.1",1927,"female"
"鳥取県","95",1927,"ratio"
"鳥取県","237.1",1928,"male"
"鳥取県","248.1",1928,"female"
"鳥取県","95.6",1928,"ratio"
"鳥取県","237.9",1929,"male"
"鳥取県","248.9",1929,"female"
"鳥取県","95.6",1929,"ratio"
"鳥取県","239",1930,"male"
"鳥取県","250",1930,"female"
"鳥取県","95.6",1930,"ratio"
"鳥取県","244.6",1931,"male"
"鳥取県","255.3",1931,"female"
"鳥取県","95.8",1931,"ratio"
"鳥取県","245",1932,"male"
"鳥取県","255.8",1932,"female"
"鳥取県","95.8",1932,"ratio"
"鳥取県","244.4",1933,"male"
"鳥取県","255.4",1933,"female"
"鳥取県","95.7",1933,"ratio"
"鳥取県","241.2",1934,"male"
"鳥取県","252.5",1934,"female"
"鳥取県","95.5",1934,"ratio"
"鳥取県","239",1935,"male"
"鳥取県","251",1935,"female"
"鳥取県","95.3",1935,"ratio"
"鳥取県","232.7",1936,"male"
"鳥取県","251.3",1936,"female"
"鳥取県","92.6",1936,"ratio"
"鳥取県","231.7",1937,"male"
"鳥取県","251.5",1937,"female"
"鳥取県","92.1",1937,"ratio"
"鳥取県","231.7",1938,"male"
"鳥取県","251.6",1938,"female"
"鳥取県","92.1",1938,"ratio"
"鳥取県","228.9",1939,"male"
"鳥取県","251.7",1939,"female"
"鳥取県","90.9",1939,"ratio"
"鳥取県","225",1940,"male"
"鳥取県","250",1940,"female"
"鳥取県","89.7",1940,"ratio"
"鳥取県","218.6",1941,"male"
"鳥取県","253",1941,"female"
"鳥取県","86.4",1941,"ratio"
"鳥取県","217.3",1942,"male"
"鳥取県","255.4",1942,"female"
"鳥取県","85.1",1942,"ratio"
"鳥取県","216.9",1943,"male"
"鳥取県","257.6",1943,"female"
"鳥取県","84.2",1943,"ratio"
"鳥取県","217",1944,"male"
"鳥取県","259",1944,"female"
"鳥取県","83.7",1944,"ratio"
"鳥取県","256",1945,"male"
"鳥取県","308",1945,"female"
"鳥取県","83",1945,"ratio"
"鳥取県","258",1946,"male"
"鳥取県","299",1946,"female"
"鳥取県","86.4",1946,"ratio"
"鳥取県","281",1947,"male"
"鳥取県","307",1947,"female"
"鳥取県","91.4",1947,"ratio"
"鳥取県","283.7",1948,"male"
"鳥取県","307.4",1948,"female"
"鳥取県","92.3",1948,"ratio"
"鳥取県","286.5",1949,"male"
"鳥取県","308.1",1949,"female"
"鳥取県","93",1949,"ratio"
"鳥取県","290",1950,"male"
"鳥取県","310",1950,"female"
"鳥取県","93.4",1950,"ratio"
"鳥取県","291",1951,"male"
"鳥取県","311",1951,"female"
"鳥取県","93.6",1951,"ratio"
"鳥取県","291",1952,"male"
"鳥取県","311",1952,"female"
"鳥取県","93.5",1952,"ratio"
"鳥取県","293",1953,"male"
"鳥取県","313",1953,"female"
"鳥取県","93.6",1953,"ratio"
"鳥取県","295",1954,"male"
"鳥取県","316",1954,"female"
"鳥取県","93.6",1954,"ratio"
"鳥取県","297",1955,"male"
"鳥取県","317",1955,"female"
"鳥取県","93.6",1955,"ratio"
"鳥取県","296",1956,"male"
"鳥取県","317",1956,"female"
"鳥取県","93.5",1956,"ratio"
"鳥取県","294",1957,"male"
"鳥取県","315",1957,"female"
"鳥取県","93.2",1957,"ratio"
"鳥取県","292",1958,"male"
"鳥取県","315",1958,"female"
"鳥取県","92.6",1958,"ratio"
"鳥取県","290",1959,"male"
"鳥取県","314",1959,"female"
"鳥取県","92.2",1959,"ratio"
"鳥取県","287",1960,"male"
"鳥取県","312",1960,"female"
"鳥取県","91.8",1960,"ratio"
"鳥取県","284",1961,"male"
"鳥取県","311",1961,"female"
"鳥取県","91.5",1961,"ratio"
"鳥取県","282",1962,"male"
"鳥取県","309",1962,"female"
"鳥取県","91.1",1962,"ratio"
"鳥取県","280",1963,"male"
"鳥取県","308",1963,"female"
"鳥取県","91.1",1963,"ratio"
"鳥取県","278",1964,"male"
"鳥取県","306",1964,"female"
"鳥取県","90.9",1964,"ratio"
"鳥取県","276",1965,"male"
"鳥取県","304",1965,"female"
"鳥取県","90.6",1965,"ratio"
"鳥取県","273",1966,"male"
"鳥取県","302",1966,"female"
"鳥取県","90.6",1966,"ratio"
"鳥取県","272",1967,"male"
"鳥取県","301",1967,"female"
"鳥取県","90.5",1967,"ratio"
"鳥取県","271",1968,"male"
"鳥取県","300",1968,"female"
"鳥取県","90.3",1968,"ratio"
"鳥取県","271",1969,"male"
"鳥取県","300",1969,"female"
"鳥取県","90.3",1969,"ratio"
"鳥取県","269",1970,"male"
"鳥取県","299",1970,"female"
"鳥取県","90",1970,"ratio"
"鳥取県","269",1971,"male"
"鳥取県","299",1971,"female"
"鳥取県","90.1",1971,"ratio"
"鳥取県","270",1972,"male"
"鳥取県","300",1972,"female"
"鳥取県","90.2",1972,"ratio"
"鳥取県","273",1973,"male"
"鳥取県","301",1973,"female"
"鳥取県","90.5",1973,"ratio"
"鳥取県","275",1974,"male"
"鳥取県","303",1974,"female"
"鳥取県","90.8",1974,"ratio"
"鳥取県","277",1975,"male"
"鳥取県","304",1975,"female"
"鳥取県","91.1",1975,"ratio"
"鳥取県","280",1976,"male"
"鳥取県","306",1976,"female"
"鳥取県","91.4",1976,"ratio"
"鳥取県","282",1977,"male"
"鳥取県","308",1977,"female"
"鳥取県","91.6",1977,"ratio"
"鳥取県","285",1978,"male"
"鳥取県","310",1978,"female"
"鳥取県","91.8",1978,"ratio"
"鳥取県","288",1979,"male"
"鳥取県","312",1979,"female"
"鳥取県","92.1",1979,"ratio"
"鳥取県","290",1980,"male"
"鳥取県","314",1980,"female"
"鳥取県","92.3",1980,"ratio"
"鳥取県","292",1981,"male"
"鳥取県","316",1981,"female"
"鳥取県","92.3",1981,"ratio"
"鳥取県","293",1982,"male"
"鳥取県","317",1982,"female"
"鳥取県","92.2",1982,"ratio"
"鳥取県","294",1983,"male"
"鳥取県","318",1983,"female"
"鳥取県","92.3",1983,"ratio"
"鳥取県","295",1984,"male"
"鳥取県","319",1984,"female"
"鳥取県","92.3",1984,"ratio"
"鳥取県","296",1985,"male"
"鳥取県","321",1985,"female"
"鳥取県","92.2",1985,"ratio"
"鳥取県","296",1986,"male"
"鳥取県","321",1986,"female"
"鳥取県","92.2",1986,"ratio"
"鳥取県","296",1987,"male"
"鳥取県","321",1987,"female"
"鳥取県","92.2",1987,"ratio"
"鳥取県","296",1988,"male"
"鳥取県","321",1988,"female"
"鳥取県","92.1",1988,"ratio"
"鳥取県","295",1989,"male"
"鳥取県","321",1989,"female"
"鳥取県","92.1",1989,"ratio"
"鳥取県","295",1990,"male"
"鳥取県","321",1990,"female"
"鳥取県","91.9",1990,"ratio"
"鳥取県","295",1991,"male"
"鳥取県","321",1991,"female"
"鳥取県","91.9",1991,"ratio"
"鳥取県","294",1992,"male"
"鳥取県","320",1992,"female"
"鳥取県","91.9",1992,"ratio"
"鳥取県","294",1993,"male"
"鳥取県","320",1993,"female"
"鳥取県","91.7",1993,"ratio"
"鳥取県","294",1994,"male"
"鳥取県","320",1994,"female"
"鳥取県","91.8",1994,"ratio"
"鳥取県","294",1995,"male"
"鳥取県","321",1995,"female"
"鳥取県","91.9",1995,"ratio"
"鳥取県","294",1996,"male"
"鳥取県","321",1996,"female"
"鳥取県","91.7",1996,"ratio"
"鳥取県","294",1997,"male"
"鳥取県","320",1997,"female"
"鳥取県","91.8",1997,"ratio"
"鳥取県","294",1998,"male"
"鳥取県","321",1998,"female"
"鳥取県","91.8",1998,"ratio"
"鳥取県","294",1999,"male"
"鳥取県","320",1999,"female"
"鳥取県","91.8",1999,"ratio"
"鳥取県","293",2000,"male"
"鳥取県","320",2000,"female"
"鳥取県","91.7",2000,"ratio"
"島根県","355",1920,"male"
"島根県","360",1920,"female"
"島根県","98.7",1920,"ratio"
"島根県","355.1",1921,"male"
"島根県","362.2",1921,"female"
"島根県","98",1921,"ratio"
"島根県","356.7",1922,"male"
"島根県","362.3",1922,"female"
"島根県","98.5",1922,"ratio"
"島根県","358.7",1923,"male"
"島根県","361.8",1923,"female"
"島根県","99.1",1923,"ratio"
"島根県","357.1",1924,"male"
"島根県","362.6",1924,"female"
"島根県","98.5",1924,"ratio"
"島根県","360",1925,"male"
"島根県","362",1925,"female"
"島根県","99.3",1925,"ratio"
"島根県","361.7",1926,"male"
"島根県","364.2",1926,"female"
"島根県","99.3",1926,"ratio"
"島根県","362.4",1927,"male"
"島根県","365",1927,"female"
"島根県","99.3",1927,"ratio"
"島根県","363.4",1928,"male"
"島根県","365.9",1928,"female"
"島根県","99.3",1928,"ratio"
"島根県","365.8",1929,"male"
"島根県","368.1",1929,"female"
"島根県","99.4",1929,"ratio"
"島根県","369",1930,"male"
"島根県","371",1930,"female"
"島根県","99.5",1930,"ratio"
"島根県","370",1931,"male"
"島根県","371.3",1931,"female"
"島根県","99.6",1931,"ratio"
"島根県","370.7",1932,"male"
"島根県","371.9",1932,"female"
"島根県","99.7",1932,"ratio"
"島根県","371.6",1933,"male"
"島根県","372.6",1933,"female"
"島根県","99.7",1933,"ratio"
"島根県","372.5",1934,"male"
"島根県","373.2",1934,"female"
"島根県","99.8",1934,"ratio"
"島根県","373",1935,"male"
"島根県","374",1935,"female"
"島根県","99.9",1935,"ratio"
"島根県","373.2",1936,"male"
"島根県","376.1",1936,"female"
"島根県","99.2",1936,"ratio"
"島根県","372.4",1937,"male"
"島根県","378.8",1937,"female"
"島根県","98.3",1937,"ratio"
"島根県","366.8",1938,"male"
"島根県","378.7",1938,"female"
"島根県","96.9",1938,"ratio"
"島根県","356",1939,"male"
"島根県","373.8",1939,"female"
"島根県","95.2",1939,"ratio"
"島根県","352",1940,"male"
"島根県","373",1940,"female"
"島根県","94.4",1940,"ratio"
"島根県","341.1",1941,"male"
"島根県","376.7",1941,"female"
"島根県","90.5",1941,"ratio"
"島根県","339.5",1942,"male"
"島根県","380.7",1942,"female"
"島根県","89.2",1942,"ratio"
"島根県","339.1",1943,"male"
"島根県","381.9",1943,"female"
"島根県","88.8",1943,"ratio"
"島根県","339",1944,"male"
"島根県","391",1944,"female"
"島根県","86.6",1944,"ratio"
"島根県","395",1945,"male"
"島根県","465",1945,"female"
"島根県","85",1945,"ratio"
"島根県","399",1946,"male"
"島根県","450",1946,"female"
"島根県","88.5",1946,"ratio"
"島根県","430",1947,"male"
"島根県","464",1947,"female"
"島根県","92.7",1947,"ratio"
"島根県","435.7",1948,"male"
"島根県","465.5",1948,"female"
"島根県","93.6",1948,"ratio"
"島根県","440.5",1949,"male"
"島根県","467.2",1949,"female"
"島根県","94.3",1949,"ratio"
"島根県","444",1950,"male"
"島根県","468",1950,"female"
"島根県","94.9",1950,"ratio"
"島根県","445",1951,"male"
"島根県","467",1951,"female"
"島根県","95.4",1951,"ratio"
"島根県","447",1952,"male"
"島根県","467",1952,"female"
"島根県","95.7",1952,"ratio"
"島根県","450",1953,"male"
"島根県","468",1953,"female"
"島根県","96.1",1953,"ratio"
"島根県","454",1954,"male"
"島根県","470",1954,"female"
"島根県","96.5",1954,"ratio"
"島根県","457",1955,"male"
"島根県","472",1955,"female"
"島根県","96.7",1955,"ratio"
"島根県","454",1956,"male"
"島根県","470",1956,"female"
"島根県","96.5",1956,"ratio"
"島根県","448",1957,"male"
"島根県","467",1957,"female"
"島根県","96",1957,"ratio"
"島根県","444",1958,"male"
"島根県","465",1958,"female"
"島根県","95.6",1958,"ratio"
"島根県","439",1959,"male"
"島根県","460",1959,"female"
"島根県","95.4",1959,"ratio"
"島根県","432",1960,"male"
"島根県","456",1960,"female"
"島根県","94.8",1960,"ratio"
"島根県","426",1961,"male"
"島根県","453",1961,"female"
"島根県","94.2",1961,"ratio"
"島根県","419",1962,"male"
"島根県","447",1962,"female"
"島根県","93.6",1962,"ratio"
"島根県","411",1963,"male"
"島根県","441",1963,"female"
"島根県","93.1",1963,"ratio"
"島根県","402",1964,"male"
"島根県","435",1964,"female"
"島根県","92.5",1964,"ratio"
"島根県","394",1965,"male"
"島根県","428",1965,"female"
"島根県","92",1965,"ratio"
"島根県","387",1966,"male"
"島根県","422",1966,"female"
"島根県","91.8",1966,"ratio"
"島根県","383",1967,"male"
"島根県","418",1967,"female"
"島根県","91.5",1967,"ratio"
"島根県","377",1968,"male"
"島根県","414",1968,"female"
"島根県","91",1968,"ratio"
"島根県","372",1969,"male"
"島根県","410",1969,"female"
"島根県","90.8",1969,"ratio"
"島根県","368",1970,"male"
"島根県","406",1970,"female"
"島根県","90.6",1970,"ratio"
"島根県","364",1971,"male"
"島根県","403",1971,"female"
"島根県","90.5",1971,"ratio"
"島根県","363",1972,"male"
"島根県","401",1972,"female"
"島根県","90.6",1972,"ratio"
"島根県","364",1973,"male"
"島根県","401",1973,"female"
"島根県","90.8",1973,"ratio"
"島根県","366",1974,"male"
"島根県","401",1974,"female"
"島根県","91.1",1974,"ratio"
"島根県","367",1975,"male"
"島根県","402",1975,"female"
"島根県","91.3",1975,"ratio"
"島根県","369",1976,"male"
"島根県","402",1976,"female"
"島根県","91.7",1976,"ratio"
"島根県","372",1977,"male"
"島根県","404",1977,"female"
"島根県","92",1977,"ratio"
"島根県","374",1978,"male"
"島根県","405",1978,"female"
"島根県","92.3",1978,"ratio"
"島根県","376",1979,"male"
"島根県","406",1979,"female"
"島根県","92.6",1979,"ratio"
"島根県","377",1980,"male"
"島根県","407",1980,"female"
"島根県","92.7",1980,"ratio"
"島根県","379",1981,"male"
"島根県","408",1981,"female"
"島根県","92.8",1981,"ratio"
"島根県","380",1982,"male"
"島根県","409",1982,"female"
"島根県","93",1982,"ratio"
"島根県","381",1983,"male"
"島根県","410",1983,"female"
"島根県","92.9",1983,"ratio"
"島根県","382",1984,"male"
"島根県","411",1984,"female"
"島根県","92.9",1984,"ratio"
"島根県","383",1985,"male"
"島根県","412",1985,"female"
"島根県","93",1985,"ratio"
"島根県","381",1986,"male"
"島根県","411",1986,"female"
"島根県","92.7",1986,"ratio"
"島根県","380",1987,"male"
"島根県","411",1987,"female"
"島根県","92.5",1987,"ratio"
"島根県","378",1988,"male"
"島根県","410",1988,"female"
"島根県","92.2",1988,"ratio"
"島根県","376",1989,"male"
"島根県","409",1989,"female"
"島根県","92",1989,"ratio"
"島根県","374",1990,"male"
"島根県","407",1990,"female"
"島根県","91.7",1990,"ratio"
"島根県","372",1991,"male"
"島根県","406",1991,"female"
"島根県","91.6",1991,"ratio"
"島根県","371",1992,"male"
"島根県","405",1992,"female"
"島根県","91.7",1992,"ratio"
"島根県","369",1993,"male"
"島根県","403",1993,"female"
"島根県","91.6",1993,"ratio"
"島根県","369",1994,"male"
"島根県","403",1994,"female"
"島根県","91.5",1994,"ratio"
"島根県","369",1995,"male"
"島根県","403",1995,"female"
"島根県","91.6",1995,"ratio"
"島根県","368",1996,"male"
"島根県","402",1996,"female"
"島根県","91.6",1996,"ratio"
"島根県","367",1997,"male"
"島根県","401",1997,"female"
"島根県","91.6",1997,"ratio"
"島根県","366",1998,"male"
"島根県","399",1998,"female"
"島根県","91.5",1998,"ratio"
"島根県","365",1999,"male"
"島根県","398",1999,"female"
"島根県","91.5",1999,"ratio"
"島根県","364",2000,"male"
"島根県","398",2000,"female"
"島根県","91.6",2000,"ratio"
"岡山県","605",1920,"male"
"岡山県","612",1920,"female"
"岡山県","98.8",1920,"ratio"
"岡山県","608.5",1921,"male"
"岡山県","616.2",1921,"female"
"岡山県","98.8",1921,"ratio"
"岡山県","609.5",1922,"male"
"岡山県","618.1",1922,"female"
"岡山県","98.6",1922,"ratio"
"岡山県","612.9",1923,"male"
"岡山県","622.2",1923,"female"
"岡山県","98.5",1923,"ratio"
"岡山県","613.1",1924,"male"
"岡山県","623.2",1924,"female"
"岡山県","98.4",1924,"ratio"
"岡山県","614",1925,"male"
"岡山県","625",1925,"female"
"岡山県","98.2",1925,"ratio"
"岡山県","620",1926,"male"
"岡山県","630.5",1926,"female"
"岡山県","98.3",1926,"ratio"
"岡山県","624.3",1927,"male"
"岡山県","634.3",1927,"female"
"岡山県","98.4",1927,"ratio"
"岡山県","628.5",1928,"male"
"岡山県","638.1",1928,"female"
"岡山県","98.5",1928,"ratio"
"岡山県","632.8",1929,"male"
"岡山県","641.4",1929,"female"
"岡山県","98.7",1929,"ratio"
"岡山県","638",1930,"male"
"岡山県","646",1930,"female"
"岡山県","98.8",1930,"ratio"
"岡山県","644.9",1931,"male"
"岡山県","653.3",1931,"female"
"岡山県","98.7",1931,"ratio"
"岡山県","649.6",1932,"male"
"岡山県","659.5",1932,"female"
"岡山県","98.5",1932,"ratio"
"岡山県","653.3",1933,"male"
"岡山県","665.4",1933,"female"
"岡山県","98.2",1933,"ratio"
"岡山県","654.7",1934,"male"
"岡山県","668.3",1934,"female"
"岡山県","98",1934,"ratio"
"岡山県","659",1935,"male"
"岡山県","674",1935,"female"
"岡山県","97.8",1935,"ratio"
"岡山県","644.5",1936,"male"
"岡山県","675",1936,"female"
"岡山県","95.5",1936,"ratio"
"岡山県","643.1",1937,"male"
"岡山県","676.1",1937,"female"
"岡山県","95.1",1937,"ratio"
"岡山県","643.2",1938,"male"
"岡山県","676.8",1938,"female"
"岡山県","95",1938,"ratio"
"岡山県","637.9",1939,"male"
"岡山県","677.2",1939,"female"
"岡山県","94.2",1939,"ratio"
"岡山県","630",1940,"male"
"岡山県","678",1940,"female"
"岡山県","92.9",1940,"ratio"
"岡山県","615.8",1941,"male"
"岡山県","686.5",1941,"female"
"岡山県","89.7",1941,"ratio"
"岡山県","614",1942,"male"
"岡山県","694.7",1942,"female"
"岡山県","88.4",1942,"ratio"
"岡山県","617.5",1943,"male"
"岡山県","706",1943,"female"
"岡山県","87.5",1943,"ratio"
"岡山県","620",1944,"male"
"岡山県","713",1944,"female"
"岡山県","87",1944,"ratio"
"岡山県","728",1945,"male"
"岡山県","836",1945,"female"
"岡山県","87.1",1945,"ratio"
"岡山県","727",1946,"male"
"岡山県","812",1946,"female"
"岡山県","89.5",1946,"ratio"
"岡山県","782",1947,"male"
"岡山県","837",1947,"female"
"岡山県","93.4",1947,"ratio"
"岡山県","791.8",1948,"male"
"岡山県","845.8",1948,"female"
"岡山県","93.6",1948,"ratio"
"岡山県","798.6",1949,"male"
"岡山県","851.8",1949,"female"
"岡山県","93.8",1949,"ratio"
"岡山県","804",1950,"male"
"岡山県","857",1950,"female"
"岡山県","93.9",1950,"ratio"
"岡山県","811",1951,"male"
"岡山県","862",1951,"female"
"岡山県","94.1",1951,"ratio"
"岡山県","812",1952,"male"
"岡山県","865",1952,"female"
"岡山県","93.9",1952,"ratio"
"岡山県","815",1953,"male"
"岡山県","869",1953,"female"
"岡山県","93.7",1953,"ratio"
"岡山県","816",1954,"male"
"岡山県","871",1954,"female"
"岡山県","93.6",1954,"ratio"
"岡山県","816",1955,"male"
"岡山県","874",1955,"female"
"岡山県","93.3",1955,"ratio"
"岡山県","817",1956,"male"
"岡山県","875",1956,"female"
"岡山県","93.5",1956,"ratio"
"岡山県","814",1957,"male"
"岡山県","873",1957,"female"
"岡山県","93.3",1957,"ratio"
"岡山県","809",1958,"male"
"岡山県","872",1958,"female"
"岡山県","92.7",1958,"ratio"
"岡山県","803",1959,"male"
"岡山県","872",1959,"female"
"岡山県","92.1",1959,"ratio"
"岡山県","798",1960,"male"
"岡山県","873",1960,"female"
"岡山県","91.4",1960,"ratio"
"岡山県","793",1961,"male"
"岡山県","870",1961,"female"
"岡山県","91.1",1961,"ratio"
"岡山県","786",1962,"male"
"岡山県","867",1962,"female"
"岡山県","90.6",1962,"ratio"
"岡山県","781",1963,"male"
"岡山県","864",1963,"female"
"岡山県","90.4",1963,"ratio"
"岡山県","780",1964,"male"
"岡山県","863",1964,"female"
"岡山県","90.3",1964,"ratio"
"岡山県","781",1965,"male"
"岡山県","864",1965,"female"
"岡山県","90.5",1965,"ratio"
"岡山県","784",1966,"male"
"岡山県","864",1966,"female"
"岡山県","90.8",1966,"ratio"
"岡山県","791",1967,"male"
"岡山県","868",1967,"female"
"岡山県","91.1",1967,"ratio"
"岡山県","798",1968,"male"
"岡山県","874",1968,"female"
"岡山県","91.3",1968,"ratio"
"岡山県","807",1969,"male"
"岡山県","880",1969,"female"
"岡山県","91.7",1969,"ratio"
"岡山県","819",1970,"male"
"岡山県","888",1970,"female"
"岡山県","92.3",1970,"ratio"
"岡山県","834",1971,"male"
"岡山県","898",1971,"female"
"岡山県","92.9",1971,"ratio"
"岡山県","845",1972,"male"
"岡山県","907",1972,"female"
"岡山県","93.1",1972,"ratio"
"岡山県","856",1973,"male"
"岡山県","917",1973,"female"
"岡山県","93.4",1973,"ratio"
"岡山県","868",1974,"male"
"岡山県","927",1974,"female"
"岡山県","93.6",1974,"ratio"
"岡山県","878",1975,"male"
"岡山県","936",1975,"female"
"岡山県","93.8",1975,"ratio"
"岡山県","886",1976,"male"
"岡山県","943",1976,"female"
"岡山県","93.9",1976,"ratio"
"岡山県","891",1977,"male"
"岡山県","949",1977,"female"
"岡山県","93.9",1977,"ratio"
"岡山県","896",1978,"male"
"岡山県","954",1978,"female"
"岡山県","93.9",1978,"ratio"
"岡山県","901",1979,"male"
"岡山県","960",1979,"female"
"岡山県","93.8",1979,"ratio"
"岡山県","905",1980,"male"
"岡山県","966",1980,"female"
"岡山県","93.8",1980,"ratio"
"岡山県","910",1981,"male"
"岡山県","971",1981,"female"
"岡山県","93.8",1981,"ratio"
"岡山県","915",1982,"male"
"岡山県","976",1982,"female"
"岡山県","93.7",1982,"ratio"
"岡山県","919",1983,"male"
"岡山県","982",1983,"female"
"岡山県","93.6",1983,"ratio"
"岡山県","923",1984,"male"
"岡山県","986",1984,"female"
"岡山県","93.6",1984,"ratio"
"岡山県","926",1985,"male"
"岡山県","991",1985,"female"
"岡山県","93.5",1985,"ratio"
"岡山県","928",1986,"male"
"岡山県","993",1986,"female"
"岡山県","93.4",1986,"ratio"
"岡山県","929",1987,"male"
"岡山県","995",1987,"female"
"岡山県","93.3",1987,"ratio"
"岡山県","928",1988,"male"
"岡山県","997",1988,"female"
"岡山県","93.1",1988,"ratio"
"岡山県","927",1989,"male"
"岡山県","998",1989,"female"
"岡山県","92.9",1989,"ratio"
"岡山県","927",1990,"male"
"岡山県","999",1990,"female"
"岡山県","92.8",1990,"ratio"
"岡山県","929",1991,"male"
"岡山県","1002",1991,"female"
"岡山県","92.7",1991,"ratio"
"岡山県","931",1992,"male"
"岡山県","1004",1992,"female"
"岡山県","92.7",1992,"ratio"
"岡山県","934",1993,"male"
"岡山県","1007",1993,"female"
"岡山県","92.8",1993,"ratio"
"岡山県","936",1994,"male"
"岡山県","1009",1994,"female"
"岡山県","92.7",1994,"ratio"
"岡山県","938",1995,"male"
"岡山県","1012",1995,"female"
"岡山県","92.7",1995,"ratio"
"岡山県","938",1996,"male"
"岡山県","1013",1996,"female"
"岡山県","92.6",1996,"ratio"
"岡山県","938",1997,"male"
"岡山県","1014",1997,"female"
"岡山県","92.5",1997,"ratio"
"岡山県","938",1998,"male"
"岡山県","1015",1998,"female"
"岡山県","92.5",1998,"ratio"
"岡山県","937",1999,"male"
"岡山県","1015",1999,"female"
"岡山県","92.3",1999,"ratio"
"岡山県","936",2000,"male"
"岡山県","1015",2000,"female"
"岡山県","92.2",2000,"ratio"
"広島県","775",1920,"male"
"広島県","767",1920,"female"
"広島県","101.1",1920,"ratio"
"広島県","784",1921,"male"
"広島県","773.9",1921,"female"
"広島県","101.3",1921,"ratio"
"広島県","794.2",1922,"male"
"広島県","780.9",1922,"female"
"広島県","101.7",1922,"ratio"
"広島県","807",1923,"male"
"広島県","791.4",1923,"female"
"広島県","102",1923,"ratio"
"広島県","811",1924,"male"
"広島県","794.4",1924,"female"
"広島県","102.1",1924,"ratio"
"広島県","818",1925,"male"
"広島県","799",1925,"female"
"広島県","102.4",1925,"ratio"
"広島県","827.6",1926,"male"
"広島県","808.1",1926,"female"
"広島県","102.4",1926,"ratio"
"広島県","832.8",1927,"male"
"広島県","815.9",1927,"female"
"広島県","102.1",1927,"ratio"
"広島県","840.6",1928,"male"
"広島県","821",1928,"female"
"広島県","102.4",1928,"ratio"
"広島県","848.5",1929,"male"
"広島県","827.3",1929,"female"
"広島県","102.6",1929,"ratio"
"広島県","857",1930,"male"
"広島県","835",1930,"female"
"広島県","102.6",1930,"ratio"
"広島県","870.7",1931,"male"
"広島県","847.4",1931,"female"
"広島県","102.7",1931,"ratio"
"広島県","881.5",1932,"male"
"広島県","858.5",1932,"female"
"広島県","102.7",1932,"ratio"
"広島県","893.5",1933,"male"
"広島県","870.4",1933,"female"
"広島県","102.7",1933,"ratio"
"広島県","903.6",1934,"male"
"広島県","879.2",1934,"female"
"広島県","102.8",1934,"ratio"
"広島県","914",1935,"male"
"広島県","891",1935,"female"
"広島県","102.6",1935,"ratio"
"広島県","916.3",1936,"male"
"広島県","901.7",1936,"female"
"広島県","101.6",1936,"ratio"
"広島県","908.9",1937,"male"
"広島県","913.2",1937,"female"
"広島県","99.5",1937,"ratio"
"広島県","903.3",1938,"male"
"広島県","919.6",1938,"female"
"広島県","98.2",1938,"ratio"
"広島県","894.4",1939,"male"
"広島県","923",1939,"female"
"広島県","96.9",1939,"ratio"
"広島県","890",1940,"male"
"広島県","932",1940,"female"
"広島県","95.5",1940,"ratio"
"広島県","882.9",1941,"male"
"広島県","942.6",1941,"female"
"広島県","93.7",1941,"ratio"
"広島県","925.3",1942,"male"
"広島県","972",1942,"female"
"広島県","95.2",1942,"ratio"
"広島県","949.3",1943,"male"
"広島県","995.4",1943,"female"
"広島県","95.4",1943,"ratio"
"広島県","960",1944,"male"
"広島県","1003",1944,"female"
"広島県","95.6",1944,"ratio"
"広島県","878",1945,"male"
"広島県","1007",1945,"female"
"広島県","87.2",1945,"ratio"
"広島県","907",1946,"male"
"広島県","994",1946,"female"
"広島県","91.2",1946,"ratio"
"広島県","979",1947,"male"
"広島県","1032",1947,"female"
"広島県","94.9",1947,"ratio"
"広島県","996",1948,"male"
"広島県","1048.3",1948,"female"
"広島県","95",1948,"ratio"
"広島県","1009.2",1949,"male"
"広島県","1060.6",1949,"female"
"広島県","95.2",1949,"ratio"
"広島県","1016",1950,"male"
"広島県","1066",1950,"female"
"広島県","95.3",1950,"ratio"
"広島県","1023",1951,"male"
"広島県","1074",1951,"female"
"広島県","95.3",1951,"ratio"
"広島県","1026",1952,"male"
"広島県","1080",1952,"female"
"広島県","95.1",1952,"ratio"
"広島県","1032",1953,"male"
"広島県","1086",1953,"female"
"広島県","95",1953,"ratio"
"広島県","1040",1954,"male"
"広島県","1095",1954,"female"
"広島県","94.9",1954,"ratio"
"広島県","1047",1955,"male"
"広島県","1102",1955,"female"
"広島県","95",1955,"ratio"
"広島県","1051",1956,"male"
"広島県","1106",1956,"female"
"広島県","95",1956,"ratio"
"広島県","1055",1957,"male"
"広島県","1108",1957,"female"
"広島県","95.2",1957,"ratio"
"広島県","1054",1958,"male"
"広島県","1114",1958,"female"
"広島県","94.6",1958,"ratio"
"広島県","1060",1959,"male"
"広島県","1120",1959,"female"
"広島県","94.7",1959,"ratio"
"広島県","1059",1960,"male"
"広島県","1125",1960,"female"
"広島県","94.1",1960,"ratio"
"広島県","1062",1961,"male"
"広島県","1131",1961,"female"
"広島県","93.9",1961,"ratio"
"広島県","1071",1962,"male"
"広島県","1140",1962,"female"
"広島県","94",1962,"ratio"
"広島県","1081",1963,"male"
"広島県","1150",1963,"female"
"広島県","94",1963,"ratio"
"広島県","1094",1964,"male"
"広島県","1161",1964,"female"
"広島県","94.3",1964,"ratio"
"広島県","1108",1965,"male"
"広島県","1173",1965,"female"
"広島県","94.4",1965,"ratio"
"広島県","1118",1966,"male"
"広島県","1183",1966,"female"
"広島県","94.5",1966,"ratio"
"広島県","1134",1967,"male"
"広島県","1198",1967,"female"
"広島県","94.6",1967,"ratio"
"広島県","1153",1968,"male"
"広島県","1214",1968,"female"
"広島県","94.9",1968,"ratio"
"広島県","1171",1969,"male"
"広島県","1232",1969,"female"
"広島県","95.1",1969,"ratio"
"広島県","1188",1970,"male"
"広島県","1248",1970,"female"
"広島県","95.2",1970,"ratio"
"広島県","1211",1971,"male"
"広島県","1268",1971,"female"
"広島県","95.5",1971,"ratio"
"広島県","1238",1972,"male"
"広島県","1291",1972,"female"
"広島県","95.9",1972,"ratio"
"広島県","1263",1973,"male"
"広島県","1314",1973,"female"
"広島県","96.1",1973,"ratio"
"広島県","1281",1974,"male"
"広島県","1334",1974,"female"
"広島県","96.1",1974,"ratio"
"広島県","1297",1975,"male"
"広島県","1350",1975,"female"
"広島県","96.1",1975,"ratio"
"広島県","1307",1976,"male"
"広島県","1363",1976,"female"
"広島県","95.9",1976,"ratio"
"広島県","1315",1977,"male"
"広島県","1374",1977,"female"
"広島県","95.8",1977,"ratio"
"広島県","1320",1978,"male"
"広島県","1383",1978,"female"
"広島県","95.5",1978,"ratio"
"広島県","1325",1979,"male"
"広島県","1391",1979,"female"
"広島県","95.3",1979,"ratio"
"広島県","1337",1980,"male"
"広島県","1402",1980,"female"
"広島県","95.3",1980,"ratio"
"広島県","1348",1981,"male"
"広島県","1413",1981,"female"
"広島県","95.4",1981,"ratio"
"広島県","1355",1982,"male"
"広島県","1422",1982,"female"
"広島県","95.3",1982,"ratio"
"広島県","1362",1983,"male"
"広島県","1430",1983,"female"
"広島県","95.2",1983,"ratio"
"広島県","1369",1984,"male"
"広島県","1438",1984,"female"
"広島県","95.2",1984,"ratio"
"広島県","1374",1985,"male"
"広島県","1445",1985,"female"
"広島県","95.1",1985,"ratio"
"広島県","1379",1986,"male"
"広島県","1450",1986,"female"
"広島県","95.1",1986,"ratio"
"広島県","1380",1987,"male"
"広島県","1454",1987,"female"
"広島県","94.9",1987,"ratio"
"広島県","1381",1988,"male"
"広島県","1457",1988,"female"
"広島県","94.8",1988,"ratio"
"広島県","1382",1989,"male"
"広島県","1460",1989,"female"
"広島県","94.7",1989,"ratio"
"広島県","1385",1990,"male"
"広島県","1465",1990,"female"
"広島県","94.6",1990,"ratio"
"広島県","1388",1991,"male"
"広島県","1470",1991,"female"
"広島県","94.4",1991,"ratio"
"広島県","1393",1992,"male"
"広島県","1474",1992,"female"
"広島県","94.5",1992,"ratio"
"広島県","1396",1993,"male"
"広島県","1477",1993,"female"
"広島県","94.5",1993,"ratio"
"広島県","1397",1994,"male"
"広島県","1479",1994,"female"
"広島県","94.5",1994,"ratio"
"広島県","1399",1995,"male"
"広島県","1483",1995,"female"
"広島県","94.4",1995,"ratio"
"広島県","1397",1996,"male"
"広島県","1484",1996,"female"
"広島県","94.2",1996,"ratio"
"広島県","1396",1997,"male"
"広島県","1485",1997,"female"
"広島県","94",1997,"ratio"
"広島県","1396",1998,"male"
"広島県","1486",1998,"female"
"広島県","93.9",1998,"ratio"
"広島県","1395",1999,"male"
"広島県","1486",1999,"female"
"広島県","93.8",1999,"ratio"
"広島県","1392",2000,"male"
"広島県","1486",2000,"female"
"広島県","93.7",2000,"ratio"
"山口県","521",1920,"male"
"山口県","520",1920,"female"
"山口県","100.2",1920,"ratio"
"山口県","527.5",1921,"male"
"山口県","524.5",1921,"female"
"山口県","100.6",1921,"ratio"
"山口県","534.5",1922,"male"
"山口県","529.1",1922,"female"
"山口県","101",1922,"ratio"
"山口県","542.8",1923,"male"
"山口県","534.2",1923,"female"
"山口県","101.6",1923,"ratio"
"山口県","546.3",1924,"male"
"山口県","536.4",1924,"female"
"山口県","101.8",1924,"ratio"
"山口県","553",1925,"male"
"山口県","542",1925,"female"
"山口県","102",1925,"ratio"
"山口県","558.2",1926,"male"
"山口県","547.3",1926,"female"
"山口県","102",1926,"ratio"
"山口県","561.7",1927,"male"
"山口県","551.4",1927,"female"
"山口県","101.9",1927,"ratio"
"山口県","565.4",1928,"male"
"山口県","555.6",1928,"female"
"山口県","101.8",1928,"ratio"
"山口県","569.2",1929,"male"
"山口県","559.9",1929,"female"
"山口県","101.7",1929,"ratio"
"山口県","572",1930,"male"
"山口県","564",1930,"female"
"山口県","101.4",1930,"ratio"
"山口県","577.1",1931,"male"
"山口県","569.4",1931,"female"
"山口県","101.4",1931,"ratio"
"山口県","582.3",1932,"male"
"山口県","575.3",1932,"female"
"山口県","101.2",1932,"ratio"
"山口県","588.4",1933,"male"
"山口県","581.7",1933,"female"
"山口県","101.2",1933,"ratio"
"山口県","594",1934,"male"
"山口県","586.9",1934,"female"
"山口県","101.2",1934,"ratio"
"山口県","598",1935,"male"
"山口県","592",1935,"female"
"山口県","101.1",1935,"ratio"
"山口県","610.4",1936,"male"
"山口県","599.7",1936,"female"
"山口県","101.8",1936,"ratio"
"山口県","613.7",1937,"male"
"山口県","611.3",1937,"female"
"山口県","100.4",1937,"ratio"
"山口県","616.6",1938,"male"
"山口県","620.3",1938,"female"
"山口県","99.4",1938,"ratio"
"山口県","621.3",1939,"male"
"山口県","625.7",1939,"female"
"山口県","99.3",1939,"ratio"
"山口県","631",1940,"male"
"山口県","636",1940,"female"
"山口県","99.2",1940,"ratio"
"山口県","624.9",1941,"male"
"山口県","644.2",1941,"female"
"山口県","97",1941,"ratio"
"山口県","643.7",1942,"male"
"山口県","668.4",1942,"female"
"山口県","96.3",1942,"ratio"
"山口県","658.3",1943,"male"
"山口県","687.4",1943,"female"
"山口県","95.8",1943,"ratio"
"山口県","663",1944,"male"
"山口県","694",1944,"female"
"山口県","95.6",1944,"ratio"
"山口県","638",1945,"male"
"山口県","718",1945,"female"
"山口県","88.8",1945,"ratio"
"山口県","660",1946,"male"
"山口県","715",1946,"female"
"山口県","92.3",1946,"ratio"
"山口県","726",1947,"male"
"山口県","753",1947,"female"
"山口県","96.5",1947,"ratio"
"山口県","756.7",1948,"male"
"山口県","756.9",1948,"female"
"山口県","100",1948,"ratio"
"山口県","772.5",1949,"male"
"山口県","779.1",1949,"female"
"山口県","99.2",1949,"ratio"
"山口県","760",1950,"male"
"山口県","781",1950,"female"
"山口県","97.4",1950,"ratio"
"山口県","764",1951,"male"
"山口県","789",1951,"female"
"山口県","96.9",1951,"ratio"
"山口県","774",1952,"male"
"山口県","799",1952,"female"
"山口県","96.9",1952,"ratio"
"山口県","782",1953,"male"
"山口県","806",1953,"female"
"山口県","96.9",1953,"ratio"
"山口県","787",1954,"male"
"山口県","812",1954,"female"
"山口県","96.9",1954,"ratio"
"山口県","793",1955,"male"
"山口県","817",1955,"female"
"山口県","97",1955,"ratio"
"山口県","796",1956,"male"
"山口県","822",1956,"female"
"山口県","96.8",1956,"ratio"
"山口県","794",1957,"male"
"山口県","825",1957,"female"
"山口県","96.1",1957,"ratio"
"山口県","795",1958,"male"
"山口県","827",1958,"female"
"山口県","96.1",1958,"ratio"
"山口県","791",1959,"male"
"山口県","827",1959,"female"
"山口県","95.7",1959,"ratio"
"山口県","780",1960,"male"
"山口県","822",1960,"female"
"山口県","95",1960,"ratio"
"山口県","774",1961,"male"
"山口県","819",1961,"female"
"山口県","94.5",1961,"ratio"
"山口県","768",1962,"male"
"山口県","817",1962,"female"
"山口県","94.1",1962,"ratio"
"山口県","758",1963,"male"
"山口県","811",1963,"female"
"山口県","93.4",1963,"ratio"
"山口県","746",1964,"male"
"山口県","805",1964,"female"
"山口県","92.6",1964,"ratio"
"山口県","741",1965,"male"
"山口県","803",1965,"female"
"山口県","92.3",1965,"ratio"
"山口県","734",1966,"male"
"山口県","798",1966,"female"
"山口県","92",1966,"ratio"
"山口県","729",1967,"male"
"山口県","796",1967,"female"
"山口県","91.6",1967,"ratio"
"山口県","723",1968,"male"
"山口県","793",1968,"female"
"山口県","91.2",1968,"ratio"
"山口県","721",1969,"male"
"山口県","792",1969,"female"
"山口県","91",1969,"ratio"
"山口県","719",1970,"male"
"山口県","792",1970,"female"
"山口県","90.8",1970,"ratio"
"山口県","721",1971,"male"
"山口県","794",1971,"female"
"山口県","90.8",1971,"ratio"
"山口県","725",1972,"male"
"山口県","798",1972,"female"
"山口県","90.8",1972,"ratio"
"山口県","730",1973,"male"
"山口県","802",1973,"female"
"山口県","91",1973,"ratio"
"山口県","736",1974,"male"
"山口県","806",1974,"female"
"山口県","91.3",1974,"ratio"
"山口県","744",1975,"male"
"山口県","811",1975,"female"
"山口県","91.7",1975,"ratio"
"山口県","749",1976,"male"
"山口県","816",1976,"female"
"山口県","91.8",1976,"ratio"
"山口県","753",1977,"male"
"山口県","820",1977,"female"
"山口県","91.9",1977,"ratio"
"山口県","756",1978,"male"
"山口県","823",1978,"female"
"山口県","91.9",1978,"ratio"
"山口県","758",1979,"male"
"山口県","825",1979,"female"
"山口県","91.8",1979,"ratio"
"山口県","759",1980,"male"
"山口県","828",1980,"female"
"山口県","91.7",1980,"ratio"
"山口県","761",1981,"male"
"山口県","830",1981,"female"
"山口県","91.7",1981,"ratio"
"山口県","764",1982,"male"
"山口県","833",1982,"female"
"山口県","91.7",1982,"ratio"
"山口県","765",1983,"male"
"山口県","835",1983,"female"
"山口県","91.6",1983,"ratio"
"山口県","764",1984,"male"
"山口県","837",1984,"female"
"山口県","91.3",1984,"ratio"
"山口県","764",1985,"male"
"山口県","838",1985,"female"
"山口県","91.2",1985,"ratio"
"山口県","761",1986,"male"
"山口県","837",1986,"female"
"山口県","90.9",1986,"ratio"
"山口県","757",1987,"male"
"山口県","835",1987,"female"
"山口県","90.7",1987,"ratio"
"山口県","754",1988,"male"
"山口県","833",1988,"female"
"山口県","90.5",1988,"ratio"
"山口県","750",1989,"male"
"山口県","831",1989,"female"
"山口県","90.3",1989,"ratio"
"山口県","745",1990,"male"
"山口県","828",1990,"female"
"山口県","90",1990,"ratio"
"山口県","743",1991,"male"
"山口県","826",1991,"female"
"山口県","89.9",1991,"ratio"
"山口県","740",1992,"male"
"山口県","824",1992,"female"
"山口県","89.9",1992,"ratio"
"山口県","739",1993,"male"
"山口県","822",1993,"female"
"山口県","89.9",1993,"ratio"
"山口県","738",1994,"male"
"山口県","821",1994,"female"
"山口県","89.9",1994,"ratio"
"山口県","737",1995,"male"
"山口県","819",1995,"female"
"山口県","89.9",1995,"ratio"
"山口県","734",1996,"male"
"山口県","816",1996,"female"
"山口県","89.9",1996,"ratio"
"山口県","731",1997,"male"
"山口県","814",1997,"female"
"山口県","89.8",1997,"ratio"
"山口県","729",1998,"male"
"山口県","811",1998,"female"
"山口県","89.8",1998,"ratio"
"山口県","726",1999,"male"
"山口県","809",1999,"female"
"山口県","89.7",1999,"ratio"
"山口県","723",2000,"male"
"山口県","805",2000,"female"
"山口県","89.7",2000,"ratio"
"徳島県","332",1920,"male"
"徳島県","338",1920,"female"
"徳島県","98",1920,"ratio"
"徳島県","334",1921,"male"
"徳島県","339.3",1921,"female"
"徳島県","98.4",1921,"ratio"
"徳島県","337.8",1922,"male"
"徳島県","342.4",1922,"female"
"徳島県","98.7",1922,"ratio"
"徳島県","341.2",1923,"male"
"徳島県","343.9",1923,"female"
"徳島県","99.2",1923,"ratio"
"徳島県","343.3",1924,"male"
"徳島県","345.6",1924,"female"
"徳島県","99.3",1924,"ratio"
"徳島県","345",1925,"male"
"徳島県","345",1925,"female"
"徳島県","99.8",1925,"ratio"
"徳島県","345.4",1926,"male"
"徳島県","346.7",1926,"female"
"徳島県","99.6",1926,"ratio"
"徳島県","348.2",1927,"male"
"徳島県","348.5",1927,"female"
"徳島県","99.9",1927,"ratio"
"徳島県","349.5",1928,"male"
"徳島県","351.5",1928,"female"
"徳島県","99.4",1928,"ratio"
"徳島県","352.5",1929,"male"
"徳島県","354.5",1929,"female"
"徳島県","99.4",1929,"ratio"
"徳島県","357",1930,"male"
"徳島県","360",1930,"female"
"徳島県","99.3",1930,"ratio"
"徳島県","359.1",1931,"male"
"徳島県","361.8",1931,"female"
"徳島県","99.3",1931,"ratio"
"徳島県","360.5",1932,"male"
"徳島県","362.9",1932,"female"
"徳島県","99.3",1932,"ratio"
"徳島県","362.3",1933,"male"
"徳島県","365.8",1933,"female"
"徳島県","99",1933,"ratio"
"徳島県","362.6",1934,"male"
"徳島県","366.6",1934,"female"
"徳島県","98.9",1934,"ratio"
"徳島県","362",1935,"male"
"徳島県","367",1935,"female"
"徳島県","98.7",1935,"ratio"
"徳島県","361.5",1936,"male"
"徳島県","368",1936,"female"
"徳島県","98.2",1936,"ratio"
"徳島県","358.7",1937,"male"
"徳島県","369.6",1937,"female"
"徳島県","97.1",1937,"ratio"
"徳島県","348.7",1938,"male"
"徳島県","367.4",1938,"female"
"徳島県","94.9",1938,"ratio"
"徳島県","342.7",1939,"male"
"徳島県","363.5",1939,"female"
"徳島県","94.3",1939,"ratio"
"徳島県","342",1940,"male"
"徳島県","364",1940,"female"
"徳島県","94",1940,"ratio"
"徳島県","329.7",1941,"male"
"徳島県","369.4",1941,"female"
"徳島県","89.3",1941,"ratio"
"徳島県","325.2",1942,"male"
"徳島県","374.6",1942,"female"
"徳島県","86.8",1942,"ratio"
"徳島県","321.6",1943,"male"
"徳島県","379.5",1943,"female"
"徳島県","84.7",1943,"ratio"
"徳島県","320",1944,"male"
"徳島県","384",1944,"female"
"徳島県","83.3",1944,"ratio"
"徳島県","386",1945,"male"
"徳島県","450",1945,"female"
"徳島県","85.8",1945,"ratio"
"徳島県","390",1946,"male"
"徳島県","440",1946,"female"
"徳島県","88.6",1946,"ratio"
"徳島県","411",1947,"male"
"徳島県","443",1947,"female"
"徳島県","92.8",1947,"ratio"
"徳島県","421.1",1948,"male"
"徳島県","451.1",1948,"female"
"徳島県","93.3",1948,"ratio"
"徳島県","423.6",1949,"male"
"徳島県","448.9",1949,"female"
"徳島県","94.4",1949,"ratio"
"徳島県","428",1950,"male"
"徳島県","451",1950,"female"
"徳島県","94.9",1950,"ratio"
"徳島県","425",1951,"male"
"徳島県","449",1951,"female"
"徳島県","94.8",1951,"ratio"
"徳島県","425",1952,"male"
"徳島県","449",1952,"female"
"徳島県","94.7",1952,"ratio"
"徳島県","425",1953,"male"
"徳島県","449",1953,"female"
"徳島県","94.7",1953,"ratio"
"徳島県","426",1954,"male"
"徳島県","450",1954,"female"
"徳島県","94.8",1954,"ratio"
"徳島県","427",1955,"male"
"徳島県","451",1955,"female"
"徳島県","94.7",1955,"ratio"
"徳島県","425",1956,"male"
"徳島県","449",1956,"female"
"徳島県","94.6",1956,"ratio"
"徳島県","420",1957,"male"
"徳島県","446",1957,"female"
"徳島県","94.2",1957,"ratio"
"徳島県","416",1958,"male"
"徳島県","443",1958,"female"
"徳島県","93.9",1958,"ratio"
"徳島県","413",1959,"male"
"徳島県","442",1959,"female"
"徳島県","93.5",1959,"ratio"
"徳島県","408",1960,"male"
"徳島県","439",1960,"female"
"徳島県","93",1960,"ratio"
"徳島県","404",1961,"male"
"徳島県","436",1961,"female"
"徳島県","92.7",1961,"ratio"
"徳島県","400",1962,"male"
"徳島県","432",1962,"female"
"徳島県","92.4",1962,"ratio"
"徳島県","397",1963,"male"
"徳島県","430",1963,"female"
"徳島県","92.3",1963,"ratio"
"徳島県","393",1964,"male"
"徳島県","427",1964,"female"
"徳島県","91.9",1964,"ratio"
"徳島県","390",1965,"male"
"徳島県","425",1965,"female"
"徳島県","91.6",1965,"ratio"
"徳島県","386",1966,"male"
"徳島県","422",1966,"female"
"徳島県","91.5",1966,"ratio"
"徳島県","384",1967,"male"
"徳島県","420",1967,"female"
"徳島県","91.4",1967,"ratio"
"徳島県","380",1968,"male"
"徳島県","417",1968,"female"
"徳島県","91.2",1968,"ratio"
"徳島県","378",1969,"male"
"徳島県","416",1969,"female"
"徳島県","91",1969,"ratio"
"徳島県","377",1970,"male"
"徳島県","414",1970,"female"
"徳島県","90.9",1970,"ratio"
"徳島県","377",1971,"male"
"徳島県","415",1971,"female"
"徳島県","90.9",1971,"ratio"
"徳島県","378",1972,"male"
"徳島県","416",1972,"female"
"徳島県","91",1972,"ratio"
"徳島県","380",1973,"male"
"徳島県","417",1973,"female"
"徳島県","91.1",1973,"ratio"
"徳島県","382",1974,"male"
"徳島県","419",1974,"female"
"徳島県","91.3",1974,"ratio"
"徳島県","385",1975,"male"
"徳島県","420",1975,"female"
"徳島県","91.5",1975,"ratio"
"徳島県","388",1976,"male"
"徳島県","422",1976,"female"
"徳島県","91.8",1976,"ratio"
"徳島県","390",1977,"male"
"徳島県","423",1977,"female"
"徳島県","92.1",1977,"ratio"
"徳島県","392",1978,"male"
"徳島県","425",1978,"female"
"徳島県","92.3",1978,"ratio"
"徳島県","395",1979,"male"
"徳島県","427",1979,"female"
"徳島県","92.3",1979,"ratio"
"徳島県","396",1980,"male"
"徳島県","429",1980,"female"
"徳島県","92.2",1980,"ratio"
"徳島県","397",1981,"male"
"徳島県","430",1981,"female"
"徳島県","92.2",1981,"ratio"
"徳島県","398",1982,"male"
"徳島県","432",1982,"female"
"徳島県","92.2",1982,"ratio"
"徳島県","399",1983,"male"
"徳島県","433",1983,"female"
"徳島県","92.2",1983,"ratio"
"徳島県","400",1984,"male"
"徳島県","434",1984,"female"
"徳島県","92",1984,"ratio"
"徳島県","400",1985,"male"
"徳島県","435",1985,"female"
"徳島県","91.8",1985,"ratio"
"徳島県","399",1986,"male"
"徳島県","436",1986,"female"
"徳島県","91.6",1986,"ratio"
"徳島県","399",1987,"male"
"徳島県","436",1987,"female"
"徳島県","91.5",1987,"ratio"
"徳島県","398",1988,"male"
"徳島県","436",1988,"female"
"徳島県","91.3",1988,"ratio"
"徳島県","397",1989,"male"
"徳島県","436",1989,"female"
"徳島県","91.1",1989,"ratio"
"徳島県","396",1990,"male"
"徳島県","436",1990,"female"
"徳島県","90.9",1990,"ratio"
"徳島県","395",1991,"male"
"徳島県","436",1991,"female"
"徳島県","90.7",1991,"ratio"
"徳島県","395",1992,"male"
"徳島県","436",1992,"female"
"徳島県","90.6",1992,"ratio"
"徳島県","395",1993,"male"
"徳島県","436",1993,"female"
"徳島県","90.6",1993,"ratio"
"徳島県","395",1994,"male"
"徳島県","436",1994,"female"
"徳島県","90.6",1994,"ratio"
"徳島県","396",1995,"male"
"徳島県","437",1995,"female"
"徳島県","90.6",1995,"ratio"
"徳島県","395",1996,"male"
"徳島県","436",1996,"female"
"徳島県","90.6",1996,"ratio"
"徳島県","394",1997,"male"
"徳島県","436",1997,"female"
"徳島県","90.6",1997,"ratio"
"徳島県","394",1998,"male"
"徳島県","435",1998,"female"
"徳島県","90.5",1998,"ratio"
"徳島県","393",1999,"male"
"徳島県","434",1999,"female"
"徳島県","90.5",1999,"ratio"
"徳島県","392",2000,"male"
"徳島県","432",2000,"female"
"徳島県","90.6",2000,"ratio"
"香川県","336",1920,"male"
"香川県","342",1920,"female"
"香川県","98.4",1920,"ratio"
"香川県","337.7",1921,"male"
"香川県","339.5",1921,"female"
"香川県","99.5",1921,"ratio"
"香川県","340.7",1922,"male"
"香川県","340.7",1922,"female"
"香川県","100",1922,"ratio"
"香川県","347.5",1923,"male"
"香川県","346.2",1923,"female"
"香川県","100.4",1923,"ratio"
"香川県","349.2",1924,"male"
"香川県","347.1",1924,"female"
"香川県","100.6",1924,"ratio"
"香川県","352",1925,"male"
"香川県","348",1925,"female"
"香川県","101",1925,"ratio"
"香川県","356.7",1926,"male"
"香川県","352.8",1926,"female"
"香川県","101.1",1926,"ratio"
"香川県","359.4",1927,"male"
"香川県","356.2",1927,"female"
"香川県","100.9",1927,"ratio"
"香川県","362.9",1928,"male"
"香川県","358.9",1928,"female"
"香川県","101.1",1928,"ratio"
"香川県","365.3",1929,"male"
"香川県","361.2",1929,"female"
"香川県","101.1",1929,"ratio"
"香川県","368",1930,"male"
"香川県","364",1930,"female"
"香川県","101.1",1930,"ratio"
"香川県","375.8",1931,"male"
"香川県","370.7",1931,"female"
"香川県","101.4",1931,"ratio"
"香川県","381.6",1932,"male"
"香川県","376.9",1932,"female"
"香川県","101.2",1932,"ratio"
"香川県","382",1933,"male"
"香川県","378.7",1933,"female"
"香川県","100.9",1933,"ratio"
"香川県","376",1934,"male"
"香川県","375.3",1934,"female"
"香川県","100.2",1934,"ratio"
"香川県","374",1935,"male"
"香川県","375",1935,"female"
"香川県","99.6",1935,"ratio"
"香川県","361.5",1936,"male"
"香川県","374.2",1936,"female"
"香川県","96.6",1936,"ratio"
"香川県","359.2",1937,"male"
"香川県","373.4",1937,"female"
"香川県","96.2",1937,"ratio"
"香川県","359.2",1938,"male"
"香川県","372.5",1938,"female"
"香川県","96.4",1938,"ratio"
"香川県","354",1939,"male"
"香川県","371.9",1939,"female"
"香川県","95.2",1939,"ratio"
"香川県","345",1940,"male"
"香川県","371",1940,"female"
"香川県","92.9",1940,"ratio"
"香川県","332.8",1941,"male"
"香川県","375.9",1941,"female"
"香川県","88.5",1941,"ratio"
"香川県","328.9",1942,"male"
"香川県","381.1",1942,"female"
"香川県","86.3",1942,"ratio"
"香川県","324.2",1943,"male"
"香川県","386.9",1943,"female"
"香川県","83.8",1943,"ratio"
"香川県","322",1944,"male"
"香川県","391",1944,"female"
"香川県","82.2",1944,"ratio"
"香川県","396",1945,"male"
"香川県","467",1945,"female"
"香川県","84.8",1945,"ratio"
"香川県","408",1946,"male"
"香川県","464",1946,"female"
"香川県","88",1946,"ratio"
"香川県","440",1947,"male"
"香川県","478",1947,"female"
"香川県","92.1",1947,"ratio"
"香川県","448",1948,"male"
"香川県","483.3",1948,"female"
"香川県","92.7",1948,"ratio"
"香川県","454",1949,"male"
"香川県","486.2",1949,"female"
"香川県","93.4",1949,"ratio"
"香川県","458",1950,"male"
"香川県","488",1950,"female"
"香川県","93.8",1950,"ratio"
"香川県","458",1951,"male"
"香川県","487",1951,"female"
"香川県","94.1",1951,"ratio"
"香川県","455",1952,"male"
"香川県","485",1952,"female"
"香川県","94",1952,"ratio"
"香川県","454",1953,"male"
"香川県","484",1953,"female"
"香川県","93.7",1953,"ratio"
"香川県","454",1954,"male"
"香川県","485",1954,"female"
"香川県","93.7",1954,"ratio"
"香川県","457",1955,"male"
"香川県","487",1955,"female"
"香川県","93.8",1955,"ratio"
"香川県","456",1956,"male"
"香川県","488",1956,"female"
"香川県","93.4",1956,"ratio"
"香川県","452",1957,"male"
"香川県","484",1957,"female"
"香川県","93.3",1957,"ratio"
"香川県","447",1958,"male"
"香川県","483",1958,"female"
"香川県","92.6",1958,"ratio"
"香川県","446",1959,"male"
"香川県","482",1959,"female"
"香川県","92.5",1959,"ratio"
"香川県","439",1960,"male"
"香川県","480",1960,"female"
"香川県","91.5",1960,"ratio"
"香川県","433",1961,"male"
"香川県","478",1961,"female"
"香川県","90.6",1961,"ratio"
"香川県","429",1962,"male"
"香川県","475",1962,"female"
"香川県","90.2",1962,"ratio"
"香川県","429",1963,"male"
"香川県","474",1963,"female"
"香川県","90.5",1963,"ratio"
"香川県","428",1964,"male"
"香川県","474",1964,"female"
"香川県","90.3",1964,"ratio"
"香川県","427",1965,"male"
"香川県","474",1965,"female"
"香川県","90.1",1965,"ratio"
"香川県","424",1966,"male"
"香川県","472",1966,"female"
"香川県","89.8",1966,"ratio"
"香川県","425",1967,"male"
"香川県","473",1967,"female"
"香川県","89.8",1967,"ratio"
"香川県","426",1968,"male"
"香川県","474",1968,"female"
"香川県","89.9",1968,"ratio"
"香川県","428",1969,"male"
"香川県","475",1969,"female"
"香川県","90.2",1969,"ratio"
"香川県","431",1970,"male"
"香川県","477",1970,"female"
"香川県","90.3",1970,"ratio"
"香川県","436",1971,"male"
"香川県","481",1971,"female"
"香川県","90.6",1971,"ratio"
"香川県","441",1972,"male"
"香川県","485",1972,"female"
"香川県","91",1972,"ratio"
"香川県","448",1973,"male"
"香川県","490",1973,"female"
"香川県","91.6",1973,"ratio"
"香川県","456",1974,"male"
"香川県","495",1974,"female"
"香川県","92.1",1974,"ratio"
"香川県","461",1975,"male"
"香川県","500",1975,"female"
"香川県","92.3",1975,"ratio"
"香川県","466",1976,"male"
"香川県","504",1976,"female"
"香川県","92.5",1976,"ratio"
"香川県","471",1977,"male"
"香川県","508",1977,"female"
"香川県","92.6",1977,"ratio"
"香川県","474",1978,"male"
"香川県","512",1978,"female"
"香川県","92.7",1978,"ratio"
"香川県","478",1979,"male"
"香川県","516",1979,"female"
"香川県","92.6",1979,"ratio"
"香川県","481",1980,"male"
"香川県","519",1980,"female"
"香川県","92.7",1980,"ratio"
"香川県","484",1981,"male"
"香川県","521",1981,"female"
"香川県","92.9",1981,"ratio"
"香川県","486",1982,"male"
"香川県","523",1982,"female"
"香川県","92.9",1982,"ratio"
"香川県","488",1983,"male"
"香川県","526",1983,"female"
"香川県","92.9",1983,"ratio"
"香川県","490",1984,"male"
"香川県","528",1984,"female"
"香川県","92.9",1984,"ratio"
"香川県","493",1985,"male"
"香川県","530",1985,"female"
"香川県","93",1985,"ratio"
"香川県","493",1986,"male"
"香川県","531",1986,"female"
"香川県","92.9",1986,"ratio"
"香川県","493",1987,"male"
"香川県","531",1987,"female"
"香川県","92.8",1987,"ratio"
"香川県","493",1988,"male"
"香川県","532",1988,"female"
"香川県","92.8",1988,"ratio"
"香川県","492",1989,"male"
"香川県","531",1989,"female"
"香川県","92.6",1989,"ratio"
"香川県","492",1990,"male"
"香川県","532",1990,"female"
"香川県","92.4",1990,"ratio"
"香川県","491",1991,"male"
"香川県","532",1991,"female"
"香川県","92.4",1991,"ratio"
"香川県","492",1992,"male"
"香川県","532",1992,"female"
"香川県","92.5",1992,"ratio"
"香川県","492",1993,"male"
"香川県","532",1993,"female"
"香川県","92.5",1993,"ratio"
"香川県","493",1994,"male"
"香川県","533",1994,"female"
"香川県","92.5",1994,"ratio"
"香川県","493",1995,"male"
"香川県","534",1995,"female"
"香川県","92.5",1995,"ratio"
"香川県","493",1996,"male"
"香川県","533",1996,"female"
"香川県","92.5",1996,"ratio"
"香川県","493",1997,"male"
"香川県","533",1997,"female"
"香川県","92.6",1997,"ratio"
"香川県","493",1998,"male"
"香川県","533",1998,"female"
"香川県","92.6",1998,"ratio"
"香川県","493",1999,"male"
"香川県","532",1999,"female"
"香川県","92.6",1999,"ratio"
"香川県","492",2000,"male"
"香川県","531",2000,"female"
"香川県","92.6",2000,"ratio"
"愛媛県","515",1920,"male"
"愛媛県","531",1920,"female"
"愛媛県","97",1920,"ratio"
"愛媛県","520.5",1921,"male"
"愛媛県","535.8",1921,"female"
"愛媛県","97.1",1921,"ratio"
"愛媛県","526.7",1922,"male"
"愛媛県","541",1922,"female"
"愛媛県","97.4",1922,"ratio"
"愛媛県","536.3",1923,"male"
"愛媛県","548.7",1923,"female"
"愛媛県","97.7",1923,"ratio"
"愛媛県","538.6",1924,"male"
"愛媛県","550.7",1924,"female"
"愛媛県","97.8",1924,"ratio"
"愛媛県","542",1925,"male"
"愛媛県","554",1925,"female"
"愛媛県","97.9",1925,"ratio"
"愛媛県","550.3",1926,"male"
"愛媛県","561.6",1926,"female"
"愛媛県","98",1926,"ratio"
"愛媛県","552.6",1927,"male"
"愛媛県","567.6",1927,"female"
"愛媛県","97.4",1927,"ratio"
"愛媛県","558.1",1928,"male"
"愛媛県","570.2",1928,"female"
"愛媛県","97.9",1928,"ratio"
"愛媛県","560.3",1929,"male"
"愛媛県","573.8",1929,"female"
"愛媛県","97.6",1929,"ratio"
"愛媛県","565",1930,"male"
"愛媛県","577",1930,"female"
"愛媛県","97.8",1930,"ratio"
"愛媛県","578.8",1931,"male"
"愛媛県","590.6",1931,"female"
"愛媛県","98",1931,"ratio"
"愛媛県","577.5",1932,"male"
"愛媛県","589.6",1932,"female"
"愛媛県","97.9",1932,"ratio"
"愛媛県","573.9",1933,"male"
"愛媛県","586.8",1933,"female"
"愛媛県","97.8",1933,"ratio"
"愛媛県","575.3",1934,"male"
"愛媛県","588.7",1934,"female"
"愛媛県","97.7",1934,"ratio"
"愛媛県","576",1935,"male"
"愛媛県","589",1935,"female"
"愛媛県","97.7",1935,"ratio"
"愛媛県","581.6",1936,"male"
"愛媛県","595.1",1936,"female"
"愛媛県","97.7",1936,"ratio"
"愛媛県","581.7",1937,"male"
"愛媛県","600.3",1937,"female"
"愛媛県","96.9",1937,"ratio"
"愛媛県","565.3",1938,"male"
"愛媛県","597",1938,"female"
"愛媛県","94.7",1938,"ratio"
"愛媛県","553.1",1939,"male"
"愛媛県","590.1",1939,"female"
"愛媛県","93.7",1939,"ratio"
"愛媛県","562",1940,"male"
"愛媛県","598",1940,"female"
"愛媛県","93.9",1940,"ratio"
"愛媛県","551",1941,"male"
"愛媛県","607.4",1941,"female"
"愛媛県","90.7",1941,"ratio"
"愛媛県","550.7",1942,"male"
"愛媛県","616.8",1942,"female"
"愛媛県","89.3",1942,"ratio"
"愛媛県","549.7",1943,"male"
"愛媛県","628",1943,"female"
"愛媛県","87.5",1943,"ratio"
"愛媛県","550",1944,"male"
"愛媛県","637",1944,"female"
"愛媛県","86.4",1944,"ratio"
"愛媛県","635",1945,"male"
"愛媛県","726",1945,"female"
"愛媛県","87.5",1945,"ratio"
"愛媛県","655",1946,"male"
"愛媛県","726",1946,"female"
"愛媛県","90.2",1946,"ratio"
"愛媛県","704",1947,"male"
"愛媛県","750",1947,"female"
"愛媛県","93.8",1947,"ratio"
"愛媛県","716",1948,"male"
"愛媛県","759",1948,"female"
"愛媛県","94.3",1948,"ratio"
"愛媛県","729.7",1949,"male"
"愛媛県","769.7",1949,"female"
"愛媛県","94.8",1949,"ratio"
"愛媛県","742",1950,"male"
"愛媛県","780",1950,"female"
"愛媛県","95.2",1950,"ratio"
"愛媛県","743",1951,"male"
"愛媛県","781",1951,"female"
"愛媛県","95.2",1951,"ratio"
"愛媛県","744",1952,"male"
"愛媛県","783",1952,"female"
"愛媛県","95",1952,"ratio"
"愛媛県","743",1953,"male"
"愛媛県","783",1953,"female"
"愛媛県","94.9",1953,"ratio"
"愛媛県","745",1954,"male"
"愛媛県","786",1954,"female"
"愛媛県","94.8",1954,"ratio"
"愛媛県","749",1955,"male"
"愛媛県","791",1955,"female"
"愛媛県","94.7",1955,"ratio"
"愛媛県","750",1956,"male"
"愛媛県","792",1956,"female"
"愛媛県","94.7",1956,"ratio"
"愛媛県","743",1957,"male"
"愛媛県","789",1957,"female"
"愛媛県","94.2",1957,"ratio"
"愛媛県","737",1958,"male"
"愛媛県","787",1958,"female"
"愛媛県","93.6",1958,"ratio"
"愛媛県","731",1959,"male"
"愛媛県","785",1959,"female"
"愛媛県","93.2",1959,"ratio"
"愛媛県","721",1960,"male"
"愛媛県","779",1960,"female"
"愛媛県","92.5",1960,"ratio"
"愛媛県","714",1961,"male"
"愛媛県","774",1961,"female"
"愛媛県","92.2",1961,"ratio"
"愛媛県","706",1962,"male"
"愛媛県","769",1962,"female"
"愛媛県","91.8",1962,"ratio"
"愛媛県","697",1963,"male"
"愛媛県","765",1963,"female"
"愛媛県","91.2",1963,"ratio"
"愛媛県","691",1964,"male"
"愛媛県","760",1964,"female"
"愛媛県","90.9",1964,"ratio"
"愛媛県","688",1965,"male"
"愛媛県","758",1965,"female"
"愛媛県","90.7",1965,"ratio"
"愛媛県","683",1966,"male"
"愛媛県","754",1966,"female"
"愛媛県","90.6",1966,"ratio"
"愛媛県","680",1967,"male"
"愛媛県","752",1967,"female"
"愛媛県","90.4",1967,"ratio"
"愛媛県","676",1968,"male"
"愛媛県","749",1968,"female"
"愛媛県","90.2",1968,"ratio"
"愛媛県","673",1969,"male"
"愛媛県","748",1969,"female"
"愛媛県","90",1969,"ratio"
"愛媛県","671",1970,"male"
"愛媛県","747",1970,"female"
"愛媛県","89.8",1970,"ratio"
"愛媛県","674",1971,"male"
"愛媛県","750",1971,"female"
"愛媛県","89.9",1971,"ratio"
"愛媛県","678",1972,"male"
"愛媛県","753",1972,"female"
"愛媛県","90",1972,"ratio"
"愛媛県","683",1973,"male"
"愛媛県","757",1973,"female"
"愛媛県","90.2",1973,"ratio"
"愛媛県","690",1974,"male"
"愛媛県","762",1974,"female"
"愛媛県","90.6",1974,"ratio"
"愛媛県","698",1975,"male"
"愛媛県","767",1975,"female"
"愛媛県","90.9",1975,"ratio"
"愛媛県","704",1976,"male"
"愛媛県","772",1976,"female"
"愛媛県","91.1",1976,"ratio"
"愛媛県","709",1977,"male"
"愛媛県","778",1977,"female"
"愛媛県","91.2",1977,"ratio"
"愛媛県","712",1978,"male"
"愛媛県","781",1978,"female"
"愛媛県","91.2",1978,"ratio"
"愛媛県","716",1979,"male"
"愛媛県","785",1979,"female"
"愛媛県","91.2",1979,"ratio"
"愛媛県","719",1980,"male"
"愛媛県","788",1980,"female"
"愛媛県","91.2",1980,"ratio"
"愛媛県","721",1981,"male"
"愛媛県","791",1981,"female"
"愛媛県","91.1",1981,"ratio"
"愛媛県","723",1982,"male"
"愛媛県","794",1982,"female"
"愛媛県","91.2",1982,"ratio"
"愛媛県","725",1983,"male"
"愛媛県","796",1983,"female"
"愛媛県","91.1",1983,"ratio"
"愛媛県","727",1984,"male"
"愛媛県","799",1984,"female"
"愛媛県","91",1984,"ratio"
"愛媛県","729",1985,"male"
"愛媛県","801",1985,"female"
"愛媛県","90.9",1985,"ratio"
"愛媛県","726",1986,"male"
"愛媛県","801",1986,"female"
"愛媛県","90.7",1986,"ratio"
"愛媛県","724",1987,"male"
"愛媛県","800",1987,"female"
"愛媛県","90.5",1987,"ratio"
"愛媛県","722",1988,"male"
"愛媛県","800",1988,"female"
"愛媛県","90.3",1988,"ratio"
"愛媛県","720",1989,"male"
"愛媛県","799",1989,"female"
"愛媛県","90.1",1989,"ratio"
"愛媛県","717",1990,"male"
"愛媛県","798",1990,"female"
"愛媛県","89.8",1990,"ratio"
"愛媛県","716",1991,"male"
"愛媛県","797",1991,"female"
"愛媛県","89.8",1991,"ratio"
"愛媛県","714",1992,"male"
"愛媛県","796",1992,"female"
"愛媛県","89.7",1992,"ratio"
"愛媛県","713",1993,"male"
"愛媛県","795",1993,"female"
"愛媛県","89.6",1993,"ratio"
"愛媛県","713",1994,"male"
"愛媛県","795",1994,"female"
"愛媛県","89.6",1994,"ratio"
"愛媛県","713",1995,"male"
"愛媛県","794",1995,"female"
"愛媛県","89.7",1995,"ratio"
"愛媛県","712",1996,"male"
"愛媛県","793",1996,"female"
"愛媛県","89.7",1996,"ratio"
"愛媛県","710",1997,"male"
"愛媛県","793",1997,"female"
"愛媛県","89.6",1997,"ratio"
"愛媛県","709",1998,"male"
"愛媛県","792",1998,"female"
"愛媛県","89.5",1998,"ratio"
"愛媛県","706",1999,"male"
"愛媛県","790",1999,"female"
"愛媛県","89.4",1999,"ratio"
"愛媛県","704",2000,"male"
"愛媛県","789",2000,"female"
"愛媛県","89.3",2000,"ratio"
"高知県","332",1920,"male"
"高知県","339",1920,"female"
"高知県","98",1920,"ratio"
"高知県","336.4",1921,"male"
"高知県","343.6",1921,"female"
"高知県","97.9",1921,"ratio"
"高知県","336.2",1922,"male"
"高知県","342.6",1922,"female"
"高知県","98.1",1922,"ratio"
"高知県","338.1",1923,"male"
"高知県","343.1",1923,"female"
"高知県","98.5",1923,"ratio"
"高知県","340.7",1924,"male"
"高知県","345.6",1924,"female"
"高知県","98.6",1924,"ratio"
"高知県","342",1925,"male"
"高知県","346",1925,"female"
"高知県","98.8",1925,"ratio"
"高知県","345.3",1926,"male"
"高知県","349.1",1926,"female"
"高知県","98.9",1926,"ratio"
"高知県","346.5",1927,"male"
"高知県","352.5",1927,"female"
"高知県","98.3",1927,"ratio"
"高知県","349.7",1928,"male"
"高知県","353.7",1928,"female"
"高知県","98.9",1928,"ratio"
"高知県","352.1",1929,"male"
"高知県","356.1",1929,"female"
"高知県","98.9",1929,"ratio"
"高知県","357",1930,"male"
"高知県","361",1930,"female"
"高知県","98.9",1930,"ratio"
"高知県","362.3",1931,"male"
"高知県","365.9",1931,"female"
"高知県","99",1931,"ratio"
"高知県","364.9",1932,"male"
"高知県","368.7",1932,"female"
"高知県","99",1932,"ratio"
"高知県","364.8",1933,"male"
"高知県","368.7",1933,"female"
"高知県","98.9",1933,"ratio"
"高知県","359.9",1934,"male"
"高知県","363.7",1934,"female"
"高知県","99",1934,"ratio"
"高知県","355",1935,"male"
"高知県","360",1935,"female"
"高知県","98.7",1935,"ratio"
"高知県","354.5",1936,"male"
"高知県","361",1936,"female"
"高知県","98.2",1936,"ratio"
"高知県","354.6",1937,"male"
"高知県","363.4",1937,"female"
"高知県","97.6",1937,"ratio"
"高知県","344.2",1938,"male"
"高知県","362.1",1938,"female"
"高知県","95.1",1938,"ratio"
"高知県","338.3",1939,"male"
"高知県","359.5",1939,"female"
"高知県","94.1",1939,"ratio"
"高知県","337",1940,"male"
"高知県","360",1940,"female"
"高知県","93.6",1940,"ratio"
"高知県","326.5",1941,"male"
"高知県","364.1",1941,"female"
"高知県","89.7",1941,"ratio"
"高知県","323.2",1942,"male"
"高知県","368.4",1942,"female"
"高知県","87.7",1942,"ratio"
"高知県","318.5",1943,"male"
"高知県","373.4",1943,"female"
"高知県","85.3",1943,"ratio"
"高知県","316",1944,"male"
"高知県","377",1944,"female"
"高知県","83.7",1944,"ratio"
"高知県","358",1945,"male"
"高知県","418",1945,"female"
"高知県","85.7",1945,"ratio"
"高知県","376",1946,"male"
"高知県","422",1946,"female"
"高知県","89.2",1946,"ratio"
"高知県","411",1947,"male"
"高知県","438",1947,"female"
"高知県","93.9",1947,"ratio"
"高知県","418.2",1948,"male"
"高知県","444.1",1948,"female"
"高知県","94.2",1948,"ratio"
"高知県","422.8",1949,"male"
"高知県","446.6",1949,"female"
"高知県","94.7",1949,"ratio"
"高知県","426",1950,"male"
"高知県","448",1950,"female"
"高知県","95.1",1950,"ratio"
"高知県","424",1951,"male"
"高知県","447",1951,"female"
"高知県","95",1951,"ratio"
"高知県","424",1952,"male"
"高知県","447",1952,"female"
"高知県","94.9",1952,"ratio"
"高知県","425",1953,"male"
"高知県","449",1953,"female"
"高知県","94.8",1953,"ratio"
"高知県","428",1954,"male"
"高知県","451",1954,"female"
"高知県","94.8",1954,"ratio"
"高知県","429",1955,"male"
"高知県","454",1955,"female"
"高知県","94.6",1955,"ratio"
"高知県","429",1956,"male"
"高知県","454",1956,"female"
"高知県","94.6",1956,"ratio"
"高知県","425",1957,"male"
"高知県","450",1957,"female"
"高知県","94.6",1957,"ratio"
"高知県","422",1958,"male"
"高知県","449",1958,"female"
"高知県","93.9",1958,"ratio"
"高知県","418",1959,"male"
"高知県","448",1959,"female"
"高知県","93.3",1959,"ratio"
"高知県","411",1960,"male"
"高知県","443",1960,"female"
"高知県","92.7",1960,"ratio"
"高知県","406",1961,"male"
"高知県","440",1961,"female"
"高知県","92.2",1961,"ratio"
"高知県","400",1962,"male"
"高知県","435",1962,"female"
"高知県","91.8",1962,"ratio"
"高知県","395",1963,"male"
"高知県","432",1963,"female"
"高知県","91.5",1963,"ratio"
"高知県","391",1964,"male"
"高知県","429",1964,"female"
"高知県","91.1",1964,"ratio"
"高知県","387",1965,"male"
"高知県","426",1965,"female"
"高知県","90.8",1965,"ratio"
"高知県","382",1966,"male"
"高知県","422",1966,"female"
"高知県","90.6",1966,"ratio"
"高知県","380",1967,"male"
"高知県","421",1967,"female"
"高知県","90.4",1967,"ratio"
"高知県","377",1968,"male"
"高知県","419",1968,"female"
"高知県","90.1",1968,"ratio"
"高知県","374",1969,"male"
"高知県","416",1969,"female"
"高知県","89.9",1969,"ratio"
"高知県","372",1970,"male"
"高知県","415",1970,"female"
"高知県","89.7",1970,"ratio"
"高知県","372",1971,"male"
"高知県","415",1971,"female"
"高知県","89.6",1971,"ratio"
"高知県","375",1972,"male"
"高知県","417",1972,"female"
"高知県","89.8",1972,"ratio"
"高知県","378",1973,"male"
"高知県","420",1973,"female"
"高知県","90",1973,"ratio"
"高知県","380",1974,"male"
"高知県","422",1974,"female"
"高知県","90.1",1974,"ratio"
"高知県","384",1975,"male"
"高知県","425",1975,"female"
"高知県","90.3",1975,"ratio"
"高知県","387",1976,"male"
"高知県","427",1976,"female"
"高知県","90.5",1976,"ratio"
"高知県","390",1977,"male"
"高知県","429",1977,"female"
"高知県","90.7",1977,"ratio"
"高知県","392",1978,"male"
"高知県","431",1978,"female"
"高知県","90.9",1978,"ratio"
"高知県","395",1979,"male"
"高知県","434",1979,"female"
"高知県","91.1",1979,"ratio"
"高知県","396",1980,"male"
"高知県","435",1980,"female"
"高知県","91.2",1980,"ratio"
"高知県","397",1981,"male"
"高知県","436",1981,"female"
"高知県","91",1981,"ratio"
"高知県","398",1982,"male"
"高知県","438",1982,"female"
"高知県","90.8",1982,"ratio"
"高知県","398",1983,"male"
"高知県","439",1983,"female"
"高知県","90.7",1983,"ratio"
"高知県","398",1984,"male"
"高知県","440",1984,"female"
"高知県","90.5",1984,"ratio"
"高知県","398",1985,"male"
"高知県","441",1985,"female"
"高知県","90.3",1985,"ratio"
"高知県","397",1986,"male"
"高知県","441",1986,"female"
"高知県","90.1",1986,"ratio"
"高知県","396",1987,"male"
"高知県","440",1987,"female"
"高知県","89.9",1987,"ratio"
"高知県","394",1988,"male"
"高知県","439",1988,"female"
"高知県","89.7",1988,"ratio"
"高知県","392",1989,"male"
"高知県","438",1989,"female"
"高知県","89.5",1989,"ratio"
"高知県","389",1990,"male"
"高知県","436",1990,"female"
"高知県","89.2",1990,"ratio"
"高知県","387",1991,"male"
"高知県","435",1991,"female"
"高知県","89",1991,"ratio"
"高知県","385",1992,"male"
"高知県","433",1992,"female"
"高知県","88.9",1992,"ratio"
"高知県","385",1993,"male"
"高知県","433",1993,"female"
"高知県","88.9",1993,"ratio"
"高知県","384",1994,"male"
"高知県","432",1994,"female"
"高知県","88.9",1994,"ratio"
"高知県","384",1995,"male"
"高知県","432",1995,"female"
"高知県","88.9",1995,"ratio"
"高知県","384",1996,"male"
"高知県","432",1996,"female"
"高知県","88.9",1996,"ratio"
"高知県","384",1997,"male"
"高知県","432",1997,"female"
"高知県","88.9",1997,"ratio"
"高知県","384",1998,"male"
"高知県","432",1998,"female"
"高知県","88.9",1998,"ratio"
"高知県","384",1999,"male"
"高知県","431",1999,"female"
"高知県","89.1",1999,"ratio"
"高知県","384",2000,"male"
"高知県","430",2000,"female"
"高知県","89.3",2000,"ratio"
"福岡県","1117",1920,"male"
"福岡県","1071",1920,"female"
"福岡県","104.2",1920,"ratio"
"福岡県","1126.2",1921,"male"
"福岡県","1083.5",1921,"female"
"福岡県","103.9",1921,"ratio"
"福岡県","1137.1",1922,"male"
"福岡県","1096.7",1922,"female"
"福岡県","103.7",1922,"ratio"
"福岡県","1149.6",1923,"male"
"福岡県","1111.5",1923,"female"
"福岡県","103.4",1923,"ratio"
"福岡県","1156",1924,"male"
"福岡県","1120.7",1924,"female"
"福岡県","103.1",1924,"ratio"
"福岡県","1166",1925,"male"
"福岡県","1136",1925,"female"
"福岡県","102.7",1925,"ratio"
"福岡県","1189.5",1926,"male"
"福岡県","1157.6",1926,"female"
"福岡県","102.8",1926,"ratio"
"福岡県","1208.9",1927,"male"
"福岡県","1177.5",1927,"female"
"福岡県","102.7",1927,"ratio"
"福岡県","1229.6",1928,"male"
"福岡県","1198.1",1928,"female"
"福岡県","102.6",1928,"ratio"
"福岡県","1251.5",1929,"male"
"福岡県","1218.1",1929,"female"
"福岡県","102.7",1929,"ratio"
"福岡県","1281",1930,"male"
"福岡県","1246",1930,"female"
"福岡県","102.7",1930,"ratio"
"福岡県","1300.3",1931,"male"
"福岡県","1270.6",1931,"female"
"福岡県","102.3",1931,"ratio"
"福岡県","1318.7",1932,"male"
"福岡県","1285.8",1932,"female"
"福岡県","102.6",1932,"ratio"
"福岡県","1339.7",1933,"male"
"福岡県","1308.1",1933,"female"
"福岡県","102.4",1933,"ratio"
"福岡県","1370.3",1934,"male"
"福岡県","1337.3",1934,"female"
"福岡県","102.5",1934,"ratio"
"福岡県","1393",1935,"male"
"福岡県","1363",1935,"female"
"福岡県","102.2",1935,"ratio"
"福岡県","1425",1936,"male"
"福岡県","1380.1",1936,"female"
"福岡県","103.3",1936,"ratio"
"福岡県","1442.8",1937,"male"
"福岡県","1427.6",1937,"female"
"福岡県","101.1",1937,"ratio"
"福岡県","1477.1",1938,"male"
"福岡県","1497.3",1938,"female"
"福岡県","98.7",1938,"ratio"
"福岡県","1518",1939,"male"
"福岡県","1529.9",1939,"female"
"福岡県","99.2",1939,"ratio"
"福岡県","1524",1940,"male"
"福岡県","1517",1940,"female"
"福岡県","100.5",1940,"ratio"
"福岡県","1497.9",1941,"male"
"福岡県","1531.8",1941,"female"
"福岡県","97.8",1941,"ratio"
"福岡県","1495.8",1942,"male"
"福岡県","1544.6",1942,"female"
"福岡県","96.8",1942,"ratio"
"福岡県","1493.5",1943,"male"
"福岡県","1561",1943,"female"
"福岡県","95.7",1943,"ratio"
"福岡県","1492",1944,"male"
"福岡県","1575",1944,"female"
"福岡県","94.7",1944,"ratio"
"福岡県","1305",1945,"male"
"福岡県","1442",1945,"female"
"福岡県","90.5",1945,"ratio"
"福岡県","1410",1946,"male"
"福岡県","1497",1946,"female"
"福岡県","94.2",1946,"ratio"
"福岡県","1571",1947,"male"
"福岡県","1607",1947,"female"
"福岡県","97.8",1947,"ratio"
"福岡県","1630",1948,"male"
"福岡県","1669.9",1948,"female"
"福岡県","97.6",1948,"ratio"
"福岡県","1694.8",1949,"male"
"福岡県","1735.8",1949,"female"
"福岡県","97.6",1949,"ratio"
"福岡県","1746",1950,"male"
"福岡県","1785",1950,"female"
"福岡県","97.8",1950,"ratio"
"福岡県","1787",1951,"male"
"福岡県","1834",1951,"female"
"福岡県","97.5",1951,"ratio"
"福岡県","1835",1952,"male"
"福岡県","1884",1952,"female"
"福岡県","97.4",1952,"ratio"
"福岡県","1868",1953,"male"
"福岡県","1921",1953,"female"
"福岡県","97.2",1953,"ratio"
"福岡県","1881",1954,"male"
"福岡県","1943",1954,"female"
"福岡県","96.8",1954,"ratio"
"福岡県","1895",1955,"male"
"福岡県","1964",1955,"female"
"福岡県","96.5",1955,"ratio"
"福岡県","1915",1956,"male"
"福岡県","1988",1956,"female"
"福岡県","96.3",1956,"ratio"
"福岡県","1933",1957,"male"
"福岡県","2007",1957,"female"
"福岡県","96.3",1957,"ratio"
"福岡県","1949",1958,"male"
"福岡県","2030",1958,"female"
"福岡県","96",1958,"ratio"
"福岡県","1962",1959,"male"
"福岡県","2053",1959,"female"
"福岡県","95.6",1959,"ratio"
"福岡県","1955",1960,"male"
"福岡県","2052",1960,"female"
"福岡県","95.3",1960,"ratio"
"福岡県","1944",1961,"male"
"福岡県","2051",1961,"female"
"福岡県","94.8",1961,"ratio"
"福岡県","1938",1962,"male"
"福岡県","2052",1962,"female"
"福岡県","94.4",1962,"ratio"
"福岡県","1922",1963,"male"
"福岡県","2048",1963,"female"
"福岡県","93.9",1963,"ratio"
"福岡県","1909",1964,"male"
"福岡県","2045",1964,"female"
"福岡県","93.4",1964,"ratio"
"福岡県","1911",1965,"male"
"福岡県","2053",1965,"female"
"福岡県","93.1",1965,"ratio"
"福岡県","1918",1966,"male"
"福岡県","2062",1966,"female"
"福岡県","93",1966,"ratio"
"福岡県","1925",1967,"male"
"福岡県","2074",1967,"female"
"福岡県","92.8",1967,"ratio"
"福岡県","1927",1968,"male"
"福岡県","2082",1968,"female"
"福岡県","92.6",1968,"ratio"
"福岡県","1930",1969,"male"
"福岡県","2090",1969,"female"
"福岡県","92.3",1969,"ratio"
"福岡県","1932",1970,"male"
"福岡県","2095",1970,"female"
"福岡県","92.2",1970,"ratio"
"福岡県","1946",1971,"male"
"福岡県","2110",1971,"female"
"福岡県","92.2",1971,"ratio"
"福岡県","1967",1972,"male"
"福岡県","2133",1972,"female"
"福岡県","92.2",1972,"ratio"
"福岡県","1997",1973,"male"
"福岡県","2159",1973,"female"
"福岡県","92.5",1973,"ratio"
"福岡県","2028",1974,"male"
"福岡県","2187",1974,"female"
"福岡県","92.8",1974,"ratio"
"福岡県","2070",1975,"male"
"福岡県","2223",1975,"female"
"福岡県","93.1",1975,"ratio"
"福岡県","2101",1976,"male"
"福岡県","2252",1976,"female"
"福岡県","93.3",1976,"ratio"
"福岡県","2131",1977,"male"
"福岡県","2280",1977,"female"
"福岡県","93.5",1977,"ratio"
"福岡県","2155",1978,"male"
"福岡県","2305",1978,"female"
"福岡県","93.5",1978,"ratio"
"福岡県","2177",1979,"male"
"福岡県","2328",1979,"female"
"福岡県","93.5",1979,"ratio"
"福岡県","2200",1980,"male"
"福岡県","2353",1980,"female"
"福岡県","93.5",1980,"ratio"
"福岡県","2219",1981,"male"
"福岡県","2375",1981,"female"
"福岡県","93.4",1981,"ratio"
"福岡県","2235",1982,"male"
"福岡県","2396",1982,"female"
"福岡県","93.3",1982,"ratio"
"福岡県","2251",1983,"male"
"福岡県","2416",1983,"female"
"福岡県","93.2",1983,"ratio"
"福岡県","2263",1984,"male"
"福岡県","2434",1984,"female"
"福岡県","93",1984,"ratio"
"福岡県","2270",1985,"male"
"福岡県","2449",1985,"female"
"福岡県","92.7",1985,"ratio"
"福岡県","2279",1986,"male"
"福岡県","2462",1986,"female"
"福岡県","92.6",1986,"ratio"
"福岡県","2283",1987,"male"
"福岡県","2473",1987,"female"
"福岡県","92.3",1987,"ratio"
"福岡県","2290",1988,"male"
"福岡県","2483",1988,"female"
"福岡県","92.2",1988,"ratio"
"福岡県","2297",1989,"male"
"福岡県","2496",1989,"female"
"福岡県","92",1989,"ratio"
"福岡県","2303",1990,"male"
"福岡県","2508",1990,"female"
"福岡県","91.9",1990,"ratio"
"福岡県","2313",1991,"male"
"福岡県","2521",1991,"female"
"福岡県","91.7",1991,"ratio"
"福岡県","2324",1992,"male"
"福岡県","2535",1992,"female"
"福岡県","91.7",1992,"ratio"
"福岡県","2336",1993,"male"
"福岡県","2549",1993,"female"
"福岡県","91.6",1993,"ratio"
"福岡県","2346",1994,"male"
"福岡県","2563",1994,"female"
"福岡県","91.6",1994,"ratio"
"福岡県","2358",1995,"male"
"福岡県","2576",1995,"female"
"福岡県","91.5",1995,"ratio"
"福岡県","2365",1996,"male"
"福岡県","2587",1996,"female"
"福岡県","91.4",1996,"ratio"
"福岡県","2372",1997,"male"
"福岡県","2599",1997,"female"
"福岡県","91.3",1997,"ratio"
"福岡県","2379",1998,"male"
"福岡県","2611",1998,"female"
"福岡県","91.1",1998,"ratio"
"福岡県","2384",1999,"male"
"福岡県","2618",1999,"female"
"福岡県","91.1",1999,"ratio"
"福岡県","2389",2000,"male"
"福岡県","2627",2000,"female"
"福岡県","90.9",2000,"ratio"
"佐賀県","330",1920,"male"
"佐賀県","344",1920,"female"
"佐賀県","95.9",1920,"ratio"
"佐賀県","334",1921,"male"
"佐賀県","348.3",1921,"female"
"佐賀県","95.9",1921,"ratio"
"佐賀県","335.4",1922,"male"
"佐賀県","349",1922,"female"
"佐賀県","96.1",1922,"ratio"
"佐賀県","335.3",1923,"male"
"佐賀県","348.4",1923,"female"
"佐賀県","96.2",1923,"ratio"
"佐賀県","335.4",1924,"male"
"佐賀県","347.8",1924,"female"
"佐賀県","96.4",1924,"ratio"
"佐賀県","336",1925,"male"
"佐賀県","349",1925,"female"
"佐賀県","96.4",1925,"ratio"
"佐賀県","336.6",1926,"male"
"佐賀県","349.6",1926,"female"
"佐賀県","96.3",1926,"ratio"
"佐賀県","336.9",1927,"male"
"佐賀県","350.5",1927,"female"
"佐賀県","96.1",1927,"ratio"
"佐賀県","337.2",1928,"male"
"佐賀県","351.4",1928,"female"
"佐賀県","96",1928,"ratio"
"佐賀県","337.5",1929,"male"
"佐賀県","352.3",1929,"female"
"佐賀県","95.8",1929,"ratio"
"佐賀県","338",1930,"male"
"佐賀県","354",1930,"female"
"佐賀県","95.6",1930,"ratio"
"佐賀県","340.7",1931,"male"
"佐賀県","356.5",1931,"female"
"佐賀県","95.6",1931,"ratio"
"佐賀県","337.9",1932,"male"
"佐賀県","355.3",1932,"female"
"佐賀県","95.1",1932,"ratio"
"佐賀県","341.8",1933,"male"
"佐賀県","359.8",1933,"female"
"佐賀県","95",1933,"ratio"
"佐賀県","332.7",1934,"male"
"佐賀県","352.8",1934,"female"
"佐賀県","94.3",1934,"ratio"
"佐賀県","333",1935,"male"
"佐賀県","353",1935,"female"
"佐賀県","94.2",1935,"ratio"
"佐賀県","328.4",1936,"male"
"佐賀県","354.7",1936,"female"
"佐賀県","92.6",1936,"ratio"
"佐賀県","328.4",1937,"male"
"佐賀県","356",1937,"female"
"佐賀県","92.2",1937,"ratio"
"佐賀県","328.5",1938,"male"
"佐賀県","356.8",1938,"female"
"佐賀県","92.1",1938,"ratio"
"佐賀県","327.5",1939,"male"
"佐賀県","357.3",1939,"female"
"佐賀県","91.7",1939,"ratio"
"佐賀県","328",1940,"male"
"佐賀県","358",1940,"female"
"佐賀県","91.4",1940,"ratio"
"佐賀県","321.2",1941,"male"
"佐賀県","368.6",1941,"female"
"佐賀県","87.1",1941,"ratio"
"佐賀県","325",1942,"male"
"佐賀県","370.3",1942,"female"
"佐賀県","87.8",1942,"ratio"
"佐賀県","327.2",1943,"male"
"佐賀県","377.4",1943,"female"
"佐賀県","86.7",1943,"ratio"
"佐賀県","325",1944,"male"
"佐賀県","380",1944,"female"
"佐賀県","85.6",1944,"ratio"
"佐賀県","379",1945,"male"
"佐賀県","451",1945,"female"
"佐賀県","84.1",1945,"ratio"
"佐賀県","401",1946,"male"
"佐賀県","456",1946,"female"
"佐賀県","87.8",1946,"ratio"
"佐賀県","439",1947,"male"
"佐賀県","478",1947,"female"
"佐賀県","91.9",1947,"ratio"
"佐賀県","438.1",1948,"male"
"佐賀県","473.1",1948,"female"
"佐賀県","92.6",1948,"ratio"
"佐賀県","447.9",1949,"male"
"佐賀県","482.7",1949,"female"
"佐賀県","92.8",1949,"ratio"
"佐賀県","456",1950,"male"
"佐賀県","489",1950,"female"
"佐賀県","93.2",1950,"ratio"
"佐賀県","457",1951,"male"
"佐賀県","491",1951,"female"
"佐賀県","93.2",1951,"ratio"
"佐賀県","461",1952,"male"
"佐賀県","495",1952,"female"
"佐賀県","93.2",1952,"ratio"
"佐賀県","464",1953,"male"
"佐賀県","498",1953,"female"
"佐賀県","93.2",1953,"ratio"
"佐賀県","469",1954,"male"
"佐賀県","501",1954,"female"
"佐賀県","93.5",1954,"ratio"
"佐賀県","470",1955,"male"
"佐賀県","503",1955,"female"
"佐賀県","93.5",1955,"ratio"
"佐賀県","468",1956,"male"
"佐賀県","504",1956,"female"
"佐賀県","92.8",1956,"ratio"
"佐賀県","464",1957,"male"
"佐賀県","501",1957,"female"
"佐賀県","92.6",1957,"ratio"
"佐賀県","460",1958,"male"
"佐賀県","500",1958,"female"
"佐賀県","92",1958,"ratio"
"佐賀県","457",1959,"male"
"佐賀県","499",1959,"female"
"佐賀県","91.6",1959,"ratio"
"佐賀県","449",1960,"male"
"佐賀県","494",1960,"female"
"佐賀県","90.8",1960,"ratio"
"佐賀県","441",1961,"male"
"佐賀県","489",1961,"female"
"佐賀県","90.2",1961,"ratio"
"佐賀県","431",1962,"male"
"佐賀県","480",1962,"female"
"佐賀県","89.7",1962,"ratio"
"佐賀県","422",1963,"male"
"佐賀県","472",1963,"female"
"佐賀県","89.5",1963,"ratio"
"佐賀県","415",1964,"male"
"佐賀県","465",1964,"female"
"佐賀県","89.3",1964,"ratio"
"佐賀県","411",1965,"male"
"佐賀県","461",1965,"female"
"佐賀県","89.2",1965,"ratio"
"佐賀県","409",1966,"male"
"佐賀県","459",1966,"female"
"佐賀県","89.2",1966,"ratio"
"佐賀県","408",1967,"male"
"佐賀県","458",1967,"female"
"佐賀県","89",1967,"ratio"
"佐賀県","403",1968,"male"
"佐賀県","453",1968,"female"
"佐賀県","88.8",1968,"ratio"
"佐賀県","397",1969,"male"
"佐賀県","448",1969,"female"
"佐賀県","88.6",1969,"ratio"
"佐賀県","394",1970,"male"
"佐賀県","445",1970,"female"
"佐賀県","88.5",1970,"ratio"
"佐賀県","390",1971,"male"
"佐賀県","441",1971,"female"
"佐賀県","88.3",1971,"ratio"
"佐賀県","388",1972,"male"
"佐賀県","439",1972,"female"
"佐賀県","88.3",1972,"ratio"
"佐賀県","388",1973,"male"
"佐賀県","439",1973,"female"
"佐賀県","88.5",1973,"ratio"
"佐賀県","391",1974,"male"
"佐賀県","441",1974,"female"
"佐賀県","88.8",1974,"ratio"
"佐賀県","395",1975,"male"
"佐賀県","443",1975,"female"
"佐賀県","89.1",1975,"ratio"
"佐賀県","398",1976,"male"
"佐賀県","445",1976,"female"
"佐賀県","89.4",1976,"ratio"
"佐賀県","401",1977,"male"
"佐賀県","447",1977,"female"
"佐賀県","89.7",1977,"ratio"
"佐賀県","404",1978,"male"
"佐賀県","449",1978,"female"
"佐賀県","89.9",1978,"ratio"
"佐賀県","408",1979,"male"
"佐賀県","452",1979,"female"
"佐賀県","90.2",1979,"ratio"
"佐賀県","411",1980,"male"
"佐賀県","455",1980,"female"
"佐賀県","90.4",1980,"ratio"
"佐賀県","413",1981,"male"
"佐賀県","457",1981,"female"
"佐賀県","90.3",1981,"ratio"
"佐賀県","414",1982,"male"
"佐賀県","459",1982,"female"
"佐賀県","90.4",1982,"ratio"
"佐賀県","416",1983,"male"
"佐賀県","460",1983,"female"
"佐賀県","90.3",1983,"ratio"
"佐賀県","417",1984,"male"
"佐賀県","462",1984,"female"
"佐賀県","90.3",1984,"ratio"
"佐賀県","417",1985,"male"
"佐賀県","463",1985,"female"
"佐賀県","90.2",1985,"ratio"
"佐賀県","417",1986,"male"
"佐賀県","463",1986,"female"
"佐賀県","90",1986,"ratio"
"佐賀県","417",1987,"male"
"佐賀県","463",1987,"female"
"佐賀県","89.9",1987,"ratio"
"佐賀県","416",1988,"male"
"佐賀県","464",1988,"female"
"佐賀県","89.7",1988,"ratio"
"佐賀県","415",1989,"male"
"佐賀県","464",1989,"female"
"佐賀県","89.6",1989,"ratio"
"佐賀県","415",1990,"male"
"佐賀県","463",1990,"female"
"佐賀県","89.5",1990,"ratio"
"佐賀県","414",1991,"male"
"佐賀県","463",1991,"female"
"佐賀県","89.4",1991,"ratio"
"佐賀県","415",1992,"male"
"佐賀県","464",1992,"female"
"佐賀県","89.5",1992,"ratio"
"佐賀県","416",1993,"male"
"佐賀県","464",1993,"female"
"佐賀県","89.7",1993,"ratio"
"佐賀県","418",1994,"male"
"佐賀県","465",1994,"female"
"佐賀県","89.8",1994,"ratio"
"佐賀県","419",1995,"male"
"佐賀県","466",1995,"female"
"佐賀県","89.9",1995,"ratio"
"佐賀県","419",1996,"male"
"佐賀県","466",1996,"female"
"佐賀県","89.9",1996,"ratio"
"佐賀県","417",1997,"male"
"佐賀県","465",1997,"female"
"佐賀県","89.8",1997,"ratio"
"佐賀県","416",1998,"male"
"佐賀県","464",1998,"female"
"佐賀県","89.7",1998,"ratio"
"佐賀県","415",1999,"male"
"佐賀県","463",1999,"female"
"佐賀県","89.7",1999,"ratio"
"佐賀県","414",2000,"male"
"佐賀県","462",2000,"female"
"佐賀県","89.6",2000,"ratio"
"長崎県","584",1920,"male"
"長崎県","552",1920,"female"
"長崎県","105.8",1920,"ratio"
"長崎県","586",1921,"male"
"長崎県","555.6",1921,"female"
"長崎県","105.5",1921,"ratio"
"長崎県","588",1922,"male"
"長崎県","559.2",1922,"female"
"長崎県","105.2",1922,"ratio"
"長崎県","590.4",1923,"male"
"長崎県","563.5",1923,"female"
"長崎県","104.8",1923,"ratio"
"長崎県","591.6",1924,"male"
"長崎県","566.2",1924,"female"
"長崎県","104.5",1924,"ratio"
"長崎県","593",1925,"male"
"長崎県","570",1925,"female"
"長崎県","104",1925,"ratio"
"長崎県","605.8",1926,"male"
"長崎県","585.2",1926,"female"
"長崎県","103.5",1926,"ratio"
"長崎県","618.3",1927,"male"
"長崎県","586",1927,"female"
"長崎県","105.5",1927,"ratio"
"長崎県","622.1",1928,"male"
"長崎県","603.1",1928,"female"
"長崎県","103.2",1928,"ratio"
"長崎県","625.9",1929,"male"
"長崎県","602.8",1929,"female"
"長崎県","103.8",1929,"ratio"
"長崎県","631",1930,"male"
"長崎県","603",1930,"female"
"長崎県","104.6",1930,"ratio"
"長崎県","639.2",1931,"male"
"長崎県","612.2",1931,"female"
"長崎県","104.4",1931,"ratio"
"長崎県","646.5",1932,"male"
"長崎県","623.3",1932,"female"
"長崎県","103.7",1932,"ratio"
"長崎県","654.4",1933,"male"
"長崎県","627.3",1933,"female"
"長崎県","104.3",1933,"ratio"
"長崎県","656.9",1934,"male"
"長崎県","629.4",1934,"female"
"長崎県","104.4",1934,"ratio"
"長崎県","662",1935,"male"
"長崎県","635",1935,"female"
"長崎県","104.3",1935,"ratio"
"長崎県","670.2",1936,"male"
"長崎県","643.4",1936,"female"
"長崎県","104.2",1936,"ratio"
"長崎県","673.8",1937,"male"
"長崎県","653.3",1937,"female"
"長崎県","103.1",1937,"ratio"
"長崎県","667.6",1938,"male"
"長崎県","659.8",1938,"female"
"長崎県","101.2",1938,"ratio"
"長崎県","666.4",1939,"male"
"長崎県","663.3",1939,"female"
"長崎県","100.5",1939,"ratio"
"長崎県","670",1940,"male"
"長崎県","671",1940,"female"
"長崎県","99.7",1940,"ratio"
"長崎県","721.9",1941,"male"
"長崎県","680.2",1941,"female"
"長崎県","106.1",1941,"ratio"
"長崎県","778.4",1942,"male"
"長崎県","706",1942,"female"
"長崎県","110.3",1942,"ratio"
"長崎県","749.7",1943,"male"
"長崎県","726.2",1943,"female"
"長崎県","103.2",1943,"ratio"
"長崎県","758",1944,"male"
"長崎県","733",1944,"female"
"長崎県","103.3",1944,"ratio"
"長崎県","619",1945,"male"
"長崎県","700",1945,"female"
"長崎県","88.4",1945,"ratio"
"長崎県","683",1946,"male"
"長崎県","735",1946,"female"
"長崎県","92.8",1946,"ratio"
"長崎県","749",1947,"male"
"長崎県","782",1947,"female"
"長崎県","95.8",1947,"ratio"
"長崎県","774.3",1948,"male"
"長崎県","815.7",1948,"female"
"長崎県","94.9",1948,"ratio"
"長崎県","795",1949,"male"
"長崎県","826",1949,"female"
"長崎県","96.2",1949,"ratio"
"長崎県","812",1950,"male"
"長崎県","833",1950,"female"
"長崎県","97.4",1950,"ratio"
"長崎県","826",1951,"male"
"長崎県","848",1951,"female"
"長崎県","97.4",1951,"ratio"
"長崎県","845",1952,"male"
"長崎県","864",1952,"female"
"長崎県","97.8",1952,"ratio"
"長崎県","853",1953,"male"
"長崎県","875",1953,"female"
"長崎県","97.4",1953,"ratio"
"長崎県","856",1954,"male"
"長崎県","882",1954,"female"
"長崎県","97",1954,"ratio"
"長崎県","860",1955,"male"
"長崎県","888",1955,"female"
"長崎県","96.8",1955,"ratio"
"長崎県","866",1956,"male"
"長崎県","892",1956,"female"
"長崎県","97.1",1956,"ratio"
"長崎県","863",1957,"male"
"長崎県","896",1957,"female"
"長崎県","96.4",1957,"ratio"
"長崎県","866",1958,"male"
"長崎県","902",1958,"female"
"長崎県","96.1",1958,"ratio"
"長崎県","869",1959,"male"
"長崎県","906",1959,"female"
"長崎県","96",1959,"ratio"
"長崎県","861",1960,"male"
"長崎県","900",1960,"female"
"長崎県","95.6",1960,"ratio"
"長崎県","848",1961,"male"
"長崎県","894",1961,"female"
"長崎県","94.9",1961,"ratio"
"長崎県","830",1962,"male"
"長崎県","883",1962,"female"
"長崎県","94",1962,"ratio"
"長崎県","818",1963,"male"
"長崎県","875",1963,"female"
"長崎県","93.5",1963,"ratio"
"長崎県","800",1964,"male"
"長崎県","860",1964,"female"
"長崎県","92.9",1964,"ratio"
"長崎県","789",1965,"male"
"長崎県","853",1965,"female"
"長崎県","92.5",1965,"ratio"
"長崎県","785",1966,"male"
"長崎県","849",1966,"female"
"長崎県","92.5",1966,"ratio"
"長崎県","781",1967,"male"
"長崎県","846",1967,"female"
"長崎県","92.3",1967,"ratio"
"長崎県","773",1968,"male"
"長崎県","840",1968,"female"
"長崎県","92",1968,"ratio"
"長崎県","763",1969,"male"
"長崎県","834",1969,"female"
"長崎県","91.6",1969,"ratio"
"長崎県","748",1970,"male"
"長崎県","822",1970,"female"
"長崎県","91",1970,"ratio"
"長崎県","742",1971,"male"
"長崎県","818",1971,"female"
"長崎県","90.7",1971,"ratio"
"長崎県","739",1972,"male"
"長崎県","815",1972,"female"
"長崎県","90.7",1972,"ratio"
"長崎県","739",1973,"male"
"長崎県","815",1973,"female"
"長崎県","90.7",1973,"ratio"
"長崎県","745",1974,"male"
"長崎県","817",1974,"female"
"長崎県","91.1",1974,"ratio"
"長崎県","750",1975,"male"
"長崎県","821",1975,"female"
"長崎県","91.3",1975,"ratio"
"長崎県","753",1976,"male"
"長崎県","823",1976,"female"
"長崎県","91.4",1976,"ratio"
"長崎県","756",1977,"male"
"長崎県","826",1977,"female"
"長崎県","91.5",1977,"ratio"
"長崎県","758",1978,"male"
"長崎県","829",1978,"female"
"長崎県","91.4",1978,"ratio"
"長崎県","758",1979,"male"
"長崎県","830",1979,"female"
"長崎県","91.2",1979,"ratio"
"長崎県","758",1980,"male"
"長崎県","832",1980,"female"
"長崎県","91.1",1980,"ratio"
"長崎県","760",1981,"male"
"長崎県","834",1981,"female"
"長崎県","91.2",1981,"ratio"
"長崎県","760",1982,"male"
"長崎県","834",1982,"female"
"長崎県","91.1",1982,"ratio"
"長崎県","760",1983,"male"
"長崎県","835",1983,"female"
"長崎県","91",1983,"ratio"
"長崎県","759",1984,"male"
"長崎県","836",1984,"female"
"長崎県","90.9",1984,"ratio"
"長崎県","758",1985,"male"
"長崎県","836",1985,"female"
"長崎県","90.6",1985,"ratio"
"長崎県","755",1986,"male"
"長崎県","835",1986,"female"
"長崎県","90.4",1986,"ratio"
"長崎県","751",1987,"male"
"長崎県","833",1987,"female"
"長崎県","90.1",1987,"ratio"
"長崎県","747",1988,"male"
"長崎県","832",1988,"female"
"長崎県","89.8",1988,"ratio"
"長崎県","741",1989,"male"
"長崎県","829",1989,"female"
"長崎県","89.5",1989,"ratio"
"長崎県","737",1990,"male"
"長崎県","826",1990,"female"
"長崎県","89.2",1990,"ratio"
"長崎県","733",1991,"male"
"長崎県","823",1991,"female"
"長崎県","89",1991,"ratio"
"長崎県","730",1992,"male"
"長崎県","821",1992,"female"
"長崎県","88.9",1992,"ratio"
"長崎県","730",1993,"male"
"長崎県","820",1993,"female"
"長崎県","88.9",1993,"ratio"
"長崎県","729",1994,"male"
"長崎県","820",1994,"female"
"長崎県","88.9",1994,"ratio"
"長崎県","727",1995,"male"
"長崎県","818",1995,"female"
"長崎県","88.9",1995,"ratio"
"長崎県","724",1996,"male"
"長崎県","816",1996,"female"
"長崎県","88.8",1996,"ratio"
"長崎県","721",1997,"male"
"長崎県","812",1997,"female"
"長崎県","88.7",1997,"ratio"
"長崎県","717",1998,"male"
"長崎県","809",1998,"female"
"長崎県","88.6",1998,"ratio"
"長崎県","714",1999,"male"
"長崎県","806",1999,"female"
"長崎県","88.6",1999,"ratio"
"長崎県","712",2000,"male"
"長崎県","804",2000,"female"
"長崎県","88.6",2000,"ratio"
"熊本県","602",1920,"male"
"熊本県","631",1920,"female"
"熊本県","95.5",1920,"ratio"
"熊本県","609",1921,"male"
"熊本県","635.9",1921,"female"
"熊本県","95.8",1921,"ratio"
"熊本県","618.9",1922,"male"
"熊本県","642.5",1922,"female"
"熊本県","96.3",1922,"ratio"
"熊本県","628.3",1923,"male"
"熊本県","651.7",1923,"female"
"熊本県","96.4",1923,"ratio"
"熊本県","631.6",1924,"male"
"熊本県","653",1924,"female"
"熊本県","96.7",1924,"ratio"
"熊本県","638",1925,"male"
"熊本県","658",1925,"female"
"熊本県","96.9",1925,"ratio"
"熊本県","646.5",1926,"male"
"熊本県","666.5",1926,"female"
"熊本県","97",1926,"ratio"
"熊本県","653.3",1927,"male"
"熊本県","673.5",1927,"female"
"熊本県","97",1927,"ratio"
"熊本県","659.9",1928,"male"
"熊本県","680.7",1928,"female"
"熊本県","96.9",1928,"ratio"
"熊本県","659.4",1929,"male"
"熊本県","683.2",1929,"female"
"熊本県","96.5",1929,"ratio"
"熊本県","664",1930,"male"
"熊本県","690",1930,"female"
"熊本県","96.3",1930,"ratio"
"熊本県","669.6",1931,"male"
"熊本県","694.6",1931,"female"
"熊本県","96.4",1931,"ratio"
"熊本県","676.4",1932,"male"
"熊本県","701.2",1932,"female"
"熊本県","96.5",1932,"ratio"
"熊本県","690.6",1933,"male"
"熊本県","714.6",1933,"female"
"熊本県","96.6",1933,"ratio"
"熊本県","688.1",1934,"male"
"熊本県","712.8",1934,"female"
"熊本県","96.5",1934,"ratio"
"熊本県","680",1935,"male"
"熊本県","707",1935,"female"
"熊本県","96.3",1935,"ratio"
"熊本県","660",1936,"male"
"熊本県","705.4",1936,"female"
"熊本県","93.6",1936,"ratio"
"熊本県","657.4",1937,"male"
"熊本県","704.2",1937,"female"
"熊本県","93.4",1937,"ratio"
"熊本県","657.6",1938,"male"
"熊本県","703",1938,"female"
"熊本県","93.5",1938,"ratio"
"熊本県","649.6",1939,"male"
"熊本県","702.1",1939,"female"
"熊本県","92.5",1939,"ratio"
"熊本県","637",1940,"male"
"熊本県","701",1940,"female"
"熊本県","90.9",1940,"ratio"
"熊本県","614.1",1941,"male"
"熊本県","707.4",1941,"female"
"熊本県","86.8",1941,"ratio"
"熊本県","583.2",1942,"male"
"熊本県","725.4",1942,"female"
"熊本県","80.4",1942,"ratio"
"熊本県","597",1943,"male"
"熊本県","739.5",1943,"female"
"熊本県","80.7",1943,"ratio"
"熊本県","627",1944,"male"
"熊本県","744",1944,"female"
"熊本県","84.2",1944,"ratio"
"熊本県","716",1945,"male"
"熊本県","841",1945,"female"
"熊本県","85.1",1945,"ratio"
"熊本県","766",1946,"male"
"熊本県","866",1946,"female"
"熊本県","88.4",1946,"ratio"
"熊本県","848",1947,"male"
"熊本県","918",1947,"female"
"熊本県","92.4",1947,"ratio"
"熊本県","858.3",1948,"male"
"熊本県","926.4",1948,"female"
"熊本県","92.6",1948,"ratio"
"熊本県","869.8",1949,"male"
"熊本県","935.4",1949,"female"
"熊本県","93",1949,"ratio"
"熊本県","882",1950,"male"
"熊本県","945",1950,"female"
"熊本県","93.4",1950,"ratio"
"熊本県","886",1951,"male"
"熊本県","947",1951,"female"
"熊本県","93.5",1951,"ratio"
"熊本県","887",1952,"male"
"熊本県","949",1952,"female"
"熊本県","93.5",1952,"ratio"
"熊本県","893",1953,"male"
"熊本県","955",1953,"female"
"熊本県","93.5",1953,"ratio"
"熊本県","905",1954,"male"
"熊本県","966",1954,"female"
"熊本県","93.7",1954,"ratio"
"熊本県","917",1955,"male"
"熊本県","978",1955,"female"
"熊本県","93.7",1955,"ratio"
"熊本県","922",1956,"male"
"熊本県","982",1956,"female"
"熊本県","93.9",1956,"ratio"
"熊本県","914",1957,"male"
"熊本県","983",1957,"female"
"熊本県","93",1957,"ratio"
"熊本県","907",1958,"male"
"熊本県","980",1958,"female"
"熊本県","92.5",1958,"ratio"
"熊本県","901",1959,"male"
"熊本県","977",1959,"female"
"熊本県","92.2",1959,"ratio"
"熊本県","887",1960,"male"
"熊本県","969",1960,"female"
"熊本県","91.5",1960,"ratio"
"熊本県","876",1961,"male"
"熊本県","963",1961,"female"
"熊本県","91",1961,"ratio"
"熊本県","863",1962,"male"
"熊本県","954",1962,"female"
"熊本県","90.5",1962,"ratio"
"熊本県","854",1963,"male"
"熊本県","947",1963,"female"
"熊本県","90.2",1963,"ratio"
"熊本県","844",1964,"male"
"熊本県","939",1964,"female"
"熊本県","89.9",1964,"ratio"
"熊本県","839",1965,"male"
"熊本県","932",1965,"female"
"熊本県","90",1965,"ratio"
"熊本県","835",1966,"male"
"熊本県","928",1966,"female"
"熊本県","90",1966,"ratio"
"熊本県","831",1967,"male"
"熊本県","925",1967,"female"
"熊本県","89.8",1967,"ratio"
"熊本県","823",1968,"male"
"熊本県","919",1968,"female"
"熊本県","89.5",1968,"ratio"
"熊本県","812",1969,"male"
"熊本県","912",1969,"female"
"熊本県","89",1969,"ratio"
"熊本県","798",1970,"male"
"熊本県","902",1970,"female"
"熊本県","88.5",1970,"ratio"
"熊本県","786",1971,"male"
"熊本県","894",1971,"female"
"熊本県","88",1971,"ratio"
"熊本県","782",1972,"male"
"熊本県","891",1972,"female"
"熊本県","87.8",1972,"ratio"
"熊本県","788",1973,"male"
"熊本県","893",1973,"female"
"熊本県","88.2",1973,"ratio"
"熊本県","798",1974,"male"
"熊本県","899",1974,"female"
"熊本県","88.8",1974,"ratio"
"熊本県","810",1975,"male"
"熊本県","905",1975,"female"
"熊本県","89.5",1975,"ratio"
"熊本県","819",1976,"male"
"熊本県","912",1976,"female"
"熊本県","89.8",1976,"ratio"
"熊本県","828",1977,"male"
"熊本県","919",1977,"female"
"熊本県","90.1",1977,"ratio"
"熊本県","837",1978,"male"
"熊本県","926",1978,"female"
"熊本県","90.3",1978,"ratio"
"熊本県","844",1979,"male"
"熊本県","933",1979,"female"
"熊本県","90.5",1979,"ratio"
"熊本県","851",1980,"male"
"熊本県","939",1980,"female"
"熊本県","90.6",1980,"ratio"
"熊本県","857",1981,"male"
"熊本県","945",1981,"female"
"熊本県","90.7",1981,"ratio"
"熊本県","861",1982,"male"
"熊本県","950",1982,"female"
"熊本県","90.6",1982,"ratio"
"熊本県","865",1983,"male"
"熊本県","955",1983,"female"
"熊本県","90.6",1983,"ratio"
"熊本県","870",1984,"male"
"熊本県","960",1984,"female"
"熊本県","90.6",1984,"ratio"
"熊本県","873",1985,"male"
"熊本県","965",1985,"female"
"熊本県","90.5",1985,"ratio"
"熊本県","873",1986,"male"
"熊本県","967",1986,"female"
"熊本県","90.3",1986,"ratio"
"熊本県","873",1987,"male"
"熊本県","969",1987,"female"
"熊本県","90.1",1987,"ratio"
"熊本県","872",1988,"male"
"熊本県","970",1988,"female"
"熊本県","89.9",1988,"ratio"
"熊本県","871",1989,"male"
"熊本県","970",1989,"female"
"熊本県","89.8",1989,"ratio"
"熊本県","869",1990,"male"
"熊本県","971",1990,"female"
"熊本県","89.6",1990,"ratio"
"熊本県","871",1991,"male"
"熊本県","973",1991,"female"
"熊本県","89.6",1991,"ratio"
"熊本県","872",1992,"male"
"熊本県","974",1992,"female"
"熊本県","89.6",1992,"ratio"
"熊本県","875",1993,"male"
"熊本県","975",1993,"female"
"熊本県","89.7",1993,"ratio"
"熊本県","878",1994,"male"
"熊本県","978",1994,"female"
"熊本県","89.8",1994,"ratio"
"熊本県","880",1995,"male"
"熊本県","980",1995,"female"
"熊本県","89.8",1995,"ratio"
"熊本県","880",1996,"male"
"熊本県","981",1996,"female"
"熊本県","89.7",1996,"ratio"
"熊本県","880",1997,"male"
"熊本県","981",1997,"female"
"熊本県","89.7",1997,"ratio"
"熊本県","880",1998,"male"
"熊本県","982",1998,"female"
"熊本県","89.7",1998,"ratio"
"熊本県","879",1999,"male"
"熊本県","982",1999,"female"
"熊本県","89.5",1999,"ratio"
"熊本県","878",2000,"male"
"熊本県","981",2000,"female"
"熊本県","89.5",2000,"ratio"
"大分県","423",1920,"male"
"大分県","438",1920,"female"
"大分県","96.6",1920,"ratio"
"大分県","427.3",1921,"male"
"大分県","442",1921,"female"
"大分県","96.7",1921,"ratio"
"大分県","433",1922,"male"
"大分県","446.5",1922,"female"
"大分県","97",1922,"ratio"
"大分県","441.3",1923,"male"
"大分県","453.7",1923,"female"
"大分県","97.3",1923,"ratio"
"大分県","445.1",1924,"male"
"大分県","457.4",1924,"female"
"大分県","97.3",1924,"ratio"
"大分県","451",1925,"male"
"大分県","464",1925,"female"
"大分県","97.3",1925,"ratio"
"大分県","457.2",1926,"male"
"大分県","470",1926,"female"
"大分県","97.3",1926,"ratio"
"大分県","459.2",1927,"male"
"大分県","473.6",1927,"female"
"大分県","97",1927,"ratio"
"大分県","463.3",1928,"male"
"大分県","476.1",1928,"female"
"大分県","97.3",1928,"ratio"
"大分県","463.6",1929,"male"
"大分県","477",1929,"female"
"大分県","97.2",1929,"ratio"
"大分県","466",1930,"male"
"大分県","480",1930,"female"
"大分県","97.1",1930,"ratio"
"大分県","472",1931,"male"
"大分県","486",1931,"female"
"大分県","97.1",1931,"ratio"
"大分県","476",1932,"male"
"大分県","490",1932,"female"
"大分県","97.1",1932,"ratio"
"大分県","478.1",1933,"male"
"大分県","493.1",1933,"female"
"大分県","97",1933,"ratio"
"大分県","478.3",1934,"male"
"大分県","494.8",1934,"female"
"大分県","96.7",1934,"ratio"
"大分県","482",1935,"male"
"大分県","499",1935,"female"
"大分県","96.5",1935,"ratio"
"大分県","474.4",1936,"male"
"大分県","499",1936,"female"
"大分県","95.1",1936,"ratio"
"大分県","464.1",1937,"male"
"大分県","499.2",1937,"female"
"大分県","93",1937,"ratio"
"大分県","464.5",1938,"male"
"大分県","499.2",1938,"female"
"大分県","93",1938,"ratio"
"大分県","460.2",1939,"male"
"大分県","499.3",1939,"female"
"大分県","92.2",1939,"ratio"
"大分県","453",1940,"male"
"大分県","499",1940,"female"
"大分県","90.8",1940,"ratio"
"大分県","443.2",1941,"male"
"大分県","506.5",1941,"female"
"大分県","87.5",1941,"ratio"
"大分県","442.9",1942,"male"
"大分県","513",1942,"female"
"大分県","86.3",1942,"ratio"
"大分県","443.5",1943,"male"
"大分県","526.5",1943,"female"
"大分県","84.2",1943,"ratio"
"大分県","445",1944,"male"
"大分県","529",1944,"female"
"大分県","84.2",1944,"ratio"
"大分県","520",1945,"male"
"大分県","604",1945,"female"
"大分県","86.2",1945,"ratio"
"大分県","539",1946,"male"
"大分県","610",1946,"female"
"大分県","88.3",1946,"ratio"
"大分県","593",1947,"male"
"大分県","641",1947,"female"
"大分県","92.6",1947,"ratio"
"大分県","608.2",1948,"male"
"大分県","656.4",1948,"female"
"大分県","92.7",1948,"ratio"
"大分県","606.1",1949,"male"
"大分県","651.8",1949,"female"
"大分県","93",1949,"ratio"
"大分県","605",1950,"male"
"大分県","648",1950,"female"
"大分県","93.3",1950,"ratio"
"大分県","605",1951,"male"
"大分県","648",1951,"female"
"大分県","93.3",1951,"ratio"
"大分県","604",1952,"male"
"大分県","648",1952,"female"
"大分県","93.2",1952,"ratio"
"大分県","606",1953,"male"
"大分県","651",1953,"female"
"大分県","93.1",1953,"ratio"
"大分県","611",1954,"male"
"大分県","655",1954,"female"
"大分県","93.3",1954,"ratio"
"大分県","616",1955,"male"
"大分県","661",1955,"female"
"大分県","93.3",1955,"ratio"
"大分県","615",1956,"male"
"大分県","661",1956,"female"
"大分県","93",1956,"ratio"
"大分県","610",1957,"male"
"大分県","657",1957,"female"
"大分県","92.7",1957,"ratio"
"大分県","603",1958,"male"
"大分県","655",1958,"female"
"大分県","92",1958,"ratio"
"大分県","599",1959,"male"
"大分県","653",1959,"female"
"大分県","91.7",1959,"ratio"
"大分県","591",1960,"male"
"大分県","649",1960,"female"
"大分県","91.1",1960,"ratio"
"大分県","585",1961,"male"
"大分県","645",1961,"female"
"大分県","90.6",1961,"ratio"
"大分県","577",1962,"male"
"大分県","640",1962,"female"
"大分県","90",1962,"ratio"
"大分県","572",1963,"male"
"大分県","637",1963,"female"
"大分県","89.8",1963,"ratio"
"大分県","566",1964,"male"
"大分県","632",1964,"female"
"大分県","89.5",1964,"ratio"
"大分県","559",1965,"male"
"大分県","628",1965,"female"
"大分県","89.1",1965,"ratio"
"大分県","553",1966,"male"
"大分県","624",1966,"female"
"大分県","88.7",1966,"ratio"
"大分県","549",1967,"male"
"大分県","622",1967,"female"
"大分県","88.4",1967,"ratio"
"大分県","545",1968,"male"
"大分県","619",1968,"female"
"大分県","88.1",1968,"ratio"
"大分県","542",1969,"male"
"大分県","616",1969,"female"
"大分県","87.9",1969,"ratio"
"大分県","541",1970,"male"
"大分県","615",1970,"female"
"大分県","87.9",1970,"ratio"
"大分県","545",1971,"male"
"大分県","618",1971,"female"
"大分県","88.3",1971,"ratio"
"大分県","548",1972,"male"
"大分県","619",1972,"female"
"大分県","88.6",1972,"ratio"
"大分県","551",1973,"male"
"大分県","620",1973,"female"
"大分県","88.8",1973,"ratio"
"大分県","555",1974,"male"
"大分県","624",1974,"female"
"大分県","89",1974,"ratio"
"大分県","562",1975,"male"
"大分県","629",1975,"female"
"大分県","89.4",1975,"ratio"
"大分県","567",1976,"male"
"大分県","632",1976,"female"
"大分県","89.7",1976,"ratio"
"大分県","572",1977,"male"
"大分県","635",1977,"female"
"大分県","89.9",1977,"ratio"
"大分県","575",1978,"male"
"大分県","639",1978,"female"
"大分県","90",1978,"ratio"
"大分県","580",1979,"male"
"大分県","643",1979,"female"
"大分県","90.2",1979,"ratio"
"大分県","583",1980,"male"
"大分県","646",1980,"female"
"大分県","90.3",1980,"ratio"
"大分県","586",1981,"male"
"大分県","649",1981,"female"
"大分県","90.3",1981,"ratio"
"大分県","588",1982,"male"
"大分県","651",1982,"female"
"大分県","90.4",1982,"ratio"
"大分県","590",1983,"male"
"大分県","653",1983,"female"
"大分県","90.4",1983,"ratio"
"大分県","592",1984,"male"
"大分県","656",1984,"female"
"大分県","90.3",1984,"ratio"
"大分県","593",1985,"male"
"大分県","657",1985,"female"
"大分県","90.2",1985,"ratio"
"大分県","592",1986,"male"
"大分県","657",1986,"female"
"大分県","90",1986,"ratio"
"大分県","590",1987,"male"
"大分県","657",1987,"female"
"大分県","89.8",1987,"ratio"
"大分県","588",1988,"male"
"大分県","655",1988,"female"
"大分県","89.7",1988,"ratio"
"大分県","586",1989,"male"
"大分県","654",1989,"female"
"大分県","89.7",1989,"ratio"
"大分県","585",1990,"male"
"大分県","652",1990,"female"
"大分県","89.6",1990,"ratio"
"大分県","583",1991,"male"
"大分県","652",1991,"female"
"大分県","89.6",1991,"ratio"
"大分県","582",1992,"male"
"大分県","651",1992,"female"
"大分県","89.5",1992,"ratio"
"大分県","581",1993,"male"
"大分県","650",1993,"female"
"大分県","89.4",1993,"ratio"
"大分県","582",1994,"male"
"大分県","650",1994,"female"
"大分県","89.6",1994,"ratio"
"大分県","582",1995,"male"
"大分県","649",1995,"female"
"大分県","89.6",1995,"ratio"
"大分県","581",1996,"male"
"大分県","649",1996,"female"
"大分県","89.6",1996,"ratio"
"大分県","580",1997,"male"
"大分県","648",1997,"female"
"大分県","89.5",1997,"ratio"
"大分県","579",1998,"male"
"大分県","647",1998,"female"
"大分県","89.4",1998,"ratio"
"大分県","577",1999,"male"
"大分県","647",1999,"female"
"大分県","89.3",1999,"ratio"
"大分県","576",2000,"male"
"大分県","645",2000,"female"
"大分県","89.3",2000,"ratio"
"宮崎県","327",1920,"male"
"宮崎県","324",1920,"female"
"宮崎県","100.7",1920,"ratio"
"宮崎県","330.4",1921,"male"
"宮崎県","327.5",1921,"female"
"宮崎県","100.9",1921,"ratio"
"宮崎県","334.7",1922,"male"
"宮崎県","331.4",1922,"female"
"宮崎県","101",1922,"ratio"
"宮崎県","341.2",1923,"male"
"宮崎県","335.6",1923,"female"
"宮崎県","101.7",1923,"ratio"
"宮崎県","343.3",1924,"male"
"宮崎県","338.1",1924,"female"
"宮崎県","101.5",1924,"ratio"
"宮崎県","348",1925,"male"
"宮崎県","343",1925,"female"
"宮崎県","101.5",1925,"ratio"
"宮崎県","354.3",1926,"male"
"宮崎県","349",1926,"female"
"宮崎県","101.5",1926,"ratio"
"宮崎県","360.3",1927,"male"
"宮崎県","355",1927,"female"
"宮崎県","101.5",1927,"ratio"
"宮崎県","366.4",1928,"male"
"宮崎県","361.1",1928,"female"
"宮崎県","101.5",1928,"ratio"
"宮崎県","373.3",1929,"male"
"宮崎県","367.5",1929,"female"
"宮崎県","101.6",1929,"ratio"
"宮崎県","383",1930,"male"
"宮崎県","377",1930,"female"
"宮崎県","101.5",1930,"ratio"
"宮崎県","390.7",1931,"male"
"宮崎県","384.2",1931,"female"
"宮崎県","101.7",1931,"ratio"
"宮崎県","396.6",1932,"male"
"宮崎県","390.6",1932,"female"
"宮崎県","101.5",1932,"ratio"
"宮崎県","403.2",1933,"male"
"宮崎県","396.7",1933,"female"
"宮崎県","101.6",1933,"ratio"
"宮崎県","409.6",1934,"male"
"宮崎県","401.7",1934,"female"
"宮崎県","102",1934,"ratio"
"宮崎県","416",1935,"male"
"宮崎県","408",1935,"female"
"宮崎県","101.9",1935,"ratio"
"宮崎県","407.2",1936,"male"
"宮崎県","412.7",1936,"female"
"宮崎県","98.7",1936,"ratio"
"宮崎県","406.7",1937,"male"
"宮崎県","416",1937,"female"
"宮崎県","97.8",1937,"ratio"
"宮崎県","406.8",1938,"male"
"宮崎県","418.5",1938,"female"
"宮崎県","97.2",1938,"ratio"
"宮崎県","403.8",1939,"male"
"宮崎県","419.9",1939,"female"
"宮崎県","96.2",1939,"ratio"
"宮崎県","400",1940,"male"
"宮崎県","423",1940,"female"
"宮崎県","94.5",1940,"ratio"
"宮崎県","392.3",1941,"male"
"宮崎県","431.5",1941,"female"
"宮崎県","90.9",1941,"ratio"
"宮崎県","392.8",1942,"male"
"宮崎県","437.8",1942,"female"
"宮崎県","89.7",1942,"ratio"
"宮崎県","389.8",1943,"male"
"宮崎県","446",1943,"female"
"宮崎県","87.4",1943,"ratio"
"宮崎県","388",1944,"male"
"宮崎県","451",1944,"female"
"宮崎県","86.1",1944,"ratio"
"宮崎県","426",1945,"male"
"宮崎県","487",1945,"female"
"宮崎県","87.4",1945,"ratio"
"宮崎県","456",1946,"male"
"宮崎県","502",1946,"female"
"宮崎県","90.7",1946,"ratio"
"宮崎県","501",1947,"male"
"宮崎県","524",1947,"female"
"宮崎県","95.6",1947,"ratio"
"宮崎県","509.2",1948,"male"
"宮崎県","531",1948,"female"
"宮崎県","95.9",1948,"ratio"
"宮崎県","523.8",1949,"male"
"宮崎県","545.5",1949,"female"
"宮崎県","96",1949,"ratio"
"宮崎県","535",1950,"male"
"宮崎県","556",1950,"female"
"宮崎県","96.2",1950,"ratio"
"宮崎県","538",1951,"male"
"宮崎県","558",1951,"female"
"宮崎県","96.4",1951,"ratio"
"宮崎県","542",1952,"male"
"宮崎県","561",1952,"female"
"宮崎県","96.5",1952,"ratio"
"宮崎県","546",1953,"male"
"宮崎県","566",1953,"female"
"宮崎県","96.5",1953,"ratio"
"宮崎県","553",1954,"male"
"宮崎県","573",1954,"female"
"宮崎県","96.6",1954,"ratio"
"宮崎県","560",1955,"male"
"宮崎県","580",1955,"female"
"宮崎県","96.6",1955,"ratio"
"宮崎県","564",1956,"male"
"宮崎県","583",1956,"female"
"宮崎県","96.7",1956,"ratio"
"宮崎県","559",1957,"male"
"宮崎県","584",1957,"female"
"宮崎県","95.7",1957,"ratio"
"宮崎県","557",1958,"male"
"宮崎県","585",1958,"female"
"宮崎県","95.1",1958,"ratio"
"宮崎県","556",1959,"male"
"宮崎県","585",1959,"female"
"宮崎県","95",1959,"ratio"
"宮崎県","552",1960,"male"
"宮崎県","582",1960,"female"
"宮崎県","94.8",1960,"ratio"
"宮崎県","546",1961,"male"
"宮崎県","581",1961,"female"
"宮崎県","94.1",1961,"ratio"
"宮崎県","537",1962,"male"
"宮崎県","577",1962,"female"
"宮崎県","93.2",1962,"ratio"
"宮崎県","529",1963,"male"
"宮崎県","572",1963,"female"
"宮崎県","92.5",1963,"ratio"
"宮崎県","522",1964,"male"
"宮崎県","567",1964,"female"
"宮崎県","92.1",1964,"ratio"
"宮崎県","517",1965,"male"
"宮崎県","563",1965,"female"
"宮崎県","91.8",1965,"ratio"
"宮崎県","515",1966,"male"
"宮崎県","562",1966,"female"
"宮崎県","91.7",1966,"ratio"
"宮崎県","513",1967,"male"
"宮崎県","562",1967,"female"
"宮崎県","91.4",1967,"ratio"
"宮崎県","509",1968,"male"
"宮崎県","559",1968,"female"
"宮崎県","91",1968,"ratio"
"宮崎県","505",1969,"male"
"宮崎県","557",1969,"female"
"宮崎県","90.6",1969,"ratio"
"宮崎県","498",1970,"male"
"宮崎県","553",1970,"female"
"宮崎県","90.1",1970,"ratio"
"宮崎県","495",1971,"male"
"宮崎県","552",1971,"female"
"宮崎県","89.7",1971,"ratio"
"宮崎県","496",1972,"male"
"宮崎県","553",1972,"female"
"宮崎県","89.7",1972,"ratio"
"宮崎県","500",1973,"male"
"宮崎県","557",1973,"female"
"宮崎県","89.9",1973,"ratio"
"宮崎県","508",1974,"male"
"宮崎県","563",1974,"female"
"宮崎県","90.2",1974,"ratio"
"宮崎県","515",1975,"male"
"宮崎県","570",1975,"female"
"宮崎県","90.4",1975,"ratio"
"宮崎県","523",1976,"male"
"宮崎県","576",1976,"female"
"宮崎県","90.8",1976,"ratio"
"宮崎県","531",1977,"male"
"宮崎県","583",1977,"female"
"宮崎県","91.1",1977,"ratio"
"宮崎県","538",1978,"male"
"宮崎県","589",1978,"female"
"宮崎県","91.3",1978,"ratio"
"宮崎県","545",1979,"male"
"宮崎県","596",1979,"female"
"宮崎県","91.4",1979,"ratio"
"宮崎県","550",1980,"male"
"宮崎県","601",1980,"female"
"宮崎県","91.5",1980,"ratio"
"宮崎県","553",1981,"male"
"宮崎県","605",1981,"female"
"宮崎県","91.4",1981,"ratio"
"宮崎県","556",1982,"male"
"宮崎県","610",1982,"female"
"宮崎県","91.2",1982,"ratio"
"宮崎県","557",1983,"male"
"宮崎県","613",1983,"female"
"宮崎県","90.9",1983,"ratio"
"宮崎県","558",1984,"male"
"宮崎県","615",1984,"female"
"宮崎県","90.7",1984,"ratio"
"宮崎県","558",1985,"male"
"宮崎県","617",1985,"female"
"宮崎県","90.5",1985,"ratio"
"宮崎県","557",1986,"male"
"宮崎県","617",1986,"female"
"宮崎県","90.2",1986,"ratio"
"宮崎県","556",1987,"male"
"宮崎県","618",1987,"female"
"宮崎県","90",1987,"ratio"
"宮崎県","555",1988,"male"
"宮崎県","618",1988,"female"
"宮崎県","89.8",1988,"ratio"
"宮崎県","554",1989,"male"
"宮崎県","618",1989,"female"
"宮崎県","89.6",1989,"ratio"
"宮崎県","552",1990,"male"
"宮崎県","617",1990,"female"
"宮崎県","89.3",1990,"ratio"
"宮崎県","551",1991,"male"
"宮崎県","617",1991,"female"
"宮崎県","89.3",1991,"ratio"
"宮崎県","551",1992,"male"
"宮崎県","616",1992,"female"
"宮崎県","89.4",1992,"ratio"
"宮崎県","553",1993,"male"
"宮崎県","618",1993,"female"
"宮崎県","89.5",1993,"ratio"
"宮崎県","555",1994,"male"
"宮崎県","619",1994,"female"
"宮崎県","89.7",1994,"ratio"
"宮崎県","556",1995,"male"
"宮崎県","620",1995,"female"
"宮崎県","89.8",1995,"ratio"
"宮崎県","557",1996,"male"
"宮崎県","620",1996,"female"
"宮崎県","89.8",1996,"ratio"
"宮崎県","556",1997,"male"
"宮崎県","620",1997,"female"
"宮崎県","89.7",1997,"ratio"
"宮崎県","554",1998,"male"
"宮崎県","619",1998,"female"
"宮崎県","89.5",1998,"ratio"
"宮崎県","553",1999,"male"
"宮崎県","619",1999,"female"
"宮崎県","89.5",1999,"ratio"
"宮崎県","552",2000,"male"
"宮崎県","618",2000,"female"
"宮崎県","89.4",2000,"ratio"
"鹿児島県","682",1920,"male"
"鹿児島県","733",1920,"female"
"鹿児島県","93",1920,"ratio"
"鹿児島県","688.4",1921,"male"
"鹿児島県","738.2",1921,"female"
"鹿児島県","93.3",1921,"ratio"
"鹿児島県","694.2",1922,"male"
"鹿児島県","742.5",1922,"female"
"鹿児島県","93.5",1922,"ratio"
"鹿児島県","703.2",1923,"male"
"鹿児島県","749.2",1923,"female"
"鹿児島県","93.9",1923,"ratio"
"鹿児島県","707.9",1924,"male"
"鹿児島県","753.2",1924,"female"
"鹿児島県","94",1924,"ratio"
"鹿児島県","714",1925,"male"
"鹿児島県","758",1925,"female"
"鹿児島県","94.1",1925,"ratio"
"鹿児島県","720.5",1926,"male"
"鹿児島県","765.7",1926,"female"
"鹿児島県","94.1",1926,"ratio"
"鹿児島県","727.7",1927,"male"
"鹿児島県","774.6",1927,"female"
"鹿児島県","93.9",1927,"ratio"
"鹿児島県","734.7",1928,"male"
"鹿児島県","782.3",1928,"female"
"鹿児島県","93.9",1928,"ratio"
"鹿児島県","741.7",1929,"male"
"鹿児島県","794.4",1929,"female"
"鹿児島県","93.4",1929,"ratio"
"鹿児島県","754",1930,"male"
"鹿児島県","803",1930,"female"
"鹿児島県","93.8",1930,"ratio"
"鹿児島県","759.9",1931,"male"
"鹿児島県","808.6",1931,"female"
"鹿児島県","94",1931,"ratio"
"鹿児島県","764.1",1932,"male"
"鹿児島県","811.7",1932,"female"
"鹿児島県","94.1",1932,"ratio"
"鹿児島県","766.6",1933,"male"
"鹿児島県","813.4",1933,"female"
"鹿児島県","94.2",1933,"ratio"
"鹿児島県","767",1934,"male"
"鹿児島県","812.6",1934,"female"
"鹿児島県","94.4",1934,"ratio"
"鹿児島県","773",1935,"male"
"鹿児島県","818",1935,"female"
"鹿児島県","94.5",1935,"ratio"
"鹿児島県","769.3",1936,"male"
"鹿児島県","818.4",1936,"female"
"鹿児島県","94",1936,"ratio"
"鹿児島県","754.4",1937,"male"
"鹿児島県","820.3",1937,"female"
"鹿児島県","92",1937,"ratio"
"鹿児島県","734.5",1938,"male"
"鹿児島県","819.1",1938,"female"
"鹿児島県","89.7",1938,"ratio"
"鹿児島県","726",1939,"male"
"鹿児島県","818.5",1939,"female"
"鹿児島県","88.7",1939,"ratio"
"鹿児島県","731",1940,"male"
"鹿児島県","824",1940,"female"
"鹿児島県","88.7",1940,"ratio"
"鹿児島県","711.4",1941,"male"
"鹿児島県","835.8",1941,"female"
"鹿児島県","85.1",1941,"ratio"
"鹿児島県","708.6",1942,"male"
"鹿児島県","845.8",1942,"female"
"鹿児島県","83.8",1942,"ratio"
"鹿児島県","712.3",1943,"male"
"鹿児島県","863.8",1943,"female"
"鹿児島県","82.5",1943,"ratio"
"鹿児島県","717",1944,"male"
"鹿児島県","877",1944,"female"
"鹿児島県","81.8",1944,"ratio"
"鹿児島県","699",1945,"male"
"鹿児島県","839",1945,"female"
"鹿児島県","83.4",1945,"ratio"
"鹿児島県","759",1946,"male"
"鹿児島県","870",1946,"female"
"鹿児島県","87.3",1946,"ratio"
"鹿児島県","836",1947,"male"
"鹿児島県","911",1947,"female"
"鹿児島県","91.8",1947,"ratio"
"鹿児島県","853",1948,"male"
"鹿児島県","927.1",1948,"female"
"鹿児島県","92",1948,"ratio"
"鹿児島県","866.6",1949,"male"
"鹿児島県","937.9",1949,"female"
"鹿児島県","92.4",1949,"ratio"
"鹿児島県","869",1950,"male"
"鹿児島県","935",1950,"female"
"鹿児島県","92.9",1950,"ratio"
"鹿児島県","867",1951,"male"
"鹿児島県","928",1951,"female"
"鹿児島県","93.4",1951,"ratio"
"鹿児島県","870",1952,"male"
"鹿児島県","929",1952,"female"
"鹿児島県","93.7",1952,"ratio"
"鹿児島県","872",1953,"male"
"鹿児島県","929",1953,"female"
"鹿児島県","93.8",1953,"ratio"
"鹿児島県","975",1954,"male"
"鹿児島県","1047",1954,"female"
"鹿児島県","93.1",1954,"ratio"
"鹿児島県","986",1955,"male"
"鹿児島県","1058",1955,"female"
"鹿児島県","93.1",1955,"ratio"
"鹿児島県","983",1956,"male"
"鹿児島県","1057",1956,"female"
"鹿児島県","93",1956,"ratio"
"鹿児島県","970",1957,"male"
"鹿児島県","1046",1957,"female"
"鹿児島県","92.7",1957,"ratio"
"鹿児島県","959",1958,"male"
"鹿児島県","1044",1958,"female"
"鹿児島県","91.9",1958,"ratio"
"鹿児島県","950",1959,"male"
"鹿児島県","1037",1959,"female"
"鹿児島県","91.6",1959,"ratio"
"鹿児島県","935",1960,"male"
"鹿児島県","1028",1960,"female"
"鹿児島県","91",1960,"ratio"
"鹿児島県","923",1961,"male"
"鹿児島県","1020",1961,"female"
"鹿児島県","90.4",1961,"ratio"
"鹿児島県","905",1962,"male"
"鹿児島県","1009",1962,"female"
"鹿児島県","89.7",1962,"ratio"
"鹿児島県","895",1963,"male"
"鹿児島県","1000",1963,"female"
"鹿児島県","89.5",1963,"ratio"
"鹿児島県","884",1964,"male"
"鹿児島県","992",1964,"female"
"鹿児島県","89.2",1964,"ratio"
"鹿児島県","873",1965,"male"
"鹿児島県","981",1965,"female"
"鹿児島県","89",1965,"ratio"
"鹿児島県","863",1966,"male"
"鹿児島県","972",1966,"female"
"鹿児島県","88.8",1966,"ratio"
"鹿児島県","854",1967,"male"
"鹿児島県","965",1967,"female"
"鹿児島県","88.5",1967,"ratio"
"鹿児島県","839",1968,"male"
"鹿児島県","953",1968,"female"
"鹿児島県","88",1968,"ratio"
"鹿児島県","822",1969,"male"
"鹿児島県","940",1969,"female"
"鹿児島県","87.5",1969,"ratio"
"鹿児島県","804",1970,"male"
"鹿児島県","925",1970,"female"
"鹿児島県","86.9",1970,"ratio"
"鹿児島県","794",1971,"male"
"鹿児島県","916",1971,"female"
"鹿児島県","86.6",1971,"ratio"
"鹿児島県","792",1972,"male"
"鹿児島県","913",1972,"female"
"鹿児島県","86.8",1972,"ratio"
"鹿児島県","795",1973,"male"
"鹿児島県","914",1973,"female"
"鹿児島県","87",1973,"ratio"
"鹿児島県","798",1974,"male"
"鹿児島県","916",1974,"female"
"鹿児島県","87.2",1974,"ratio"
"鹿児島県","804",1975,"male"
"鹿児島県","920",1975,"female"
"鹿児島県","87.5",1975,"ratio"
"鹿児島県","812",1976,"male"
"鹿児島県","923",1976,"female"
"鹿児島県","87.9",1976,"ratio"
"鹿児島県","819",1977,"male"
"鹿児島県","928",1977,"female"
"鹿児島県","88.3",1977,"ratio"
"鹿児島県","826",1978,"male"
"鹿児島県","933",1978,"female"
"鹿児島県","88.5",1978,"ratio"
"鹿児島県","834",1979,"male"
"鹿児島県","939",1979,"female"
"鹿児島県","88.7",1979,"ratio"
"鹿児島県","839",1980,"male"
"鹿児島県","945",1980,"female"
"鹿児島県","88.8",1980,"ratio"
"鹿児島県","844",1981,"male"
"鹿児島県","950",1981,"female"
"鹿児島県","88.9",1981,"ratio"
"鹿児島県","848",1982,"male"
"鹿児島県","954",1982,"female"
"鹿児島県","88.9",1982,"ratio"
"鹿児島県","850",1983,"male"
"鹿児島県","957",1983,"female"
"鹿児島県","88.9",1983,"ratio"
"鹿児島県","854",1984,"male"
"鹿児島県","960",1984,"female"
"鹿児島県","89",1984,"ratio"
"鹿児島県","856",1985,"male"
"鹿児島県","963",1985,"female"
"鹿児島県","89",1985,"ratio"
"鹿児島県","854",1986,"male"
"鹿児島県","962",1986,"female"
"鹿児島県","88.8",1986,"ratio"
"鹿児島県","854",1987,"male"
"鹿児島県","962",1987,"female"
"鹿児島県","88.7",1987,"ratio"
"鹿児島県","851",1988,"male"
"鹿児島県","961",1988,"female"
"鹿児島県","88.5",1988,"ratio"
"鹿児島県","847",1989,"male"
"鹿児島県","959",1989,"female"
"鹿児島県","88.3",1989,"ratio"
"鹿児島県","842",1990,"male"
"鹿児島県","955",1990,"female"
"鹿児島県","88.2",1990,"ratio"
"鹿児島県","840",1991,"male"
"鹿児島県","953",1991,"female"
"鹿児島県","88.1",1991,"ratio"
"鹿児島県","838",1992,"male"
"鹿児島県","951",1992,"female"
"鹿児島県","88.1",1992,"ratio"
"鹿児島県","838",1993,"male"
"鹿児島県","951",1993,"female"
"鹿児島県","88.1",1993,"ratio"
"鹿児島県","839",1994,"male"
"鹿児島県","951",1994,"female"
"鹿児島県","88.2",1994,"ratio"
"鹿児島県","841",1995,"male"
"鹿児島県","953",1995,"female"
"鹿児島県","88.2",1995,"ratio"
"鹿児島県","840",1996,"male"
"鹿児島県","953",1996,"female"
"鹿児島県","88.2",1996,"ratio"
"鹿児島県","840",1997,"male"
"鹿児島県","952",1997,"female"
"鹿児島県","88.2",1997,"ratio"
"鹿児島県","839",1998,"male"
"鹿児島県","951",1998,"female"
"鹿児島県","88.2",1998,"ratio"
"鹿児島県","838",1999,"male"
"鹿児島県","949",1999,"female"
"鹿児島県","88.3",1999,"ratio"
"鹿児島県","838",2000,"male"
"鹿児島県","948",2000,"female"
"鹿児島県","88.4",2000,"ratio"
"沖縄県","275",1920,"male"
"沖縄県","297",1920,"female"
"沖縄県","92.6",1920,"ratio"
"沖縄県","274.5",1921,"male"
"沖縄県","296.4",1921,"female"
"沖縄県","92.6",1921,"ratio"
"沖縄県","274.3",1922,"male"
"沖縄県","296.3",1922,"female"
"沖縄県","92.6",1922,"ratio"
"沖縄県","273.7",1923,"male"
"沖縄県","295.3",1923,"female"
"沖縄県","92.7",1923,"ratio"
"沖縄県","271.1",1924,"male"
"沖縄県","292.7",1924,"female"
"沖縄県","92.6",1924,"ratio"
"沖縄県","268",1925,"male"
"沖縄県","290",1925,"female"
"沖縄県","92.5",1925,"ratio"
"沖縄県","269",1926,"male"
"沖縄県","292.5",1926,"female"
"沖縄県","92",1926,"ratio"
"沖縄県","270.1",1927,"male"
"沖縄県","295.3",1927,"female"
"沖縄県","91.5",1927,"ratio"
"沖縄県","271.1",1928,"male"
"沖縄県","298.2",1928,"female"
"沖縄県","90.9",1928,"ratio"
"沖縄県","271.6",1929,"male"
"沖縄県","299.9",1929,"female"
"沖縄県","90.6",1929,"ratio"
"沖縄県","273",1930,"male"
"沖縄県","305",1930,"female"
"沖縄県","89.5",1930,"ratio"
"沖縄県","273.6",1931,"male"
"沖縄県","305",1931,"female"
"沖縄県","89.7",1931,"ratio"
"沖縄県","274.8",1932,"male"
"沖縄県","306",1932,"female"
"沖縄県","89.8",1932,"ratio"
"沖縄県","276.6",1933,"male"
"沖縄県","307.3",1933,"female"
"沖縄県","90",1933,"ratio"
"沖縄県","278.8",1934,"male"
"沖縄県","308.7",1934,"female"
"沖縄県","90.3",1934,"ratio"
"沖縄県","281",1935,"male"
"沖縄県","311",1935,"female"
"沖縄県","90.4",1935,"ratio"
"沖縄県","280.3",1936,"male"
"沖縄県","309.5",1936,"female"
"沖縄県","90.6",1936,"ratio"
"沖縄県","272.8",1937,"male"
"沖縄県","307.5",1937,"female"
"沖縄県","88.7",1937,"ratio"
"沖縄県","266.5",1938,"male"
"沖縄県","305.5",1938,"female"
"沖縄県","87.2",1938,"ratio"
"沖縄県","264.7",1939,"male"
"沖縄県","304.6",1939,"female"
"沖縄県","86.9",1939,"ratio"
"沖縄県","262",1940,"male"
"沖縄県","304",1940,"female"
"沖縄県","86.3",1940,"ratio"
"沖縄県","256.6",1941,"male"
"沖縄県","307.4",1941,"female"
"沖縄県","83.5",1941,"ratio"
"沖縄県","258.1",1942,"male"
"沖縄県","312.9",1942,"female"
"沖縄県","82.5",1942,"ratio"
"沖縄県","262.7",1943,"male"
"沖縄県","320",1943,"female"
"沖縄県","82.1",1943,"ratio"
"沖縄県","266",1944,"male"
"沖縄県","325",1944,"female"
"沖縄県","81.7",1944,"ratio"
"沖縄県",NA,1945,"male"
"沖縄県",NA,1945,"female"
"沖縄県",NA,1945,"ratio"
"沖縄県",NA,1946,"male"
"沖縄県",NA,1946,"female"
"沖縄県",NA,1946,"ratio"
"沖縄県",NA,1947,"male"
"沖縄県",NA,1947,"female"
"沖縄県",NA,1947,"ratio"
"沖縄県",NA,1948,"male"
"沖縄県",NA,1948,"female"
"沖縄県",NA,1948,"ratio"
"沖縄県",NA,1949,"male"
"沖縄県",NA,1949,"female"
"沖縄県",NA,1949,"ratio"
"沖縄県",NA,1950,"male"
"沖縄県",NA,1950,"female"
"沖縄県",NA,1950,"ratio"
"沖縄県",NA,1951,"male"
"沖縄県",NA,1951,"female"
"沖縄県",NA,1951,"ratio"
"沖縄県",NA,1952,"male"
"沖縄県",NA,1952,"female"
"沖縄県",NA,1952,"ratio"
"沖縄県",NA,1953,"male"
"沖縄県",NA,1953,"female"
"沖縄県",NA,1953,"ratio"
"沖縄県",NA,1954,"male"
"沖縄県",NA,1954,"female"
"沖縄県",NA,1954,"ratio"
"沖縄県",NA,1955,"male"
"沖縄県",NA,1955,"female"
"沖縄県",NA,1955,"ratio"
"沖縄県",NA,1956,"male"
"沖縄県",NA,1956,"female"
"沖縄県",NA,1956,"ratio"
"沖縄県",NA,1957,"male"
"沖縄県",NA,1957,"female"
"沖縄県",NA,1957,"ratio"
"沖縄県",NA,1958,"male"
"沖縄県",NA,1958,"female"
"沖縄県",NA,1958,"ratio"
"沖縄県",NA,1959,"male"
"沖縄県",NA,1959,"female"
"沖縄県",NA,1959,"ratio"
"沖縄県",NA,1960,"male"
"沖縄県",NA,1960,"female"
"沖縄県",NA,1960,"ratio"
"沖縄県",NA,1961,"male"
"沖縄県",NA,1961,"female"
"沖縄県",NA,1961,"ratio"
"沖縄県",NA,1962,"male"
"沖縄県",NA,1962,"female"
"沖縄県",NA,1962,"ratio"
"沖縄県",NA,1963,"male"
"沖縄県",NA,1963,"female"
"沖縄県",NA,1963,"ratio"
"沖縄県",NA,1964,"male"
"沖縄県",NA,1964,"female"
"沖縄県",NA,1964,"ratio"
"沖縄県",NA,1965,"male"
"沖縄県",NA,1965,"female"
"沖縄県",NA,1965,"ratio"
"沖縄県",NA,1966,"male"
"沖縄県",NA,1966,"female"
"沖縄県",NA,1966,"ratio"
"沖縄県",NA,1967,"male"
"沖縄県",NA,1967,"female"
"沖縄県",NA,1967,"ratio"
"沖縄県",NA,1968,"male"
"沖縄県",NA,1968,"female"
"沖縄県",NA,1968,"ratio"
"沖縄県",NA,1969,"male"
"沖縄県",NA,1969,"female"
"沖縄県",NA,1969,"ratio"
"沖縄県",NA,1970,"male"
"沖縄県",NA,1970,"female"
"沖縄県",NA,1970,"ratio"
"沖縄県",NA,1971,"male"
"沖縄県",NA,1971,"female"
"沖縄県",NA,1971,"ratio"
"沖縄県","491",1972,"male"
"沖縄県","479",1972,"female"
"沖縄県","102.5",1972,"ratio"
"沖縄県","499",1973,"male"
"沖縄県","496",1973,"female"
"沖縄県","100.7",1973,"ratio"
"沖縄県","507",1974,"male"
"沖縄県","514",1974,"female"
"沖縄県","98.5",1974,"ratio"
"沖縄県","511",1975,"male"
"沖縄県","532",1975,"female"
"沖縄県","96",1975,"ratio"
"沖縄県","519",1976,"male"
"沖縄県","539",1976,"female"
"沖縄県","96.4",1976,"ratio"
"沖縄県","526",1977,"male"
"沖縄県","545",1977,"female"
"沖縄県","96.4",1977,"ratio"
"沖縄県","530",1978,"male"
"沖縄県","551",1978,"female"
"沖縄県","96.3",1978,"ratio"
"沖縄県","537",1979,"male"
"沖縄県","556",1979,"female"
"沖縄県","96.6",1979,"ratio"
"沖縄県","544",1980,"male"
"沖縄県","563",1980,"female"
"沖縄県","96.6",1980,"ratio"
"沖縄県","550",1981,"male"
"沖縄県","569",1981,"female"
"沖縄県","96.7",1981,"ratio"
"沖縄県","557",1982,"male"
"沖縄県","575",1982,"female"
"沖縄県","96.8",1982,"ratio"
"沖縄県","564",1983,"male"
"沖縄県","582",1983,"female"
"沖縄県","96.8",1983,"ratio"
"沖縄県","572",1984,"male"
"沖縄県","589",1984,"female"
"沖縄県","97",1984,"ratio"
"沖縄県","581",1985,"male"
"沖縄県","598",1985,"female"
"沖縄県","97.2",1985,"ratio"
"沖縄県","585",1986,"male"
"沖縄県","603",1986,"female"
"沖縄県","96.9",1986,"ratio"
"沖縄県","589",1987,"male"
"沖縄県","609",1987,"female"
"沖縄県","96.7",1987,"ratio"
"沖縄県","593",1988,"male"
"沖縄県","615",1988,"female"
"沖縄県","96.5",1988,"ratio"
"沖縄県","596",1989,"male"
"沖縄県","620",1989,"female"
"沖縄県","96.2",1989,"ratio"
"沖縄県","599",1990,"male"
"沖縄県","624",1990,"female"
"沖縄県","96",1990,"ratio"
"沖縄県","603",1991,"male"
"沖縄県","627",1991,"female"
"沖縄県","96.1",1991,"ratio"
"沖縄県","607",1992,"male"
"沖縄県","632",1992,"female"
"沖縄県","96.1",1992,"ratio"
"沖縄県","613",1993,"male"
"沖縄県","637",1993,"female"
"沖縄県","96.2",1993,"ratio"
"沖縄県","619",1994,"male"
"沖縄県","643",1994,"female"
"沖縄県","96.3",1994,"ratio"
"沖縄県","625",1995,"male"
"沖縄県","649",1995,"female"
"沖縄県","96.3",1995,"ratio"
"沖縄県","629",1996,"male"
"沖縄県","653",1996,"female"
"沖縄県","96.3",1996,"ratio"
"沖縄県","633",1997,"male"
"沖縄県","657",1997,"female"
"沖縄県","96.4",1997,"ratio"
"沖縄県","637",1998,"male"
"沖縄県","661",1998,"female"
"沖縄県","96.4",1998,"ratio"
"沖縄県","642",1999,"male"
"沖縄県","665",1999,"female"
"沖縄県","96.5",1999,"ratio"
"沖縄県","648",2000,"male"
"沖縄県","670",2000,"female"
"沖縄県","96.6",2000,"ratio"
"北海道","2719",2000,"male"
"北海道","2964",2000,"female"
"北海道","91.8",2000,"ratio"
"北海道","2715",2001,"male"
"北海道","2966",2001,"female"
"北海道","91.5",2001,"ratio"
"北海道","2708",2002,"male"
"北海道","2964",2002,"female"
"北海道","91.4",2002,"ratio"
"北海道","2700",2003,"male"
"北海道","2963",2003,"female"
"北海道","91.2",2003,"ratio"
"北海道","2691",2004,"male"
"北海道","2959",2004,"female"
"北海道","90.9",2004,"ratio"
"北海道","2675",2005,"male"
"北海道","2953",2005,"female"
"北海道","90.6",2005,"ratio"
"北海道","2661",2006,"male"
"北海道","2944",2006,"female"
"北海道","90.4",2006,"ratio"
"北海道","2644",2007,"male"
"北海道","2935",2007,"female"
"北海道","90.1",2007,"ratio"
"北海道","2626",2008,"male"
"北海道","2922",2008,"female"
"北海道","89.9",2008,"ratio"
"北海道","2612",2009,"male"
"北海道","2911",2009,"female"
"北海道","89.7",2009,"ratio"
"北海道","2603",2010,"male"
"北海道","2903",2010,"female"
"北海道","89.7",2010,"ratio"
"北海道","2593",2011,"male"
"北海道","2896",2011,"female"
"北海道","89.6",2011,"ratio"
"北海道","2580",2012,"male"
"北海道","2886",2012,"female"
"北海道","89.4",2012,"ratio"
"北海道","2565",2013,"male"
"北海道","2873",2013,"female"
"北海道","89.3",2013,"ratio"
"北海道","2551",2014,"male"
"北海道","2859",2014,"female"
"北海道","89.2",2014,"ratio"
"北海道","2537",2015,"male"
"北海道","2845",2015,"female"
"北海道","89.2",2015,"ratio"
"青森県","703",2000,"male"
"青森県","773",2000,"female"
"青森県","90.9",2000,"ratio"
"青森県","701",2001,"male"
"青森県","772",2001,"female"
"青森県","90.7",2001,"ratio"
"青森県","697",2002,"male"
"青森県","770",2002,"female"
"青森県","90.5",2002,"ratio"
"青森県","692",2003,"male"
"青森県","767",2003,"female"
"青森県","90.3",2003,"ratio"
"青森県","686",2004,"male"
"青森県","762",2004,"female"
"青森県","90",2004,"ratio"
"青森県","679",2005,"male"
"青森県","758",2005,"female"
"青森県","89.6",2005,"ratio"
"青森県","672",2006,"male"
"青森県","752",2006,"female"
"青森県","89.4",2006,"ratio"
"青森県","664",2007,"male"
"青森県","745",2007,"female"
"青森県","89.2",2007,"ratio"
"青森県","657",2008,"male"
"青森県","738",2008,"female"
"青森県","89",2008,"ratio"
"青森県","651",2009,"male"
"青森県","732",2009,"female"
"青森県","88.9",2009,"ratio"
"青森県","646",2010,"male"
"青森県","727",2010,"female"
"青森県","88.9",2010,"ratio"
"青森県","641",2011,"male"
"青森県","722",2011,"female"
"青森県","88.8",2011,"ratio"
"青森県","635",2012,"male"
"青森県","716",2012,"female"
"青森県","88.7",2012,"ratio"
"青森県","628",2013,"male"
"青森県","708",2013,"female"
"青森県","88.7",2013,"ratio"
"青森県","622",2014,"male"
"青森県","701",2014,"female"
"青森県","88.6",2014,"ratio"
"青森県","615",2015,"male"
"青森県","694",2015,"female"
"青森県","88.6",2015,"ratio"
"岩手県","681",2000,"male"
"岩手県","735",2000,"female"
"岩手県","92.7",2000,"ratio"
"岩手県","680",2001,"male"
"岩手県","734",2001,"female"
"岩手県","92.6",2001,"ratio"
"岩手県","676",2002,"male"
"岩手県","731",2002,"female"
"岩手県","92.4",2002,"ratio"
"岩手県","672",2003,"male"
"岩手県","729",2003,"female"
"岩手県","92.2",2003,"ratio"
"岩手県","669",2004,"male"
"岩手県","726",2004,"female"
"岩手県","92.2",2004,"ratio"
"岩手県","664",2005,"male"
"岩手県","721",2005,"female"
"岩手県","92",2005,"ratio"
"岩手県","658",2006,"male"
"岩手県","717",2006,"female"
"岩手県","91.8",2006,"ratio"
"岩手県","652",2007,"male"
"岩手県","712",2007,"female"
"岩手県","91.6",2007,"ratio"
"岩手県","646",2008,"male"
"岩手県","706",2008,"female"
"岩手県","91.5",2008,"ratio"
"岩手県","640",2009,"male"
"岩手県","700",2009,"female"
"岩手県","91.3",2009,"ratio"
"岩手県","635",2010,"male"
"岩手県","695",2010,"female"
"岩手県","91.3",2010,"ratio"
"岩手県","628",2011,"male"
"岩手県","686",2011,"female"
"岩手県","91.5",2011,"ratio"
"岩手県","625",2012,"male"
"岩手県","680",2012,"female"
"岩手県","91.9",2012,"ratio"
"岩手県","623",2013,"male"
"岩手県","676",2013,"female"
"岩手県","92.2",2013,"ratio"
"岩手県","620",2014,"male"
"岩手県","670",2014,"female"
"岩手県","92.4",2014,"ratio"
"岩手県","616",2015,"male"
"岩手県","664",2015,"female"
"岩手県","92.7",2015,"ratio"
"宮城県","1159",2000,"male"
"宮城県","1207",2000,"female"
"宮城県","96",2000,"ratio"
"宮城県","1159",2001,"male"
"宮城県","1210",2001,"female"
"宮城県","95.8",2001,"ratio"
"宮城県","1157",2002,"male"
"宮城県","1211",2002,"female"
"宮城県","95.5",2002,"ratio"
"宮城県","1156",2003,"male"
"宮城県","1213",2003,"female"
"宮城県","95.3",2003,"ratio"
"宮城県","1154",2004,"male"
"宮城県","1213",2004,"female"
"宮城県","95.1",2004,"ratio"
"宮城県","1149",2005,"male"
"宮城県","1211",2005,"female"
"宮城県","94.9",2005,"ratio"
"宮城県","1147",2006,"male"
"宮城県","1211",2006,"female"
"宮城県","94.7",2006,"ratio"
"宮城県","1144",2007,"male"
"宮城県","1210",2007,"female"
"宮城県","94.5",2007,"ratio"
"宮城県","1140",2008,"male"
"宮城県","1209",2008,"female"
"宮城県","94.3",2008,"ratio"
"宮城県","1139",2009,"male"
"宮城県","1208",2009,"female"
"宮城県","94.3",2009,"ratio"
"宮城県","1140",2010,"male"
"宮城県","1209",2010,"female"
"宮城県","94.3",2010,"ratio"
"宮城県","1130",2011,"male"
"宮城県","1196",2011,"female"
"宮城県","94.5",2011,"ratio"
"宮城県","1134",2012,"male"
"宮城県","1195",2012,"female"
"宮城県","94.9",2012,"ratio"
"宮城県","1138",2013,"male"
"宮城県","1196",2013,"female"
"宮城県","95.1",2013,"ratio"
"宮城県","1140",2014,"male"
"宮城県","1195",2014,"female"
"宮城県","95.3",2014,"ratio"
"宮城県","1140",2015,"male"
"宮城県","1194",2015,"female"
"宮城県","95.5",2015,"ratio"
"秋田県","565",2000,"male"
"秋田県","625",2000,"female"
"秋田県","90.4",2000,"ratio"
"秋田県","561",2001,"male"
"秋田県","622",2001,"female"
"秋田県","90.3",2001,"ratio"
"秋田県","557",2002,"male"
"秋田県","618",2002,"female"
"秋田県","90",2002,"ratio"
"秋田県","551",2003,"male"
"秋田県","614",2003,"female"
"秋田県","89.8",2003,"ratio"
"秋田県","546",2004,"male"
"秋田県","610",2004,"female"
"秋田県","89.6",2004,"ratio"
"秋田県","541",2005,"male"
"秋田県","605",2005,"female"
"秋田県","89.4",2005,"ratio"
"秋田県","535",2006,"male"
"秋田県","599",2006,"female"
"秋田県","89.2",2006,"ratio"
"秋田県","528",2007,"male"
"秋田県","593",2007,"female"
"秋田県","89",2007,"ratio"
"秋田県","521",2008,"male"
"秋田県","587",2008,"female"
"秋田県","88.8",2008,"ratio"
"秋田県","515",2009,"male"
"秋田県","581",2009,"female"
"秋田県","88.6",2009,"ratio"
"秋田県","510",2010,"male"
"秋田県","576",2010,"female"
"秋田県","88.5",2010,"ratio"
"秋田県","505",2011,"male"
"秋田県","570",2011,"female"
"秋田県","88.5",2011,"ratio"
"秋田県","499",2012,"male"
"秋田県","564",2012,"female"
"秋田県","88.4",2012,"ratio"
"秋田県","493",2013,"male"
"秋田県","557",2013,"female"
"秋田県","88.4",2013,"ratio"
"秋田県","487",2014,"male"
"秋田県","550",2014,"female"
"秋田県","88.4",2014,"ratio"
"秋田県","480",2015,"male"
"秋田県","543",2015,"female"
"秋田県","88.5",2015,"ratio"
"山形県","601",2000,"male"
"山形県","643",2000,"female"
"山形県","93.6",2000,"ratio"
"山形県","599",2001,"male"
"山形県","642",2001,"female"
"山形県","93.4",2001,"ratio"
"山形県","596",2002,"male"
"山形県","640",2002,"female"
"山形県","93.2",2002,"ratio"
"山形県","593",2003,"male"
"山形県","637",2003,"female"
"山形県","93",2003,"ratio"
"山形県","589",2004,"male"
"山形県","635",2004,"female"
"山形県","92.8",2004,"ratio"
"山形県","585",2005,"male"
"山形県","631",2005,"female"
"山形県","92.7",2005,"ratio"
"山形県","580",2006,"male"
"山形県","627",2006,"female"
"山形県","92.5",2006,"ratio"
"山形県","575",2007,"male"
"山形県","623",2007,"female"
"山形県","92.4",2007,"ratio"
"山形県","570",2008,"male"
"山形県","618",2008,"female"
"山形県","92.3",2008,"ratio"
"山形県","565",2009,"male"
"山形県","613",2009,"female"
"山形県","92.2",2009,"ratio"
"山形県","561",2010,"male"
"山形県","608",2010,"female"
"山形県","92.2",2010,"ratio"
"山形県","558",2011,"male"
"山形県","604",2011,"female"
"山形県","92.3",2011,"ratio"
"山形県","554",2012,"male"
"山形県","600",2012,"female"
"山形県","92.3",2012,"ratio"
"山形県","549",2013,"male"
"山形県","595",2013,"female"
"山形県","92.4",2013,"ratio"
"山形県","545",2014,"male"
"山形県","589",2014,"female"
"山形県","92.4",2014,"ratio"
"山形県","540",2015,"male"
"山形県","584",2015,"female"
"山形県","92.6",2015,"ratio"
"福島県","1038",2000,"male"
"福島県","1089",2000,"female"
"福島県","95.3",2000,"ratio"
"福島県","1036",2001,"male"
"福島県","1088",2001,"female"
"福島県","95.2",2001,"ratio"
"福島県","1032",2002,"male"
"福島県","1086",2002,"female"
"福島県","95.1",2002,"ratio"
"福島県","1028",2003,"male"
"福島県","1082",2003,"female"
"福島県","95",2003,"ratio"
"福島県","1023",2004,"male"
"福島県","1079",2004,"female"
"福島県","94.8",2004,"ratio"
"福島県","1017",2005,"male"
"福島県","1075",2005,"female"
"福島県","94.6",2005,"ratio"
"福島県","1011",2006,"male"
"福島県","1069",2006,"female"
"福島県","94.5",2006,"ratio"
"福島県","1004",2007,"male"
"福島県","1063",2007,"female"
"福島県","94.4",2007,"ratio"
"福島県","997",2008,"male"
"福島県","1057",2008,"female"
"福島県","94.4",2008,"ratio"
"福島県","990",2009,"male"
"福島県","1051",2009,"female"
"福島県","94.2",2009,"ratio"
"福島県","985",2010,"male"
"福島県","1044",2010,"female"
"福島県","94.3",2010,"ratio"
"福島県","968",2011,"male"
"福島県","1020",2011,"female"
"福島県","94.9",2011,"ratio"
"福島県","956",2012,"male"
"福島県","1001",2012,"female"
"福島県","95.5",2012,"ratio"
"福島県","951",2013,"male"
"福島県","989",2013,"female"
"福島県","96.1",2013,"ratio"
"福島県","948",2014,"male"
"福島県","979",2014,"female"
"福島県","96.9",2014,"ratio"
"福島県","946",2015,"male"
"福島県","968",2015,"female"
"福島県","97.7",2015,"ratio"
"茨城県","1488",2000,"male"
"茨城県","1497",2000,"female"
"茨城県","99.4",2000,"ratio"
"茨城県","1490",2001,"male"
"茨城県","1500",2001,"female"
"茨城県","99.3",2001,"ratio"
"茨城県","1486",2002,"male"
"茨城県","1500",2002,"female"
"茨城県","99.1",2002,"ratio"
"茨城県","1486",2003,"male"
"茨城県","1500",2003,"female"
"茨城県","99",2003,"ratio"
"茨城県","1483",2004,"male"
"茨城県","1499",2004,"female"
"茨城県","99",2004,"ratio"
"茨城県","1480",2005,"male"
"茨城県","1495",2005,"female"
"茨城県","99",2005,"ratio"
"茨城県","1480",2006,"male"
"茨城県","1494",2006,"female"
"茨城県","99.1",2006,"ratio"
"茨城県","1480",2007,"male"
"茨城県","1493",2007,"female"
"茨城県","99.1",2007,"ratio"
"茨城県","1479",2008,"male"
"茨城県","1492",2008,"female"
"茨城県","99.2",2008,"ratio"
"茨城県","1479",2009,"male"
"茨城県","1490",2009,"female"
"茨城県","99.2",2009,"ratio"
"茨城県","1480",2010,"male"
"茨城県","1490",2010,"female"
"茨城県","99.3",2010,"ratio"
"茨城県","1475",2011,"male"
"茨城県","1485",2011,"female"
"茨城県","99.4",2011,"ratio"
"茨城県","1469",2012,"male"
"茨城県","1478",2012,"female"
"茨城県","99.4",2012,"ratio"
"茨城県","1464",2013,"male"
"茨城県","1474",2013,"female"
"茨城県","99.3",2013,"ratio"
"茨城県","1458",2014,"male"
"茨城県","1469",2014,"female"
"茨城県","99.3",2014,"ratio"
"茨城県","1454",2015,"male"
"茨城県","1463",2015,"female"
"茨城県","99.3",2015,"ratio"
"栃木県","996",2000,"male"
"栃木県","1009",2000,"female"
"栃木県","98.7",2000,"ratio"
"栃木県","999",2001,"male"
"栃木県","1012",2001,"female"
"栃木県","98.7",2001,"ratio"
"栃木県","999",2002,"male"
"栃木県","1013",2002,"female"
"栃木県","98.7",2002,"ratio"
"栃木県","1000",2003,"male"
"栃木県","1014",2003,"female"
"栃木県","98.7",2003,"ratio"
"栃木県","1001",2004,"male"
"栃木県","1015",2004,"female"
"栃木県","98.7",2004,"ratio"
"栃木県","1002",2005,"male"
"栃木県","1015",2005,"female"
"栃木県","98.8",2005,"ratio"
"栃木県","1002",2006,"male"
"栃木県","1015",2006,"female"
"栃木県","98.7",2006,"ratio"
"栃木県","1002",2007,"male"
"栃木県","1014",2007,"female"
"栃木県","98.8",2007,"ratio"
"栃木県","1001",2008,"male"
"栃木県","1014",2008,"female"
"栃木県","98.8",2008,"ratio"
"栃木県","999",2009,"male"
"栃木県","1012",2009,"female"
"栃木県","98.7",2009,"ratio"
"栃木県","997",2010,"male"
"栃木県","1011",2010,"female"
"栃木県","98.6",2010,"ratio"
"栃木県","993",2011,"male"
"栃木県","1007",2011,"female"
"栃木県","98.7",2011,"ratio"
"栃木県","989",2012,"male"
"栃木県","1003",2012,"female"
"栃木県","98.7",2012,"ratio"
"栃木県","986",2013,"male"
"栃木県","1000",2013,"female"
"栃木県","98.7",2013,"ratio"
"栃木県","984",2014,"male"
"栃木県","996",2014,"female"
"栃木県","98.8",2014,"ratio"
"栃木県","982",2015,"male"
"栃木県","993",2015,"female"
"栃木県","98.9",2015,"ratio"
"群馬県","999",2000,"male"
"群馬県","1026",2000,"female"
"群馬県","97.4",2000,"ratio"
"群馬県","1001",2001,"male"
"群馬県","1028",2001,"female"
"群馬県","97.3",2001,"ratio"
"群馬県","1000",2002,"male"
"群馬県","1030",2002,"female"
"群馬県","97.1",2002,"ratio"
"群馬県","1000",2003,"male"
"群馬県","1030",2003,"female"
"群馬県","97",2003,"ratio"
"群馬県","998",2004,"male"
"群馬県","1029",2004,"female"
"群馬県","97",2004,"ratio"
"群馬県","996",2005,"male"
"群馬県","1028",2005,"female"
"群馬県","96.9",2005,"ratio"
"群馬県","996",2006,"male"
"群馬県","1026",2006,"female"
"群馬県","97",2006,"ratio"
"群馬県","994",2007,"male"
"群馬県","1025",2007,"female"
"群馬県","97",2007,"ratio"
"群馬県","993",2008,"male"
"群馬県","1024",2008,"female"
"群馬県","97",2008,"ratio"
"群馬県","991",2009,"male"
"群馬県","1023",2009,"female"
"群馬県","96.9",2009,"ratio"
"群馬県","988",2010,"male"
"群馬県","1020",2010,"female"
"群馬県","96.9",2010,"ratio"
"群馬県","985",2011,"male"
"群馬県","1016",2011,"female"
"群馬県","96.9",2011,"ratio"
"群馬県","982",2012,"male"
"群馬県","1012",2012,"female"
"群馬県","97",2012,"ratio"
"群馬県","978",2013,"male"
"群馬県","1008",2013,"female"
"群馬県","97",2013,"ratio"
"群馬県","975",2014,"male"
"群馬県","1004",2014,"female"
"群馬県","97.1",2014,"ratio"
"群馬県","973",2015,"male"
"群馬県","1000",2015,"female"
"群馬県","97.3",2015,"ratio"
"埼玉県","3500",2000,"male"
"埼玉県","3438",2000,"female"
"埼玉県","101.8",2000,"ratio"
"埼玉県","3520",2001,"male"
"埼玉県","3457",2001,"female"
"埼玉県","101.8",2001,"ratio"
"埼玉県","3530",2002,"male"
"埼玉県","3471",2002,"female"
"埼玉県","101.7",2002,"ratio"
"埼玉県","3544",2003,"male"
"埼玉県","3484",2003,"female"
"埼玉県","101.7",2003,"ratio"
"埼玉県","3551",2004,"male"
"埼玉県","3495",2004,"female"
"埼玉県","101.6",2004,"ratio"
"埼玉県","3555",2005,"male"
"埼玉県","3499",2005,"female"
"埼玉県","101.6",2005,"ratio"
"埼玉県","3564",2006,"male"
"埼玉県","3515",2006,"female"
"埼玉県","101.4",2006,"ratio"
"埼玉県","3576",2007,"male"
"埼玉県","3530",2007,"female"
"埼玉県","101.3",2007,"ratio"
"埼玉県","3588",2008,"male"
"埼玉県","3549",2008,"female"
"埼玉県","101.1",2008,"ratio"
"埼玉県","3597",2009,"male"
"埼玉県","3565",2009,"female"
"埼玉県","100.9",2009,"ratio"
"埼玉県","3609",2010,"male"
"埼玉県","3586",2010,"female"
"埼玉県","100.6",2010,"ratio"
"埼玉県","3612",2011,"male"
"埼玉県","3597",2011,"female"
"埼玉県","100.4",2011,"ratio"
"埼玉県","3612",2012,"male"
"埼玉県","3604",2012,"female"
"埼玉県","100.2",2012,"ratio"
"埼玉県","3614",2013,"male"
"埼玉県","3614",2013,"female"
"埼玉県","100",2013,"ratio"
"埼玉県","3621",2014,"male"
"埼玉県","3626",2014,"female"
"埼玉県","99.9",2014,"ratio"
"埼玉県","3628",2015,"male"
"埼玉県","3638",2015,"female"
"埼玉県","99.7",2015,"ratio"
"千葉県","2977",2000,"male"
"千葉県","2949",2000,"female"
"千葉県","100.9",2000,"ratio"
"千葉県","2997",2001,"male"
"千葉県","2973",2001,"female"
"千葉県","100.8",2001,"ratio"
"千葉県","3008",2002,"male"
"千葉県","2990",2002,"female"
"千葉県","100.6",2002,"ratio"
"千葉県","3021",2003,"male"
"千葉県","3009",2003,"female"
"千葉県","100.4",2003,"ratio"
"千葉県","3027",2004,"male"
"千葉県","3020",2004,"female"
"千葉県","100.2",2004,"ratio"
"千葉県","3029",2005,"male"
"千葉県","3027",2005,"female"
"千葉県","100.1",2005,"ratio"
"千葉県","3041",2006,"male"
"千葉県","3043",2006,"female"
"千葉県","99.9",2006,"ratio"
"千葉県","3056",2007,"male"
"千葉県","3063",2007,"female"
"千葉県","99.8",2007,"ratio"
"千葉県","3071",2008,"male"
"千葉県","3082",2008,"female"
"千葉県","99.7",2008,"ratio"
"千葉県","3083",2009,"male"
"千葉県","3097",2009,"female"
"千葉県","99.6",2009,"ratio"
"千葉県","3098",2010,"male"
"千葉県","3118",2010,"female"
"千葉県","99.4",2010,"ratio"
"千葉県","3097",2011,"male"
"千葉県","3120",2011,"female"
"千葉県","99.3",2011,"ratio"
"千葉県","3087",2012,"male"
"千葉県","3113",2012,"female"
"千葉県","99.1",2012,"ratio"
"千葉県","3085",2013,"male"
"千葉県","3116",2013,"female"
"千葉県","99",2013,"ratio"
"千葉県","3089",2014,"male"
"千葉県","3119",2014,"female"
"千葉県","99",2014,"ratio"
"千葉県","3096",2015,"male"
"千葉県","3127",2015,"female"
"千葉県","99",2015,"ratio"
"東京都","6029",2000,"male"
"東京都","6036",2000,"female"
"東京都","99.9",2000,"ratio"
"東京都","6066",2001,"male"
"東京都","6098",2001,"female"
"東京都","99.5",2001,"ratio"
"東京都","6116",2002,"male"
"東京都","6155",2002,"female"
"東京都","99.4",2002,"ratio"
"東京都","6173",2003,"male"
"東京都","6216",2003,"female"
"東京都","99.3",2003,"ratio"
"東京都","6218",2004,"male"
"東京都","6265",2004,"female"
"東京都","99.2",2004,"ratio"
"東京都","6265",2005,"male"
"東京都","6312",2005,"female"
"東京都","99.3",2005,"ratio"
"東京都","6322",2006,"male"
"東京都","6382",2006,"female"
"東京都","99.1",2006,"ratio"
"東京都","6388",2007,"male"
"東京都","6461",2007,"female"
"東京都","98.9",2007,"ratio"
"東京都","6444",2008,"male"
"東京都","6529",2008,"female"
"東京都","98.7",2008,"ratio"
"東京都","6471",2009,"male"
"東京都","6577",2009,"female"
"東京都","98.4",2009,"ratio"
"東京都","6512",2010,"male"
"東京都","6647",2010,"female"
"東京都","98",2010,"ratio"
"東京都","6524",2011,"male"
"東京都","6674",2011,"female"
"東京都","97.8",2011,"ratio"
"東京都","6538",2012,"male"
"東京都","6697",2012,"female"
"東京都","97.6",2012,"ratio"
"東京都","6569",2013,"male"
"東京都","6738",2013,"female"
"東京都","97.5",2013,"ratio"
"東京都","6612",2014,"male"
"東京都","6788",2014,"female"
"東京都","97.4",2014,"ratio"
"東京都","6667",2015,"male"
"東京都","6849",2015,"female"
"東京都","97.3",2015,"ratio"
"神奈川県","4309",2000,"male"
"神奈川県","4181",2000,"female"
"神奈川県","103.1",2000,"ratio"
"神奈川県","4349",2001,"male"
"神奈川県","4226",2001,"female"
"神奈川県","102.9",2001,"ratio"
"神奈川県","4375",2002,"male"
"神奈川県","4261",2002,"female"
"神奈川県","102.7",2002,"ratio"
"神奈川県","4405",2003,"male"
"神奈川県","4296",2003,"female"
"神奈川県","102.5",2003,"ratio"
"神奈川県","4426",2004,"male"
"神奈川県","4326",2004,"female"
"神奈川県","102.3",2004,"ratio"
"神奈川県","4445",2005,"male"
"神奈川県","4347",2005,"female"
"神奈川県","102.2",2005,"ratio"
"神奈川県","4467",2006,"male"
"神奈川県","4379",2006,"female"
"神奈川県","102",2006,"ratio"
"神奈川県","4497",2007,"male"
"神奈川県","4415",2007,"female"
"神奈川県","101.9",2007,"ratio"
"神奈川県","4519",2008,"male"
"神奈川県","4446",2008,"female"
"神奈川県","101.7",2008,"ratio"
"神奈川県","4533",2009,"male"
"神奈川県","4473",2009,"female"
"神奈川県","101.3",2009,"ratio"
"神奈川県","4545",2010,"male"
"神奈川県","4504",2010,"female"
"神奈川県","100.9",2010,"ratio"
"神奈川県","4544",2011,"male"
"神奈川県","4516",2011,"female"
"神奈川県","100.6",2011,"ratio"
"神奈川県","4544",2012,"male"
"神奈川県","4526",2012,"female"
"神奈川県","100.4",2012,"ratio"
"神奈川県","4546",2013,"male"
"神奈川県","4538",2013,"female"
"神奈川県","100.2",2013,"ratio"
"神奈川県","4551",2014,"male"
"神奈川県","4552",2014,"female"
"神奈川県","100",2014,"ratio"
"神奈川県","4559",2015,"male"
"神奈川県","4567",2015,"female"
"神奈川県","99.8",2015,"ratio"
"新潟県","1202",2000,"male"
"新潟県","1274",2000,"female"
"新潟県","94.4",2000,"ratio"
"新潟県","1199",2001,"male"
"新潟県","1272",2001,"female"
"新潟県","94.3",2001,"ratio"
"新潟県","1194",2002,"male"
"新潟県","1268",2002,"female"
"新潟県","94.1",2002,"ratio"
"新潟県","1189",2003,"male"
"新潟県","1265",2003,"female"
"新潟県","94",2003,"ratio"
"新潟県","1184",2004,"male"
"新潟県","1261",2004,"female"
"新潟県","93.9",2004,"ratio"
"新潟県","1177",2005,"male"
"新潟県","1255",2005,"female"
"新潟県","93.8",2005,"ratio"
"新潟県","1171",2006,"male"
"新潟県","1249",2006,"female"
"新潟県","93.8",2006,"ratio"
"新潟県","1165",2007,"male"
"新潟県","1243",2007,"female"
"新潟県","93.7",2007,"ratio"
"新潟県","1159",2008,"male"
"新潟県","1237",2008,"female"
"新潟県","93.6",2008,"ratio"
"新潟県","1153",2009,"male"
"新潟県","1232",2009,"female"
"新潟県","93.6",2009,"ratio"
"新潟県","1148",2010,"male"
"新潟県","1226",2010,"female"
"新潟県","93.6",2010,"ratio"
"新潟県","1143",2011,"male"
"新潟県","1221",2011,"female"
"新潟県","93.7",2011,"ratio"
"新潟県","1137",2012,"male"
"新潟県","1214",2012,"female"
"新潟県","93.7",2012,"ratio"
"新潟県","1130",2013,"male"
"新潟県","1206",2013,"female"
"新潟県","93.7",2013,"ratio"
"新潟県","1123",2014,"male"
"新潟県","1198",2014,"female"
"新潟県","93.7",2014,"ratio"
"新潟県","1115",2015,"male"
"新潟県","1189",2015,"female"
"新潟県","93.8",2015,"ratio"
"富山県","540",2000,"male"
"富山県","581",2000,"female"
"富山県","93",2000,"ratio"
"富山県","540",2001,"male"
"富山県","580",2001,"female"
"富山県","93.1",2001,"ratio"
"富山県","539",2002,"male"
"富山県","579",2002,"female"
"富山県","93",2002,"ratio"
"富山県","538",2003,"male"
"富山県","578",2003,"female"
"富山県","92.9",2003,"ratio"
"富山県","537",2004,"male"
"富山県","578",2004,"female"
"富山県","92.9",2004,"ratio"
"富山県","536",2005,"male"
"富山県","576",2005,"female"
"富山県","93",2005,"ratio"
"富山県","535",2006,"male"
"富山県","575",2006,"female"
"富山県","93.1",2006,"ratio"
"富山県","534",2007,"male"
"富山県","573",2007,"female"
"富山県","93.1",2007,"ratio"
"富山県","532",2008,"male"
"富山県","571",2008,"female"
"富山県","93",2008,"ratio"
"富山県","529",2009,"male"
"富山県","569",2009,"female"
"富山県","92.9",2009,"ratio"
"富山県","527",2010,"male"
"富山県","567",2010,"female"
"富山県","92.9",2010,"ratio"
"富山県","525",2011,"male"
"富山県","564",2011,"female"
"富山県","93.1",2011,"ratio"
"富山県","523",2012,"male"
"富山県","561",2012,"female"
"富山県","93.2",2012,"ratio"
"富山県","520",2013,"male"
"富山県","558",2013,"female"
"富山県","93.3",2013,"ratio"
"富山県","517",2014,"male"
"富山県","554",2014,"female"
"富山県","93.3",2014,"ratio"
"富山県","515",2015,"male"
"富山県","551",2015,"female"
"富山県","93.5",2015,"ratio"
"石川県","572",2000,"male"
"石川県","609",2000,"female"
"石川県","94",2000,"ratio"
"石川県","572",2001,"male"
"石川県","610",2001,"female"
"石川県","93.9",2001,"ratio"
"石川県","571",2002,"male"
"石川県","609",2002,"female"
"石川県","93.7",2002,"ratio"
"石川県","570",2003,"male"
"石川県","609",2003,"female"
"石川県","93.6",2003,"ratio"
"石川県","569",2004,"male"
"石川県","608",2004,"female"
"石川県","93.6",2004,"ratio"
"石川県","567",2005,"male"
"石川県","607",2005,"female"
"石川県","93.4",2005,"ratio"
"石川県","566",2006,"male"
"石川県","607",2006,"female"
"石川県","93.4",2006,"ratio"
"石川県","566",2007,"male"
"石川県","606",2007,"female"
"石川県","93.4",2007,"ratio"
"石川県","566",2008,"male"
"石川県","606",2008,"female"
"石川県","93.4",2008,"ratio"
"石川県","565",2009,"male"
"石川県","605",2009,"female"
"石川県","93.4",2009,"ratio"
"石川県","565",2010,"male"
"石川県","605",2010,"female"
"石川県","93.4",2010,"ratio"
"石川県","564",2011,"male"
"石川県","603",2011,"female"
"石川県","93.4",2011,"ratio"
"石川県","562",2012,"male"
"石川県","601",2012,"female"
"石川県","93.5",2012,"ratio"
"石川県","561",2013,"male"
"石川県","599",2013,"female"
"石川県","93.7",2013,"ratio"
"石川県","560",2014,"male"
"石川県","597",2014,"female"
"石川県","93.7",2014,"ratio"
"石川県","559",2015,"male"
"石川県","595",2015,"female"
"石川県","93.8",2015,"ratio"
"福井県","402",2000,"male"
"福井県","427",2000,"female"
"福井県","94.3",2000,"ratio"
"福井県","402",2001,"male"
"福井県","427",2001,"female"
"福井県","94.2",2001,"ratio"
"福井県","401",2002,"male"
"福井県","427",2002,"female"
"福井県","94",2002,"ratio"
"福井県","400",2003,"male"
"福井県","426",2003,"female"
"福井県","93.9",2003,"ratio"
"福井県","399",2004,"male"
"福井県","425",2004,"female"
"福井県","93.8",2004,"ratio"
"福井県","397",2005,"male"
"福井県","424",2005,"female"
"福井県","93.6",2005,"ratio"
"福井県","396",2006,"male"
"福井県","423",2006,"female"
"福井県","93.7",2006,"ratio"
"福井県","395",2007,"male"
"福井県","422",2007,"female"
"福井県","93.6",2007,"ratio"
"福井県","394",2008,"male"
"福井県","420",2008,"female"
"福井県","93.7",2008,"ratio"
"福井県","391",2009,"male"
"福井県","418",2009,"female"
"福井県","93.5",2009,"ratio"
"福井県","390",2010,"male"
"福井県","417",2010,"female"
"福井県","93.5",2010,"ratio"
"福井県","389",2011,"male"
"福井県","415",2011,"female"
"福井県","93.7",2011,"ratio"
"福井県","387",2012,"male"
"福井県","412",2012,"female"
"福井県","93.8",2012,"ratio"
"福井県","385",2013,"male"
"福井県","410",2013,"female"
"福井県","93.9",2013,"ratio"
"福井県","383",2014,"male"
"福井県","408",2014,"female"
"福井県","94",2014,"ratio"
"福井県","381",2015,"male"
"福井県","405",2015,"female"
"福井県","94.1",2015,"ratio"
"山梨県","437",2000,"male"
"山梨県","451",2000,"female"
"山梨県","96.8",2000,"ratio"
"山梨県","438",2001,"male"
"山梨県","452",2001,"female"
"山梨県","96.7",2001,"ratio"
"山梨県","437",2002,"male"
"山梨県","453",2002,"female"
"山梨県","96.4",2002,"ratio"
"山梨県","436",2003,"male"
"山梨県","452",2003,"female"
"山梨県","96.3",2003,"ratio"
"山梨県","434",2004,"male"
"山梨県","452",2004,"female"
"山梨県","96.1",2004,"ratio"
"山梨県","434",2005,"male"
"山梨県","451",2005,"female"
"山梨県","96.1",2005,"ratio"
"山梨県","431",2006,"male"
"山梨県","449",2006,"female"
"山梨県","96.1",2006,"ratio"
"山梨県","430",2007,"male"
"山梨県","447",2007,"female"
"山梨県","96.1",2007,"ratio"
"山梨県","426",2008,"male"
"山梨県","445",2008,"female"
"山梨県","95.9",2008,"ratio"
"山梨県","424",2009,"male"
"山梨県","443",2009,"female"
"山梨県","95.9",2009,"ratio"
"山梨県","423",2010,"male"
"山梨県","441",2010,"female"
"山梨県","95.9",2010,"ratio"
"山梨県","420",2011,"male"
"山梨県","438",2011,"female"
"山梨県","95.9",2011,"ratio"
"山梨県","417",2012,"male"
"山梨県","435",2012,"female"
"山梨県","95.8",2012,"ratio"
"山梨県","414",2013,"male"
"山梨県","433",2013,"female"
"山梨県","95.7",2013,"ratio"
"山梨県","411",2014,"male"
"山梨県","430",2014,"female"
"山梨県","95.7",2014,"ratio"
"山梨県","408",2015,"male"
"山梨県","427",2015,"female"
"山梨県","95.7",2015,"ratio"
"長野県","1081",2000,"male"
"長野県","1134",2000,"female"
"長野県","95.3",2000,"ratio"
"長野県","1085",2001,"male"
"長野県","1137",2001,"female"
"長野県","95.4",2001,"ratio"
"長野県","1080",2002,"male"
"長野県","1135",2002,"female"
"長野県","95.1",2002,"ratio"
"長野県","1077",2003,"male"
"長野県","1134",2003,"female"
"長野県","95",2003,"ratio"
"長野県","1074",2004,"male"
"長野県","1132",2004,"female"
"長野県","94.8",2004,"ratio"
"長野県","1068",2005,"male"
"長野県","1128",2005,"female"
"長野県","94.7",2005,"ratio"
"長野県","1065",2006,"male"
"長野県","1124",2006,"female"
"長野県","94.7",2006,"ratio"
"長野県","1061",2007,"male"
"長野県","1121",2007,"female"
"長野県","94.7",2007,"ratio"
"長野県","1056",2008,"male"
"長野県","1116",2008,"female"
"長野県","94.6",2008,"ratio"
"長野県","1051",2009,"male"
"長野県","1111",2009,"female"
"長野県","94.5",2009,"ratio"
"長野県","1046",2010,"male"
"長野県","1106",2010,"female"
"長野県","94.6",2010,"ratio"
"長野県","1042",2011,"male"
"長野県","1101",2011,"female"
"長野県","94.7",2011,"ratio"
"長野県","1037",2012,"male"
"長野県","1095",2012,"female"
"長野県","94.7",2012,"ratio"
"長野県","1033",2013,"male"
"長野県","1090",2013,"female"
"長野県","94.7",2013,"ratio"
"長野県","1027",2014,"male"
"長野県","1083",2014,"female"
"長野県","94.8",2014,"ratio"
"長野県","1022",2015,"male"
"長野県","1077",2015,"female"
"長野県","94.9",2015,"ratio"
"岐阜県","1022",2000,"male"
"岐阜県","1086",2000,"female"
"岐阜県","94.2",2000,"ratio"
"岐阜県","1024",2001,"male"
"岐阜県","1087",2001,"female"
"岐阜県","94.2",2001,"ratio"
"岐阜県","1023",2002,"male"
"岐阜県","1087",2002,"female"
"岐阜県","94.1",2002,"ratio"
"岐阜県","1023",2003,"male"
"岐阜県","1087",2003,"female"
"岐阜県","94",2003,"ratio"
"岐阜県","1021",2004,"male"
"岐阜県","1087",2004,"female"
"岐阜県","94",2004,"ratio"
"岐阜県","1021",2005,"male"
"岐阜県","1087",2005,"female"
"岐阜県","93.9",2005,"ratio"
"岐阜県","1019",2006,"male"
"岐阜県","1086",2006,"female"
"岐阜県","93.9",2006,"ratio"
"岐阜県","1018",2007,"male"
"岐阜県","1085",2007,"female"
"岐阜県","93.8",2007,"ratio"
"岐阜県","1017",2008,"male"
"岐阜県","1083",2008,"female"
"岐阜県","93.8",2008,"ratio"
"岐阜県","1012",2009,"male"
"岐阜県","1079",2009,"female"
"岐阜県","93.7",2009,"ratio"
"岐阜県","1006",2010,"male"
"岐阜県","1075",2010,"female"
"岐阜県","93.6",2010,"ratio"
"岐阜県","1003",2011,"male"
"岐阜県","1069",2011,"female"
"岐阜県","93.8",2011,"ratio"
"岐阜県","998",2012,"male"
"岐阜県","1064",2012,"female"
"岐阜県","93.8",2012,"ratio"
"岐阜県","994",2013,"male"
"岐阜県","1059",2013,"female"
"岐阜県","93.8",2013,"ratio"
"岐阜県","989",2014,"male"
"岐阜県","1054",2014,"female"
"岐阜県","93.8",2014,"ratio"
"岐阜県","984",2015,"male"
"岐阜県","1048",2015,"female"
"岐阜県","93.9",2015,"ratio"
"静岡県","1857",2000,"male"
"静岡県","1910",2000,"female"
"静岡県","97.2",2000,"ratio"
"静岡県","1863",2001,"male"
"静岡県","1917",2001,"female"
"静岡県","97.2",2001,"ratio"
"静岡県","1865",2002,"male"
"静岡県","1920",2002,"female"
"静岡県","97.1",2002,"ratio"
"静岡県","1867",2003,"male"
"静岡県","1923",2003,"female"
"静岡県","97.1",2003,"ratio"
"静岡県","1867",2004,"male"
"静岡県","1924",2004,"female"
"静岡県","97.1",2004,"ratio"
"静岡県","1868",2005,"male"
"静岡県","1924",2005,"female"
"静岡県","97.1",2005,"ratio"
"静岡県","1871",2006,"male"
"静岡県","1924",2006,"female"
"静岡県","97.3",2006,"ratio"
"静岡県","1872",2007,"male"
"静岡県","1924",2007,"female"
"静岡県","97.3",2007,"ratio"
"静岡県","1870",2008,"male"
"静岡県","1923",2008,"female"
"静岡県","97.3",2008,"ratio"
"静岡県","1864",2009,"male"
"静岡県","1919",2009,"female"
"静岡県","97.1",2009,"ratio"
"静岡県","1854",2010,"male"
"静岡県","1911",2010,"female"
"静岡県","97",2010,"ratio"
"静岡県","1847",2011,"male"
"静岡県","1904",2011,"female"
"静岡県","97",2011,"ratio"
"静岡県","1841",2012,"male"
"静岡県","1898",2012,"female"
"静岡県","97",2012,"ratio"
"静岡県","1836",2013,"male"
"静岡県","1894",2013,"female"
"静岡県","96.9",2013,"ratio"
"静岡県","1828",2014,"male"
"静岡県","1886",2014,"female"
"静岡県","96.9",2014,"ratio"
"静岡県","1821",2015,"male"
"静岡県","1879",2015,"female"
"静岡県","96.9",2015,"ratio"
"愛知県","3526",2000,"male"
"愛知県","3518",2000,"female"
"愛知県","100.2",2000,"ratio"
"愛知県","3551",2001,"male"
"愛知県","3540",2001,"female"
"愛知県","100.3",2001,"ratio"
"愛知県","3569",2002,"male"
"愛知県","3563",2002,"female"
"愛知県","100.2",2002,"ratio"
"愛知県","3589",2003,"male"
"愛知県","3580",2003,"female"
"愛知県","100.3",2003,"ratio"
"愛知県","3611",2004,"male"
"愛知県","3598",2004,"female"
"愛知県","100.3",2004,"ratio"
"愛知県","3639",2005,"male"
"愛知県","3616",2005,"female"
"愛知県","100.6",2005,"ratio"
"愛知県","3666",2006,"male"
"愛知県","3641",2006,"female"
"愛知県","100.7",2006,"ratio"
"愛知県","3691",2007,"male"
"愛知県","3666",2007,"female"
"愛知県","100.7",2007,"ratio"
"愛知県","3711",2008,"male"
"愛知県","3688",2008,"female"
"愛知県","100.6",2008,"ratio"
"愛知県","3712",2009,"male"
"愛知県","3700",2009,"female"
"愛知県","100.3",2009,"ratio"
"愛知県","3704",2010,"male"
"愛知県","3706",2010,"female"
"愛知県","99.9",2010,"ratio"
"愛知県","3707",2011,"male"
"愛知県","3712",2011,"female"
"愛知県","99.9",2011,"ratio"
"愛知県","3713",2012,"male"
"愛知県","3718",2012,"female"
"愛知県","99.9",2012,"ratio"
"愛知県","3722",2013,"male"
"愛知県","3727",2013,"female"
"愛知県","99.9",2013,"ratio"
"愛知県","3729",2014,"male"
"愛知県","3734",2014,"female"
"愛知県","99.9",2014,"ratio"
"愛知県","3741",2015,"male"
"愛知県","3742",2015,"female"
"愛知県","100",2015,"ratio"
"三重県","901",2000,"male"
"三重県","956",2000,"female"
"三重県","94.3",2000,"ratio"
"三重県","905",2001,"male"
"三重県","958",2001,"female"
"三重県","94.5",2001,"ratio"
"三重県","904",2002,"male"
"三重県","958",2002,"female"
"三重県","94.4",2002,"ratio"
"三重県","905",2003,"male"
"三重県","959",2003,"female"
"三重県","94.3",2003,"ratio"
"三重県","906",2004,"male"
"三重県","960",2004,"female"
"三重県","94.4",2004,"ratio"
"三重県","907",2005,"male"
"三重県","960",2005,"female"
"三重県","94.5",2005,"ratio"
"三重県","910",2006,"male"
"三重県","961",2006,"female"
"三重県","94.7",2006,"ratio"
"三重県","912",2007,"male"
"三重県","961",2007,"female"
"三重県","94.9",2007,"ratio"
"三重県","912",2008,"male"
"三重県","959",2008,"female"
"三重県","95.1",2008,"ratio"
"三重県","908",2009,"male"
"三重県","956",2009,"female"
"三重県","95",2009,"ratio"
"三重県","903",2010,"male"
"三重県","951",2010,"female"
"三重県","95",2010,"ratio"
"三重県","900",2011,"male"
"三重県","948",2011,"female"
"三重県","94.9",2011,"ratio"
"三重県","896",2012,"male"
"三重県","945",2012,"female"
"三重県","94.8",2012,"ratio"
"三重県","892",2013,"male"
"三重県","941",2013,"female"
"三重県","94.8",2013,"ratio"
"三重県","888",2014,"male"
"三重県","937",2014,"female"
"三重県","94.8",2014,"ratio"
"三重県","884",2015,"male"
"三重県","932",2015,"female"
"三重県","94.8",2015,"ratio"
"滋賀県","663",2000,"male"
"滋賀県","679",2000,"female"
"滋賀県","97.6",2000,"ratio"
"滋賀県","669",2001,"male"
"滋賀県","685",2001,"female"
"滋賀県","97.7",2001,"ratio"
"滋賀県","672",2002,"male"
"滋賀県","689",2002,"female"
"滋賀県","97.5",2002,"ratio"
"滋賀県","675",2003,"male"
"滋賀県","693",2003,"female"
"滋賀県","97.5",2003,"ratio"
"滋賀県","678",2004,"male"
"滋賀県","696",2004,"female"
"滋賀県","97.4",2004,"ratio"
"滋賀県","681",2005,"male"
"滋賀県","699",2005,"female"
"滋賀県","97.5",2005,"ratio"
"滋賀県","687",2006,"male"
"滋賀県","703",2006,"female"
"滋賀県","97.7",2006,"ratio"
"滋賀県","691",2007,"male"
"滋賀県","707",2007,"female"
"滋賀県","97.8",2007,"ratio"
"滋賀県","695",2008,"male"
"滋賀県","710",2008,"female"
"滋賀県","97.9",2008,"ratio"
"滋賀県","696",2009,"male"
"滋賀県","713",2009,"female"
"滋賀県","97.7",2009,"ratio"
"滋賀県","697",2010,"male"
"滋賀県","714",2010,"female"
"滋賀県","97.6",2010,"ratio"
"滋賀県","698",2011,"male"
"滋賀県","715",2011,"female"
"滋賀県","97.6",2011,"ratio"
"滋賀県","698",2012,"male"
"滋賀県","716",2012,"female"
"滋賀県","97.5",2012,"ratio"
"滋賀県","699",2013,"male"
"滋賀県","717",2013,"female"
"滋賀県","97.5",2013,"ratio"
"滋賀県","698",2014,"male"
"滋賀県","717",2014,"female"
"滋賀県","97.4",2014,"ratio"
"滋賀県","697",2015,"male"
"滋賀県","716",2015,"female"
"滋賀県","97.3",2015,"ratio"
"京都府","1278",2000,"male"
"京都府","1366",2000,"female"
"京都府","93.6",2000,"ratio"
"京都府","1279",2001,"male"
"京都府","1370",2001,"female"
"京都府","93.4",2001,"ratio"
"京都府","1276",2002,"male"
"京都府","1372",2002,"female"
"京都府","93.1",2002,"ratio"
"京都府","1276",2003,"male"
"京都府","1374",2003,"female"
"京都府","92.9",2003,"ratio"
"京都府","1275",2004,"male"
"京都府","1375",2004,"female"
"京都府","92.8",2004,"ratio"
"京都府","1273",2005,"male"
"京都府","1375",2005,"female"
"京都府","92.6",2005,"ratio"
"京都府","1272",2006,"male"
"京都府","1374",2006,"female"
"京都府","92.6",2006,"ratio"
"京都府","1270",2007,"male"
"京都府","1373",2007,"female"
"京都府","92.5",2007,"ratio"
"京都府","1268",2008,"male"
"京都府","1372",2008,"female"
"京都府","92.5",2008,"ratio"
"京都府","1266",2009,"male"
"京都府","1371",2009,"female"
"京都府","92.4",2009,"ratio"
"京都府","1265",2010,"male"
"京都府","1371",2010,"female"
"京都府","92.3",2010,"ratio"
"京都府","1263",2011,"male"
"京都府","1370",2011,"female"
"京都府","92.2",2011,"ratio"
"京都府","1260",2012,"male"
"京都府","1368",2012,"female"
"京都府","92.1",2012,"ratio"
"京都府","1256",2013,"male"
"京都府","1366",2013,"female"
"京都府","92",2013,"ratio"
"京都府","1252",2014,"male"
"京都府","1363",2014,"female"
"京都府","91.9",2014,"ratio"
"京都府","1249",2015,"male"
"京都府","1361",2015,"female"
"京都府","91.7",2015,"ratio"
"大阪府","4304",2000,"male"
"大阪府","4501",2000,"female"
"大阪府","95.6",2000,"ratio"
"大阪府","4305",2001,"male"
"大阪府","4515",2001,"female"
"大阪府","95.4",2001,"ratio"
"大阪府","4299",2002,"male"
"大阪府","4522",2002,"female"
"大阪府","95.1",2002,"ratio"
"大阪府","4295",2003,"male"
"大阪府","4529",2003,"female"
"大阪府","94.8",2003,"ratio"
"大阪府","4290",2004,"male"
"大阪府","4536",2004,"female"
"大阪府","94.6",2004,"ratio"
"大阪府","4281",2005,"male"
"大阪府","4537",2005,"female"
"大阪府","94.4",2005,"ratio"
"大阪府","4281",2006,"male"
"大阪府","4547",2006,"female"
"大阪府","94.2",2006,"ratio"
"大阪府","4282",2007,"male"
"大阪府","4557",2007,"female"
"大阪府","94",2007,"ratio"
"大阪府","4283",2008,"male"
"大阪府","4564",2008,"female"
"大阪府","93.8",2008,"ratio"
"大阪府","4284",2009,"male"
"大阪府","4571",2009,"female"
"大阪府","93.7",2009,"ratio"
"大阪府","4286",2010,"male"
"大阪府","4580",2010,"female"
"大阪府","93.6",2010,"ratio"
"大阪府","4281",2011,"male"
"大阪府","4582",2011,"female"
"大阪府","93.4",2011,"ratio"
"大阪府","4277",2012,"male"
"大阪府","4584",2012,"female"
"大阪府","93.3",2012,"ratio"
"大阪府","4271",2013,"male"
"大阪府","4585",2013,"female"
"大阪府","93.2",2013,"ratio"
"大阪府","4262",2014,"male"
"大阪府","4583",2014,"female"
"大阪府","93",2014,"ratio"
"大阪府","4256",2015,"male"
"大阪府","4583",2015,"female"
"大阪府","92.9",2015,"ratio"
"兵庫県","2675",2000,"male"
"兵庫県","2876",2000,"female"
"兵庫県","93",2000,"ratio"
"兵庫県","2682",2001,"male"
"兵庫県","2890",2001,"female"
"兵庫県","92.8",2001,"ratio"
"兵庫県","2682",2002,"male"
"兵庫県","2898",2002,"female"
"兵庫県","92.5",2002,"ratio"
"兵庫県","2684",2003,"male"
"兵庫県","2905",2003,"female"
"兵庫県","92.4",2003,"ratio"
"兵庫県","2683",2004,"male"
"兵庫県","2909",2004,"female"
"兵庫県","92.2",2004,"ratio"
"兵庫県","2680",2005,"male"
"兵庫県","2910",2005,"female"
"兵庫県","92.1",2005,"ratio"
"兵庫県","2679",2006,"male"
"兵庫県","2913",2006,"female"
"兵庫県","92",2006,"ratio"
"兵庫県","2679",2007,"male"
"兵庫県","2914",2007,"female"
"兵庫県","91.9",2007,"ratio"
"兵庫県","2678",2008,"male"
"兵庫県","2914",2008,"female"
"兵庫県","91.9",2008,"ratio"
"兵庫県","2677",2009,"male"
"兵庫県","2914",2009,"female"
"兵庫県","91.9",2009,"ratio"
"兵庫県","2673",2010,"male"
"兵庫県","2915",2010,"female"
"兵庫県","91.7",2010,"ratio"
"兵庫県","2670",2011,"male"
"兵庫県","2914",2011,"female"
"兵庫県","91.6",2011,"ratio"
"兵庫県","2665",2012,"male"
"兵庫県","2910",2012,"female"
"兵庫県","91.6",2012,"ratio"
"兵庫県","2659",2013,"male"
"兵庫県","2906",2013,"female"
"兵庫県","91.5",2013,"ratio"
"兵庫県","2650",2014,"male"
"兵庫県","2900",2014,"female"
"兵庫県","91.4",2014,"ratio"
"兵庫県","2642",2015,"male"
"兵庫県","2893",2015,"female"
"兵庫県","91.3",2015,"ratio"
"奈良県","691",2000,"male"
"奈良県","752",2000,"female"
"奈良県","91.9",2000,"ratio"
"奈良県","690",2001,"male"
"奈良県","752",2001,"female"
"奈良県","91.7",2001,"ratio"
"奈良県","686",2002,"male"
"奈良県","750",2002,"female"
"奈良県","91.4",2002,"ratio"
"奈良県","684",2003,"male"
"奈良県","750",2003,"female"
"奈良県","91.2",2003,"ratio"
"奈良県","681",2004,"male"
"奈良県","747",2004,"female"
"奈良県","91.1",2004,"ratio"
"奈良県","676",2005,"male"
"奈良県","745",2005,"female"
"奈良県","90.8",2005,"ratio"
"奈良県","673",2006,"male"
"奈良県","743",2006,"female"
"奈良県","90.6",2006,"ratio"
"奈良県","671",2007,"male"
"奈良県","742",2007,"female"
"奈良県","90.4",2007,"ratio"
"奈良県","668",2008,"male"
"奈良県","740",2008,"female"
"奈良県","90.3",2008,"ratio"
"奈良県","665",2009,"male"
"奈良県","738",2009,"female"
"奈良県","90.1",2009,"ratio"
"奈良県","663",2010,"male"
"奈良県","737",2010,"female"
"奈良県","90",2010,"ratio"
"奈良県","660",2011,"male"
"奈良県","735",2011,"female"
"奈良県","89.8",2011,"ratio"
"奈良県","656",2012,"male"
"奈良県","732",2012,"female"
"奈良県","89.7",2012,"ratio"
"奈良県","653",2013,"male"
"奈良県","728",2013,"female"
"奈良県","89.6",2013,"ratio"
"奈良県","648",2014,"male"
"奈良県","724",2014,"female"
"奈良県","89.5",2014,"ratio"
"奈良県","644",2015,"male"
"奈良県","720",2015,"female"
"奈良県","89.4",2015,"ratio"
"和歌山県","507",2000,"male"
"和歌山県","563",2000,"female"
"和歌山県","90",2000,"ratio"
"和歌山県","504",2001,"male"
"和歌山県","561",2001,"female"
"和歌山県","89.9",2001,"ratio"
"和歌山県","500",2002,"male"
"和歌山県","558",2002,"female"
"和歌山県","89.6",2002,"ratio"
"和歌山県","497",2003,"male"
"和歌山県","555",2003,"female"
"和歌山県","89.4",2003,"ratio"
"和歌山県","493",2004,"male"
"和歌山県","552",2004,"female"
"和歌山県","89.3",2004,"ratio"
"和歌山県","488",2005,"male"
"和歌山県","548",2005,"female"
"和歌山県","89.1",2005,"ratio"
"和歌山県","484",2006,"male"
"和歌山県","545",2006,"female"
"和歌山県","89",2006,"ratio"
"和歌山県","480",2007,"male"
"和歌山県","541",2007,"female"
"和歌山県","88.8",2007,"ratio"
"和歌山県","477",2008,"male"
"和歌山県","537",2008,"female"
"和歌山県","88.8",2008,"ratio"
"和歌山県","474",2009,"male"
"和歌山県","534",2009,"female"
"和歌山県","88.8",2009,"ratio"
"和歌山県","471",2010,"male"
"和歌山県","531",2010,"female"
"和歌山県","88.8",2010,"ratio"
"和歌山県","468",2011,"male"
"和歌山県","527",2011,"female"
"和歌山県","88.7",2011,"ratio"
"和歌山県","465",2012,"male"
"和歌山県","524",2012,"female"
"和歌山県","88.8",2012,"ratio"
"和歌山県","461",2013,"male"
"和歌山県","519",2013,"female"
"和歌山県","88.8",2013,"ratio"
"和歌山県","457",2014,"male"
"和歌山県","515",2014,"female"
"和歌山県","88.8",2014,"ratio"
"和歌山県","453",2015,"male"
"和歌山県","510",2015,"female"
"和歌山県","88.8",2015,"ratio"
"鳥取県","293",2000,"male"
"鳥取県","320",2000,"female"
"鳥取県","91.7",2000,"ratio"
"鳥取県","294",2001,"male"
"鳥取県","320",2001,"female"
"鳥取県","91.8",2001,"ratio"
"鳥取県","293",2002,"male"
"鳥取県","319",2002,"female"
"鳥取県","91.8",2002,"ratio"
"鳥取県","293",2003,"male"
"鳥取県","319",2003,"female"
"鳥取県","91.8",2003,"ratio"
"鳥取県","292",2004,"male"
"鳥取県","318",2004,"female"
"鳥取県","91.8",2004,"ratio"
"鳥取県","290",2005,"male"
"鳥取県","317",2005,"female"
"鳥取県","91.6",2005,"ratio"
"鳥取県","289",2006,"male"
"鳥取県","316",2006,"female"
"鳥取県","91.5",2006,"ratio"
"鳥取県","287",2007,"male"
"鳥取県","314",2007,"female"
"鳥取県","91.2",2007,"ratio"
"鳥取県","284",2008,"male"
"鳥取県","312",2008,"female"
"鳥取県","91.1",2008,"ratio"
"鳥取県","282",2009,"male"
"鳥取県","310",2009,"female"
"鳥取県","91.1",2009,"ratio"
"鳥取県","281",2010,"male"
"鳥取県","308",2010,"female"
"鳥取県","91.1",2010,"ratio"
"鳥取県","280",2011,"male"
"鳥取県","306",2011,"female"
"鳥取県","91.3",2011,"ratio"
"鳥取県","278",2012,"male"
"鳥取県","305",2012,"female"
"鳥取県","91.2",2012,"ratio"
"鳥取県","277",2013,"male"
"鳥取県","303",2013,"female"
"鳥取県","91.2",2013,"ratio"
"鳥取県","275",2014,"male"
"鳥取県","302",2014,"female"
"鳥取県","91.3",2014,"ratio"
"鳥取県","274",2015,"male"
"鳥取県","300",2015,"female"
"鳥取県","91.3",2015,"ratio"
"島根県","364",2000,"male"
"島根県","398",2000,"female"
"島根県","91.6",2000,"ratio"
"島根県","364",2001,"male"
"島根県","397",2001,"female"
"島根県","91.6",2001,"ratio"
"島根県","361",2002,"male"
"島根県","395",2002,"female"
"島根県","91.4",2002,"ratio"
"島根県","359",2003,"male"
"島根県","393",2003,"female"
"島根県","91.3",2003,"ratio"
"島根県","357",2004,"male"
"島根県","391",2004,"female"
"島根県","91.2",2004,"ratio"
"島根県","354",2005,"male"
"島根県","389",2005,"female"
"島根県","91",2005,"ratio"
"島根県","351",2006,"male"
"島根県","386",2006,"female"
"島根県","91",2006,"ratio"
"島根県","349",2007,"male"
"島根県","383",2007,"female"
"島根県","91.1",2007,"ratio"
"島根県","347",2008,"male"
"島根県","380",2008,"female"
"島根県","91.3",2008,"ratio"
"島根県","344",2009,"male"
"島根県","377",2009,"female"
"島根県","91.4",2009,"ratio"
"島根県","343",2010,"male"
"島根県","374",2010,"female"
"島根県","91.6",2010,"ratio"
"島根県","341",2011,"male"
"島根県","372",2011,"female"
"島根県","91.7",2011,"ratio"
"島根県","339",2012,"male"
"島根県","369",2012,"female"
"島根県","91.9",2012,"ratio"
"島根県","337",2013,"male"
"島根県","367",2013,"female"
"島根県","91.9",2013,"ratio"
"島根県","335",2014,"male"
"島根県","364",2014,"female"
"島根県","92",2014,"ratio"
"島根県","333",2015,"male"
"島根県","361",2015,"female"
"島根県","92.2",2015,"ratio"
"岡山県","936",2000,"male"
"岡山県","1015",2000,"female"
"岡山県","92.2",2000,"ratio"
"岡山県","938",2001,"male"
"岡山県","1017",2001,"female"
"岡山県","92.3",2001,"ratio"
"岡山県","938",2002,"male"
"岡山県","1018",2002,"female"
"岡山県","92.1",2002,"ratio"
"岡山県","939",2003,"male"
"岡山県","1019",2003,"female"
"岡山県","92.1",2003,"ratio"
"岡山県","939",2004,"male"
"岡山県","1019",2004,"female"
"岡山県","92.2",2004,"ratio"
"岡山県","939",2005,"male"
"岡山県","1019",2005,"female"
"岡山県","92.1",2005,"ratio"
"岡山県","939",2006,"male"
"岡山県","1018",2006,"female"
"岡山県","92.2",2006,"ratio"
"岡山県","938",2007,"male"
"岡山県","1017",2007,"female"
"岡山県","92.2",2007,"ratio"
"岡山県","937",2008,"male"
"岡山県","1016",2008,"female"
"岡山県","92.3",2008,"ratio"
"岡山県","935",2009,"male"
"岡山県","1014",2009,"female"
"岡山県","92.2",2009,"ratio"
"岡山県","933",2010,"male"
"岡山県","1012",2010,"female"
"岡山県","92.2",2010,"ratio"
"岡山県","931",2011,"male"
"岡山県","1010",2011,"female"
"岡山県","92.2",2011,"ratio"
"岡山県","929",2012,"male"
"岡山県","1008",2012,"female"
"岡山県","92.2",2012,"ratio"
"岡山県","927",2013,"male"
"岡山県","1005",2013,"female"
"岡山県","92.2",2013,"ratio"
"岡山県","924",2014,"male"
"岡山県","1002",2014,"female"
"岡山県","92.3",2014,"ratio"
"岡山県","922",2015,"male"
"岡山県","999",2015,"female"
"岡山県","92.3",2015,"ratio"
"広島県","1392",2000,"male"
"広島県","1486",2000,"female"
"広島県","93.7",2000,"ratio"
"広島県","1392",2001,"male"
"広島県","1487",2001,"female"
"広島県","93.6",2001,"ratio"
"広島県","1391",2002,"male"
"広島県","1487",2002,"female"
"広島県","93.5",2002,"ratio"
"広島県","1391",2003,"male"
"広島県","1488",2003,"female"
"広島県","93.5",2003,"ratio"
"広島県","1391",2004,"male"
"広島県","1488",2004,"female"
"広島県","93.5",2004,"ratio"
"広島県","1390",2005,"male"
"広島県","1486",2005,"female"
"広島県","93.5",2005,"ratio"
"広島県","1389",2006,"male"
"広島県","1486",2006,"female"
"広島県","93.5",2006,"ratio"
"広島県","1389",2007,"male"
"広島県","1485",2007,"female"
"広島県","93.5",2007,"ratio"
"広島県","1386",2008,"male"
"広島県","1483",2008,"female"
"広島県","93.5",2008,"ratio"
"広島県","1383",2009,"male"
"広島県","1481",2009,"female"
"広島県","93.4",2009,"ratio"
"広島県","1381",2010,"male"
"広島県","1480",2010,"female"
"広島県","93.3",2010,"ratio"
"広島県","1380",2011,"male"
"広島県","1478",2011,"female"
"広島県","93.3",2011,"ratio"
"広島県","1379",2012,"male"
"広島県","1476",2012,"female"
"広島県","93.4",2012,"ratio"
"広島県","1376",2013,"male"
"広島県","1473",2013,"female"
"広島県","93.4",2013,"ratio"
"広島県","1376",2014,"male"
"広島県","1471",2014,"female"
"広島県","93.6",2014,"ratio"
"広島県","1376",2015,"male"
"広島県","1468",2015,"female"
"広島県","93.8",2015,"ratio"
"山口県","723",2000,"male"
"山口県","805",2000,"female"
"山口県","89.7",2000,"ratio"
"山口県","720",2001,"male"
"山口県","803",2001,"female"
"山口県","89.6",2001,"ratio"
"山口県","716",2002,"male"
"山口県","800",2002,"female"
"山口県","89.5",2002,"ratio"
"山口県","713",2003,"male"
"山口県","798",2003,"female"
"山口県","89.4",2003,"ratio"
"山口県","709",2004,"male"
"山口県","793",2004,"female"
"山口県","89.3",2004,"ratio"
"山口県","704",2005,"male"
"山口県","789",2005,"female"
"山口県","89.2",2005,"ratio"
"山口県","700",2006,"male"
"山口県","785",2006,"female"
"山口県","89.2",2006,"ratio"
"山口県","695",2007,"male"
"山口県","780",2007,"female"
"山口県","89.1",2007,"ratio"
"山口県","691",2008,"male"
"山口県","775",2008,"female"
"山口県","89.1",2008,"ratio"
"山口県","688",2009,"male"
"山口県","771",2009,"female"
"山口県","89.2",2009,"ratio"
"山口県","684",2010,"male"
"山口県","767",2010,"female"
"山口県","89.2",2010,"ratio"
"山口県","681",2011,"male"
"山口県","763",2011,"female"
"山口県","89.3",2011,"ratio"
"山口県","677",2012,"male"
"山口県","757",2012,"female"
"山口県","89.4",2012,"ratio"
"山口県","673",2013,"male"
"山口県","752",2013,"female"
"山口県","89.5",2013,"ratio"
"山口県","669",2014,"male"
"山口県","746",2014,"female"
"山口県","89.7",2014,"ratio"
"山口県","665",2015,"male"
"山口県","740",2015,"female"
"山口県","89.9",2015,"ratio"
"徳島県","392",2000,"male"
"徳島県","432",2000,"female"
"徳島県","90.6",2000,"ratio"
"徳島県","391",2001,"male"
"徳島県","431",2001,"female"
"徳島県","90.6",2001,"ratio"
"徳島県","390",2002,"male"
"徳島県","430",2002,"female"
"徳島県","90.6",2002,"ratio"
"徳島県","388",2003,"male"
"徳島県","429",2003,"female"
"徳島県","90.5",2003,"ratio"
"徳島県","387",2004,"male"
"徳島県","427",2004,"female"
"徳島県","90.4",2004,"ratio"
"徳島県","385",2005,"male"
"徳島県","425",2005,"female"
"徳島県","90.4",2005,"ratio"
"徳島県","382",2006,"male"
"徳島県","423",2006,"female"
"徳島県","90.4",2006,"ratio"
"徳島県","380",2007,"male"
"徳島県","420",2007,"female"
"徳島県","90.4",2007,"ratio"
"徳島県","377",2008,"male"
"徳島県","417",2008,"female"
"徳島県","90.3",2008,"ratio"
"徳島県","375",2009,"male"
"徳島県","415",2009,"female"
"徳島県","90.3",2009,"ratio"
"徳島県","373",2010,"male"
"徳島県","413",2010,"female"
"徳島県","90.3",2010,"ratio"
"徳島県","370",2011,"male"
"徳島県","410",2011,"female"
"徳島県","90.4",2011,"ratio"
"徳島県","368",2012,"male"
"徳島県","406",2012,"female"
"徳島県","90.7",2012,"ratio"
"徳島県","366",2013,"male"
"徳島県","403",2013,"female"
"徳島県","90.7",2013,"ratio"
"徳島県","363",2014,"male"
"徳島県","400",2014,"female"
"徳島県","90.8",2014,"ratio"
"徳島県","360",2015,"male"
"徳島県","396",2015,"female"
"徳島県","90.9",2015,"ratio"
"香川県","492",2000,"male"
"香川県","531",2000,"female"
"香川県","92.6",2000,"ratio"
"香川県","491",2001,"male"
"香川県","531",2001,"female"
"香川県","92.6",2001,"ratio"
"香川県","490",2002,"male"
"香川県","530",2002,"female"
"香川県","92.5",2002,"ratio"
"香川県","489",2003,"male"
"香川県","529",2003,"female"
"香川県","92.4",2003,"ratio"
"香川県","488",2004,"male"
"香川県","528",2004,"female"
"香川県","92.5",2004,"ratio"
"香川県","486",2005,"male"
"香川県","526",2005,"female"
"香川県","92.4",2005,"ratio"
"香川県","485",2006,"male"
"香川県","524",2006,"female"
"香川県","92.5",2006,"ratio"
"香川県","484",2007,"male"
"香川県","522",2007,"female"
"香川県","92.6",2007,"ratio"
"香川県","483",2008,"male"
"香川県","520",2008,"female"
"香川県","92.8",2008,"ratio"
"香川県","481",2009,"male"
"香川県","518",2009,"female"
"香川県","93",2009,"ratio"
"香川県","480",2010,"male"
"香川県","516",2010,"female"
"香川県","93",2010,"ratio"
"香川県","478",2011,"male"
"香川県","513",2011,"female"
"香川県","93.2",2011,"ratio"
"香川県","477",2012,"male"
"香川県","512",2012,"female"
"香川県","93.3",2012,"ratio"
"香川県","475",2013,"male"
"香川県","510",2013,"female"
"香川県","93.3",2013,"ratio"
"香川県","474",2014,"male"
"香川県","507",2014,"female"
"香川県","93.4",2014,"ratio"
"香川県","472",2015,"male"
"香川県","504",2015,"female"
"香川県","93.7",2015,"ratio"
"愛媛県","704",2000,"male"
"愛媛県","789",2000,"female"
"愛媛県","89.3",2000,"ratio"
"愛媛県","703",2001,"male"
"愛媛県","787",2001,"female"
"愛媛県","89.3",2001,"ratio"
"愛媛県","700",2002,"male"
"愛媛県","785",2002,"female"
"愛媛県","89.2",2002,"ratio"
"愛媛県","698",2003,"male"
"愛媛県","783",2003,"female"
"愛媛県","89.2",2003,"ratio"
"愛媛県","695",2004,"male"
"愛媛県","779",2004,"female"
"愛媛県","89.2",2004,"ratio"
"愛媛県","692",2005,"male"
"愛媛県","776",2005,"female"
"愛媛県","89.1",2005,"ratio"
"愛媛県","688",2006,"male"
"愛媛県","773",2006,"female"
"愛媛県","89",2006,"ratio"
"愛媛県","684",2007,"male"
"愛媛県","769",2007,"female"
"愛媛県","88.9",2007,"ratio"
"愛媛県","680",2008,"male"
"愛媛県","765",2008,"female"
"愛媛県","88.8",2008,"ratio"
"愛媛県","676",2009,"male"
"愛媛県","762",2009,"female"
"愛媛県","88.8",2009,"ratio"
"愛媛県","673",2010,"male"
"愛媛県","758",2010,"female"
"愛媛県","88.8",2010,"ratio"
"愛媛県","670",2011,"male"
"愛媛県","753",2011,"female"
"愛媛県","88.9",2011,"ratio"
"愛媛県","666",2012,"male"
"愛媛県","749",2012,"female"
"愛媛県","89",2012,"ratio"
"愛媛県","663",2013,"male"
"愛媛県","743",2013,"female"
"愛媛県","89.2",2013,"ratio"
"愛媛県","659",2014,"male"
"愛媛県","737",2014,"female"
"愛媛県","89.3",2014,"ratio"
"愛媛県","654",2015,"male"
"愛媛県","731",2015,"female"
"愛媛県","89.5",2015,"ratio"
"高知県","384",2000,"male"
"高知県","430",2000,"female"
"高知県","89.3",2000,"ratio"
"高知県","383",2001,"male"
"高知県","429",2001,"female"
"高知県","89.2",2001,"ratio"
"高知県","382",2002,"male"
"高知県","428",2002,"female"
"高知県","89.1",2002,"ratio"
"高知県","380",2003,"male"
"高知県","426",2003,"female"
"高知県","89.1",2003,"ratio"
"高知県","378",2004,"male"
"高知県","424",2004,"female"
"高知県","89",2004,"ratio"
"高知県","374",2005,"male"
"高知県","422",2005,"female"
"高知県","88.8",2005,"ratio"
"高知県","371",2006,"male"
"高知県","419",2006,"female"
"高知県","88.6",2006,"ratio"
"高知県","367",2007,"male"
"高知県","415",2007,"female"
"高知県","88.5",2007,"ratio"
"高知県","364",2008,"male"
"高知県","412",2008,"female"
"高知県","88.3",2008,"ratio"
"高知県","361",2009,"male"
"高知県","408",2009,"female"
"高知県","88.3",2009,"ratio"
"高知県","359",2010,"male"
"高知県","405",2010,"female"
"高知県","88.6",2010,"ratio"
"高知県","356",2011,"male"
"高知県","402",2011,"female"
"高知県","88.6",2011,"ratio"
"高知県","352",2012,"male"
"高知県","398",2012,"female"
"高知県","88.5",2012,"ratio"
"高知県","349",2013,"male"
"高知県","394",2013,"female"
"高知県","88.6",2013,"ratio"
"高知県","346",2014,"male"
"高知県","390",2014,"female"
"高知県","88.7",2014,"ratio"
"高知県","343",2015,"male"
"高知県","386",2015,"female"
"高知県","88.9",2015,"ratio"
"福岡県","2389",2000,"male"
"福岡県","2627",2000,"female"
"福岡県","90.9",2000,"ratio"
"福岡県","2394",2001,"male"
"福岡県","2637",2001,"female"
"福岡県","90.8",2001,"ratio"
"福岡県","2395",2002,"male"
"福岡県","2644",2002,"female"
"福岡県","90.6",2002,"ratio"
"福岡県","2396",2003,"male"
"福岡県","2648",2003,"female"
"福岡県","90.5",2003,"ratio"
"福岡県","2397",2004,"male"
"福岡県","2653",2004,"female"
"福岡県","90.3",2004,"ratio"
"福岡県","2394",2005,"male"
"福岡県","2656",2005,"female"
"福岡県","90.1",2005,"ratio"
"福岡県","2396",2006,"male"
"福岡県","2661",2006,"female"
"福岡県","90",2006,"ratio"
"福岡県","2395",2007,"male"
"福岡県","2666",2007,"female"
"福岡県","89.8",2007,"ratio"
"福岡県","2393",2008,"male"
"福岡県","2670",2008,"female"
"福岡県","89.6",2008,"ratio"
"福岡県","2391",2009,"male"
"福岡県","2672",2009,"female"
"福岡県","89.5",2009,"ratio"
"福岡県","2394",2010,"male"
"福岡県","2678",2010,"female"
"福岡県","89.4",2010,"ratio"
"福岡県","2399",2011,"male"
"福岡県","2683",2011,"female"
"福岡県","89.4",2011,"ratio"
"福岡県","2402",2012,"male"
"福岡県","2687",2012,"female"
"福岡県","89.4",2012,"ratio"
"福岡県","2406",2013,"male"
"福岡県","2690",2013,"female"
"福岡県","89.4",2013,"ratio"
"福岡県","2409",2014,"male"
"福岡県","2691",2014,"female"
"福岡県","89.5",2014,"ratio"
"福岡県","2410",2015,"male"
"福岡県","2691",2015,"female"
"福岡県","89.6",2015,"ratio"
"佐賀県","414",2000,"male"
"佐賀県","462",2000,"female"
"佐賀県","89.6",2000,"ratio"
"佐賀県","414",2001,"male"
"佐賀県","462",2001,"female"
"佐賀県","89.5",2001,"ratio"
"佐賀県","413",2002,"male"
"佐賀県","461",2002,"female"
"佐賀県","89.5",2002,"ratio"
"佐賀県","411",2003,"male"
"佐賀県","461",2003,"female"
"佐賀県","89.3",2003,"ratio"
"佐賀県","410",2004,"male"
"佐賀県","460",2004,"female"
"佐賀県","89.2",2004,"ratio"
"佐賀県","408",2005,"male"
"佐賀県","458",2005,"female"
"佐賀県","89.1",2005,"ratio"
"佐賀県","406",2006,"male"
"佐賀県","456",2006,"female"
"佐賀県","89",2006,"ratio"
"佐賀県","405",2007,"male"
"佐賀県","455",2007,"female"
"佐賀県","89",2007,"ratio"
"佐賀県","403",2008,"male"
"佐賀県","453",2008,"female"
"佐賀県","88.9",2008,"ratio"
"佐賀県","401",2009,"male"
"佐賀県","451",2009,"female"
"佐賀県","88.9",2009,"ratio"
"佐賀県","400",2010,"male"
"佐賀県","450",2010,"female"
"佐賀県","89",2010,"ratio"
"佐賀県","399",2011,"male"
"佐賀県","448",2011,"female"
"佐賀県","89",2011,"ratio"
"佐賀県","398",2012,"male"
"佐賀県","447",2012,"female"
"佐賀県","89.1",2012,"ratio"
"佐賀県","397",2013,"male"
"佐賀県","445",2013,"female"
"佐賀県","89.2",2013,"ratio"
"佐賀県","395",2014,"male"
"佐賀県","442",2014,"female"
"佐賀県","89.2",2014,"ratio"
"佐賀県","393",2015,"male"
"佐賀県","440",2015,"female"
"佐賀県","89.4",2015,"ratio"
"長崎県","712",2000,"male"
"長崎県","804",2000,"female"
"長崎県","88.6",2000,"ratio"
"長崎県","710",2001,"male"
"長崎県","802",2001,"female"
"長崎県","88.5",2001,"ratio"
"長崎県","706",2002,"male"
"長崎県","799",2002,"female"
"長崎県","88.4",2002,"ratio"
"長崎県","702",2003,"male"
"長崎県","795",2003,"female"
"長崎県","88.3",2003,"ratio"
"長崎県","698",2004,"male"
"長崎県","792",2004,"female"
"長崎県","88.2",2004,"ratio"
"長崎県","691",2005,"male"
"長崎県","787",2005,"female"
"長崎県","87.8",2005,"ratio"
"長崎県","685",2006,"male"
"長崎県","782",2006,"female"
"長崎県","87.7",2006,"ratio"
"長崎県","680",2007,"male"
"長崎県","776",2007,"female"
"長崎県","87.6",2007,"ratio"
"長崎県","673",2008,"male"
"長崎県","770",2008,"female"
"長崎県","87.4",2008,"ratio"
"長崎県","669",2009,"male"
"長崎県","765",2009,"female"
"長崎県","87.5",2009,"ratio"
"長崎県","666",2010,"male"
"長崎県","761",2010,"female"
"長崎県","87.5",2010,"ratio"
"長崎県","662",2011,"male"
"長崎県","756",2011,"female"
"長崎県","87.6",2011,"ratio"
"長崎県","658",2012,"male"
"長崎県","750",2012,"female"
"長崎県","87.7",2012,"ratio"
"長崎県","653",2013,"male"
"長崎県","744",2013,"female"
"長崎県","87.7",2013,"ratio"
"長崎県","649",2014,"male"
"長崎県","738",2014,"female"
"長崎県","87.9",2014,"ratio"
"長崎県","646",2015,"male"
"長崎県","731",2015,"female"
"長崎県","88.3",2015,"ratio"
"熊本県","878",2000,"male"
"熊本県","981",2000,"female"
"熊本県","89.5",2000,"ratio"
"熊本県","878",2001,"male"
"熊本県","982",2001,"female"
"熊本県","89.4",2001,"ratio"
"熊本県","876",2002,"male"
"熊本県","981",2002,"female"
"熊本県","89.3",2002,"ratio"
"熊本県","873",2003,"male"
"熊本県","979",2003,"female"
"熊本県","89.1",2003,"ratio"
"熊本県","871",2004,"male"
"熊本県","978",2004,"female"
"熊本県","89",2004,"ratio"
"熊本県","867",2005,"male"
"熊本県","975",2005,"female"
"熊本県","88.9",2005,"ratio"
"熊本県","864",2006,"male"
"熊本県","974",2006,"female"
"熊本県","88.8",2006,"ratio"
"熊本県","861",2007,"male"
"熊本県","971",2007,"female"
"熊本県","88.7",2007,"ratio"
"熊本県","858",2008,"male"
"熊本県","968",2008,"female"
"熊本県","88.7",2008,"ratio"
"熊本県","855",2009,"male"
"熊本県","966",2009,"female"
"熊本県","88.6",2009,"ratio"
"熊本県","854",2010,"male"
"熊本県","964",2010,"female"
"熊本県","88.5",2010,"ratio"
"熊本県","852",2011,"male"
"熊本県","961",2011,"female"
"熊本県","88.6",2011,"ratio"
"熊本県","850",2012,"male"
"熊本県","958",2012,"female"
"熊本県","88.7",2012,"ratio"
"熊本県","847",2013,"male"
"熊本県","954",2013,"female"
"熊本県","88.8",2013,"ratio"
"熊本県","845",2014,"male"
"熊本県","950",2014,"female"
"熊本県","88.9",2014,"ratio"
"熊本県","841",2015,"male"
"熊本県","945",2015,"female"
"熊本県","89",2015,"ratio"
"大分県","576",2000,"male"
"大分県","645",2000,"female"
"大分県","89.3",2000,"ratio"
"大分県","575",2001,"male"
"大分県","645",2001,"female"
"大分県","89.2",2001,"ratio"
"大分県","575",2002,"male"
"大分県","644",2002,"female"
"大分県","89.2",2002,"ratio"
"大分県","573",2003,"male"
"大分県","644",2003,"female"
"大分県","89",2003,"ratio"
"大分県","572",2004,"male"
"大分県","642",2004,"female"
"大分県","89",2004,"ratio"
"大分県","570",2005,"male"
"大分県","640",2005,"female"
"大分県","89.1",2005,"ratio"
"大分県","569",2006,"male"
"大分県","638",2006,"female"
"大分県","89.1",2006,"ratio"
"大分県","569",2007,"male"
"大分県","637",2007,"female"
"大分県","89.3",2007,"ratio"
"大分県","569",2008,"male"
"大分県","636",2008,"female"
"大分県","89.4",2008,"ratio"
"大分県","567",2009,"male"
"大分県","634",2009,"female"
"大分県","89.4",2009,"ratio"
"大分県","565",2010,"male"
"大分県","632",2010,"female"
"大分県","89.4",2010,"ratio"
"大分県","563",2011,"male"
"大分県","629",2011,"female"
"大分県","89.5",2011,"ratio"
"大分県","561",2012,"male"
"大分県","626",2012,"female"
"大分県","89.6",2012,"ratio"
"大分県","558",2013,"male"
"大分県","622",2013,"female"
"大分県","89.7",2013,"ratio"
"大分県","555",2014,"male"
"大分県","618",2014,"female"
"大分県","89.7",2014,"ratio"
"大分県","552",2015,"male"
"大分県","614",2015,"female"
"大分県","89.8",2015,"ratio"
"宮崎県","552",2000,"male"
"宮崎県","618",2000,"female"
"宮崎県","89.4",2000,"ratio"
"宮崎県","551",2001,"male"
"宮崎県","617",2001,"female"
"宮崎県","89.2",2001,"ratio"
"宮崎県","549",2002,"male"
"宮崎県","616",2002,"female"
"宮崎県","89.1",2002,"ratio"
"宮崎県","547",2003,"male"
"宮崎県","615",2003,"female"
"宮崎県","88.9",2003,"ratio"
"宮崎県","545",2004,"male"
"宮崎県","614",2004,"female"
"宮崎県","88.8",2004,"ratio"
"宮崎県","542",2005,"male"
"宮崎県","611",2005,"female"
"宮崎県","88.7",2005,"ratio"
"宮崎県","540",2006,"male"
"宮崎県","609",2006,"female"
"宮崎県","88.7",2006,"ratio"
"宮崎県","538",2007,"male"
"宮崎県","607",2007,"female"
"宮崎県","88.7",2007,"ratio"
"宮崎県","536",2008,"male"
"宮崎県","605",2008,"female"
"宮崎県","88.5",2008,"ratio"
"宮崎県","534",2009,"male"
"宮崎県","603",2009,"female"
"宮崎県","88.5",2009,"ratio"
"宮崎県","533",2010,"male"
"宮崎県","602",2010,"female"
"宮崎県","88.5",2010,"ratio"
"宮崎県","531",2011,"male"
"宮崎県","600",2011,"female"
"宮崎県","88.5",2011,"ratio"
"宮崎県","529",2012,"male"
"宮崎県","597",2012,"female"
"宮崎県","88.6",2012,"ratio"
"宮崎県","526",2013,"male"
"宮崎県","593",2013,"female"
"宮崎県","88.6",2013,"ratio"
"宮崎県","523",2014,"male"
"宮崎県","589",2014,"female"
"宮崎県","88.7",2014,"ratio"
"宮崎県","519",2015,"male"
"宮崎県","585",2015,"female"
"宮崎県","88.8",2015,"ratio"
"鹿児島県","838",2000,"male"
"鹿児島県","948",2000,"female"
"鹿児島県","88.4",2000,"ratio"
"鹿児島県","835",2001,"male"
"鹿児島県","946",2001,"female"
"鹿児島県","88.3",2001,"ratio"
"鹿児島県","832",2002,"male"
"鹿児島県","944",2002,"female"
"鹿児島県","88.2",2002,"ratio"
"鹿児島県","829",2003,"male"
"鹿児島県","941",2003,"female"
"鹿児島県","88",2003,"ratio"
"鹿児島県","825",2004,"male"
"鹿児島県","938",2004,"female"
"鹿児島県","87.9",2004,"ratio"
"鹿児島県","820",2005,"male"
"鹿児島県","934",2005,"female"
"鹿児島県","87.8",2005,"ratio"
"鹿児島県","815",2006,"male"
"鹿児島県","929",2006,"female"
"鹿児島県","87.7",2006,"ratio"
"鹿児島県","809",2007,"male"
"鹿児島県","924",2007,"female"
"鹿児島県","87.6",2007,"ratio"
"鹿児島県","803",2008,"male"
"鹿児島県","918",2008,"female"
"鹿児島県","87.4",2008,"ratio"
"鹿児島県","799",2009,"male"
"鹿児島県","913",2009,"female"
"鹿児島県","87.5",2009,"ratio"
"鹿児島県","797",2010,"male"
"鹿児島県","909",2010,"female"
"鹿児島県","87.6",2010,"ratio"
"鹿児島県","793",2011,"male"
"鹿児島県","904",2011,"female"
"鹿児島県","87.7",2011,"ratio"
"鹿児島県","789",2012,"male"
"鹿児島県","898",2012,"female"
"鹿児島県","87.9",2012,"ratio"
"鹿児島県","784",2013,"male"
"鹿児島県","891",2013,"female"
"鹿児島県","88",2013,"ratio"
"鹿児島県","778",2014,"male"
"鹿児島県","883",2014,"female"
"鹿児島県","88.1",2014,"ratio"
"鹿児島県","773",2015,"male"
"鹿児島県","875",2015,"female"
"鹿児島県","88.3",2015,"ratio"
"沖縄県","648",2000,"male"
"沖縄県","670",2000,"female"
"沖縄県","96.6",2000,"ratio"
"沖縄県","652",2001,"male"
"沖縄県","675",2001,"female"
"沖縄県","96.6",2001,"ratio"
"沖縄県","657",2002,"male"
"沖縄県","679",2002,"female"
"沖縄県","96.6",2002,"ratio"
"沖縄県","661",2003,"male"
"沖縄県","684",2003,"female"
"沖縄県","96.6",2003,"ratio"
"沖縄県","665",2004,"male"
"沖縄県","689",2004,"female"
"沖縄県","96.5",2004,"ratio"
"沖縄県","669",2005,"male"
"沖縄県","693",2005,"female"
"沖縄県","96.5",2005,"ratio"
"沖縄県","672",2006,"male"
"沖縄県","697",2006,"female"
"沖縄県","96.3",2006,"ratio"
"沖縄県","674",2007,"male"
"沖縄県","700",2007,"female"
"沖縄県","96.2",2007,"ratio"
"沖縄県","675",2008,"male"
"沖縄県","703",2008,"female"
"沖縄県","96.1",2008,"ratio"
"沖縄県","679",2009,"male"
"沖縄県","706",2009,"female"
"沖縄県","96.2",2009,"ratio"
"沖縄県","683",2010,"male"
"沖縄県","709",2010,"female"
"沖縄県","96.3",2010,"ratio"
"沖縄県","688",2011,"male"
"沖縄県","714",2011,"female"
"沖縄県","96.3",2011,"ratio"
"沖縄県","693",2012,"male"
"沖縄県","719",2012,"female"
"沖縄県","96.4",2012,"ratio"
"沖縄県","697",2013,"male"
"沖縄県","722",2013,"female"
"沖縄県","96.4",2013,"ratio"
"沖縄県","700",2014,"male"
"沖縄県","725",2014,"female"
"沖縄県","96.5",2014,"ratio"
"沖縄県","705",2015,"male"
"沖縄県","729",2015,"female"
"沖縄県","96.7",2015,"ratio"
"北海道","2523",2016,"male"
"北海道","2831",2016,"female"
"北海道","89.1",2016,"ratio"
"北海道","2510",2017,"male"
"北海道","2815",2017,"female"
"北海道","89.2",2017,"ratio"
"北海道","2495",2018,"male"
"北海道","2798",2018,"female"
"北海道","89.2",2018,"ratio"
"北海道","2480",2019,"male"
"北海道","2780",2019,"female"
"北海道","89.2",2019,"ratio"
"北海道","2465",2020,"male"
"北海道","2760",2020,"female"
"北海道","89.3",2020,"ratio"
"青森県","609",2016,"male"
"青森県","686",2016,"female"
"青森県","88.7",2016,"ratio"
"青森県","603",2017,"male"
"青森県","679",2017,"female"
"青森県","88.8",2017,"ratio"
"青森県","597",2018,"male"
"青森県","671",2018,"female"
"青森県","88.9",2018,"ratio"
"青森県","590",2019,"male"
"青森県","663",2019,"female"
"青森県","89",2019,"ratio"
"青森県","583",2020,"male"
"青森県","655",2020,"female"
"青森県","89.1",2020,"ratio"
"岩手県","610",2016,"male"
"岩手県","658",2016,"female"
"岩手県","92.7",2016,"ratio"
"岩手県","603",2017,"male"
"岩手県","651",2017,"female"
"岩手県","92.7",2017,"ratio"
"岩手県","597",2018,"male"
"岩手県","643",2018,"female"
"岩手県","92.7",2018,"ratio"
"岩手県","590",2019,"male"
"岩手県","636",2019,"female"
"岩手県","92.9",2019,"ratio"
"岩手県","583",2020,"male"
"岩手県","628",2020,"female"
"岩手県","92.9",2020,"ratio"
"宮城県","1139",2016,"male"
"宮城県","1192",2016,"female"
"宮城県","95.5",2016,"ratio"
"宮城県","1136",2017,"male"
"宮城県","1190",2017,"female"
"宮城県","95.5",2017,"ratio"
"宮城県","1132",2018,"male"
"宮城県","1187",2018,"female"
"宮城県","95.4",2018,"ratio"
"宮城県","1128",2019,"male"
"宮城県","1184",2019,"female"
"宮城県","95.3",2019,"ratio"
"宮城県","1123",2020,"male"
"宮城県","1179",2020,"female"
"宮城県","95.2",2020,"ratio"
"秋田県","475",2016,"male"
"秋田県","536",2016,"female"
"秋田県","88.6",2016,"ratio"
"秋田県","470",2017,"male"
"秋田県","529",2017,"female"
"秋田県","88.8",2017,"ratio"
"秋田県","464",2018,"male"
"秋田県","522",2018,"female"
"秋田県","88.9",2018,"ratio"
"秋田県","458",2019,"male"
"秋田県","514",2019,"female"
"秋田県","89.1",2019,"ratio"
"秋田県","452",2020,"male"
"秋田県","507",2020,"female"
"秋田県","89.2",2020,"ratio"
"山形県","536",2016,"male"
"山形県","578",2016,"female"
"山形県","92.8",2016,"ratio"
"山形県","531",2017,"male"
"山形県","571",2017,"female"
"山形県","93",2017,"ratio"
"山形県","527",2018,"male"
"山形県","565",2018,"female"
"山形県","93.2",2018,"ratio"
"山形県","522",2019,"male"
"山形県","558",2019,"female"
"山形県","93.5",2019,"ratio"
"山形県","516",2020,"male"
"山形県","552",2020,"female"
"山形県","93.6",2020,"ratio"
"福島県","940",2016,"male"
"福島県","962",2016,"female"
"福島県","97.7",2016,"ratio"
"福島県","931",2017,"male"
"福島県","954",2017,"female"
"福島県","97.6",2017,"ratio"
"福島県","922",2018,"male"
"福島県","946",2018,"female"
"福島県","97.5",2018,"ratio"
"福島県","914",2019,"male"
"福島県","938",2019,"female"
"福島県","97.4",2019,"ratio"
"福島県","904",2020,"male"
"福島県","929",2020,"female"
"福島県","97.3",2020,"ratio"
"茨城県","1451",2016,"male"
"茨城県","1459",2016,"female"
"茨城県","99.4",2016,"ratio"
"茨城県","1448",2017,"male"
"茨城県","1454",2017,"female"
"茨城県","99.6",2017,"ratio"
"茨城県","1443",2018,"male"
"茨城県","1449",2018,"female"
"茨城県","99.6",2018,"ratio"
"茨城県","1437",2019,"male"
"茨城県","1442",2019,"female"
"茨城県","99.7",2019,"ratio"
"茨城県","1431",2020,"male"
"茨城県","1436",2020,"female"
"茨城県","99.6",2020,"ratio"
"栃木県","979",2016,"male"
"栃木県","989",2016,"female"
"栃木県","99",2016,"ratio"
"栃木県","977",2017,"male"
"栃木県","985",2017,"female"
"栃木県","99.2",2017,"ratio"
"栃木県","974",2018,"male"
"栃木県","979",2018,"female"
"栃木県","99.5",2018,"ratio"
"栃木県","970",2019,"male"
"栃木県","974",2019,"female"
"栃木県","99.6",2019,"ratio"
"栃木県","965",2020,"male"
"栃木県","968",2020,"female"
"栃木県","99.7",2020,"ratio"
"群馬県","972",2016,"male"
"群馬県","997",2016,"female"
"群馬県","97.5",2016,"ratio"
"群馬県","970",2017,"male"
"群馬県","993",2017,"female"
"群馬県","97.6",2017,"ratio"
"群馬県","967",2018,"male"
"群馬県","990",2018,"female"
"群馬県","97.7",2018,"ratio"
"群馬県","964",2019,"male"
"群馬県","984",2019,"female"
"群馬県","98",2019,"ratio"
"群馬県","959",2020,"male"
"群馬県","980",2020,"female"
"群馬県","97.9",2020,"ratio"
"埼玉県","3637",2016,"male"
"埼玉県","3652",2016,"female"
"埼玉県","99.6",2016,"ratio"
"埼玉県","3643",2017,"male"
"埼玉県","3664",2017,"female"
"埼玉県","99.4",2017,"ratio"
"埼玉県","3650",2018,"male"
"埼玉県","3675",2018,"female"
"埼玉県","99.3",2018,"ratio"
"埼玉県","3657",2019,"male"
"埼玉県","3685",2019,"female"
"埼玉県","99.2",2019,"ratio"
"埼玉県","3652",2020,"male"
"埼玉県","3693",2020,"female"
"埼玉県","98.9",2020,"ratio"
"千葉県","3104",2016,"male"
"千葉県","3138",2016,"female"
"千葉県","98.9",2016,"ratio"
"千葉県","3111",2017,"male"
"千葉県","3147",2017,"female"
"千葉県","98.9",2017,"ratio"
"千葉県","3117",2018,"male"
"千葉県","3156",2018,"female"
"千葉県","98.8",2018,"ratio"
"千葉県","3120",2019,"male"
"千葉県","3162",2019,"female"
"千葉県","98.7",2019,"ratio"
"千葉県","3118",2020,"male"
"千葉県","3166",2020,"female"
"千葉県","98.5",2020,"ratio"
"東京都","6728",2016,"male"
"東京都","6918",2016,"female"
"東京都","97.3",2016,"ratio"
"東京都","6782",2017,"male"
"東京都","6985",2017,"female"
"東京都","97.1",2017,"ratio"
"東京都","6835",2018,"male"
"東京都","7053",2018,"female"
"東京都","96.9",2018,"ratio"
"東京都","6889",2019,"male"
"東京都","7118",2019,"female"
"東京都","96.8",2019,"ratio"
"東京都","6898",2020,"male"
"東京都","7149",2020,"female"
"東京都","96.5",2020,"ratio"
"神奈川県","4566",2016,"male"
"神奈川県","4585",2016,"female"
"神奈川県","99.6",2016,"ratio"
"神奈川県","4571",2017,"male"
"神奈川県","4602",2017,"female"
"神奈川県","99.3",2017,"ratio"
"神奈川県","4579",2018,"male"
"神奈川県","4618",2018,"female"
"神奈川県","99.2",2018,"ratio"
"神奈川県","4589",2019,"male"
"神奈川県","4635",2019,"female"
"神奈川県","99",2019,"ratio"
"神奈川県","4588",2020,"male"
"神奈川県","4649",2020,"female"
"神奈川県","98.7",2020,"ratio"
"新潟県","1107",2016,"male"
"新潟県","1179",2016,"female"
"新潟県","93.9",2016,"ratio"
"新潟県","1099",2017,"male"
"新潟県","1168",2017,"female"
"新潟県","94",2017,"ratio"
"新潟県","1090",2018,"male"
"新潟県","1157",2018,"female"
"新潟県","94.2",2018,"ratio"
"新潟県","1079",2019,"male"
"新潟県","1145",2019,"female"
"新潟県","94.3",2019,"ratio"
"新潟県","1069",2020,"male"
"新潟県","1133",2020,"female"
"新潟県","94.4",2020,"ratio"
"富山県","513",2016,"male"
"富山県","548",2016,"female"
"富山県","93.7",2016,"ratio"
"富山県","512",2017,"male"
"富山県","545",2017,"female"
"富山県","93.9",2017,"ratio"
"富山県","510",2018,"male"
"富山県","541",2018,"female"
"富山県","94.2",2018,"ratio"
"富山県","506",2019,"male"
"富山県","537",2019,"female"
"富山県","94.3",2019,"ratio"
"富山県","503",2020,"male"
"富山県","532",2020,"female"
"富山県","94.4",2020,"ratio"
"石川県","558",2016,"male"
"石川県","594",2016,"female"
"石川県","93.9",2016,"ratio"
"石川県","557",2017,"male"
"石川県","592",2017,"female"
"石川県","94",2017,"ratio"
"石川県","555",2018,"male"
"石川県","590",2018,"female"
"石川県","94.2",2018,"ratio"
"石川県","553",2019,"male"
"石川県","586",2019,"female"
"石川県","94.4",2019,"ratio"
"石川県","550",2020,"male"
"石川県","583",2020,"female"
"石川県","94.3",2020,"ratio"
"福井県","380",2016,"male"
"福井県","403",2016,"female"
"福井県","94.3",2016,"ratio"
"福井県","379",2017,"male"
"福井県","401",2017,"female"
"福井県","94.5",2017,"ratio"
"福井県","378",2018,"male"
"福井県","399",2018,"female"
"福井県","94.7",2018,"ratio"
"福井県","376",2019,"male"
"福井県","396",2019,"female"
"福井県","95",2019,"ratio"
"福井県","374",2020,"male"
"福井県","393",2020,"female"
"福井県","95.2",2020,"ratio"
"山梨県","407",2016,"male"
"山梨県","424",2016,"female"
"山梨県","95.9",2016,"ratio"
"山梨県","404",2017,"male"
"山梨県","421",2017,"female"
"山梨県","95.9",2017,"ratio"
"山梨県","402",2018,"male"
"山梨県","418",2018,"female"
"山梨県","96.1",2018,"ratio"
"山梨県","400",2019,"male"
"山梨県","415",2019,"female"
"山梨県","96.3",2019,"ratio"
"山梨県","397",2020,"male"
"山梨県","413",2020,"female"
"山梨県","96.3",2020,"ratio"
"長野県","1019",2016,"male"
"長野県","1072",2016,"female"
"長野県","95.1",2016,"ratio"
"長野県","1016",2017,"male"
"長野県","1067",2017,"female"
"長野県","95.2",2017,"ratio"
"長野県","1012",2018,"male"
"長野県","1061",2018,"female"
"長野県","95.3",2018,"ratio"
"長野県","1007",2019,"male"
"長野県","1054",2019,"female"
"長野県","95.5",2019,"ratio"
"長野県","1000",2020,"male"
"長野県","1048",2020,"female"
"長野県","95.5",2020,"ratio"
"岐阜県","980",2016,"male"
"岐阜県","1043",2016,"female"
"岐阜県","93.9",2016,"ratio"
"岐阜県","975",2017,"male"
"岐阜県","1037",2017,"female"
"岐阜県","94",2017,"ratio"
"岐阜県","971",2018,"male"
"岐阜県","1031",2018,"female"
"岐阜県","94.1",2018,"ratio"
"岐阜県","967",2019,"male"
"岐阜県","1025",2019,"female"
"岐阜県","94.3",2019,"ratio"
"岐阜県","960",2020,"male"
"岐阜県","1018",2020,"female"
"岐阜県","94.3",2020,"ratio"
"静岡県","1817",2016,"male"
"静岡県","1874",2016,"female"
"静岡県","97",2016,"ratio"
"静岡県","1813",2017,"male"
"静岡県","1868",2017,"female"
"静岡県","97",2017,"ratio"
"静岡県","1807",2018,"male"
"静岡県","1859",2018,"female"
"静岡県","97.2",2018,"ratio"
"静岡県","1802",2019,"male"
"静岡県","1851",2019,"female"
"静岡県","97.3",2019,"ratio"
"静岡県","1791",2020,"male"
"静岡県","1842",2020,"female"
"静岡県","97.2",2020,"ratio"
"愛知県","3755",2016,"male"
"愛知県","3754",2016,"female"
"愛知県","100",2016,"ratio"
"愛知県","3763",2017,"male"
"愛知県","3765",2017,"female"
"愛知県","99.9",2017,"ratio"
"愛知県","3768",2018,"male"
"愛知県","3772",2018,"female"
"愛知県","99.9",2018,"ratio"
"愛知県","3777",2019,"male"
"愛知県","3780",2019,"female"
"愛知県","99.9",2019,"ratio"
"愛知県","3762",2020,"male"
"愛知県","3781",2020,"female"
"愛知県","99.5",2020,"ratio"
"三重県","881",2016,"male"
"三重県","928",2016,"female"
"三重県","94.9",2016,"ratio"
"三重県","877",2017,"male"
"三重県","924",2017,"female"
"三重県","95",2017,"ratio"
"三重県","875",2018,"male"
"三重県","918",2018,"female"
"三重県","95.2",2018,"ratio"
"三重県","871",2019,"male"
"三重県","912",2019,"female"
"三重県","95.5",2019,"ratio"
"三重県","864",2020,"male"
"三重県","906",2020,"female"
"三重県","95.4",2020,"ratio"
"滋賀県","697",2016,"male"
"滋賀県","716",2016,"female"
"滋賀県","97.3",2016,"ratio"
"滋賀県","697",2017,"male"
"滋賀県","717",2017,"female"
"滋賀県","97.3",2017,"ratio"
"滋賀県","698",2018,"male"
"滋賀県","716",2018,"female"
"滋賀県","97.4",2018,"ratio"
"滋賀県","699",2019,"male"
"滋賀県","717",2019,"female"
"滋賀県","97.6",2019,"ratio"
"滋賀県","697",2020,"male"
"滋賀県","716",2020,"female"
"滋賀県","97.4",2020,"ratio"
"京都府","1247",2016,"male"
"京都府","1361",2016,"female"
"京都府","91.7",2016,"ratio"
"京都府","1245",2017,"male"
"京都府","1359",2017,"female"
"京都府","91.6",2017,"ratio"
"京都府","1241",2018,"male"
"京都府","1356",2018,"female"
"京都府","91.5",2018,"ratio"
"京都府","1239",2019,"male"
"京都府","1353",2019,"female"
"京都府","91.5",2019,"ratio"
"京都府","1231",2020,"male"
"京都府","1347",2020,"female"
"京都府","91.4",2020,"ratio"
"大阪府","4254",2016,"male"
"大阪府","4588",2016,"female"
"大阪府","92.7",2016,"ratio"
"大阪府","4249",2017,"male"
"大阪府","4591",2017,"female"
"大阪府","92.6",2017,"ratio"
"大阪府","4245",2018,"male"
"大阪府","4594",2018,"female"
"大阪府","92.4",2018,"ratio"
"大阪府","4243",2019,"male"
"大阪府","4599",2019,"female"
"大阪府","92.3",2019,"ratio"
"大阪府","4236",2020,"male"
"大阪府","4602",2020,"female"
"大阪府","92.1",2020,"ratio"
"兵庫県","2636",2016,"male"
"兵庫県","2890",2016,"female"
"兵庫県","91.2",2016,"ratio"
"兵庫県","2629",2017,"male"
"兵庫県","2886",2017,"female"
"兵庫県","91.1",2017,"ratio"
"兵庫県","2621",2018,"male"
"兵庫県","2880",2018,"female"
"兵庫県","91",2018,"ratio"
"兵庫県","2614",2019,"male"
"兵庫県","2874",2019,"female"
"兵庫県","90.9",2019,"ratio"
"兵庫県","2600",2020,"male"
"兵庫県","2865",2020,"female"
"兵庫県","90.7",2020,"ratio"
"奈良県","640",2016,"male"
"奈良県","717",2016,"female"
"奈良県","89.3",2016,"ratio"
"奈良県","636",2017,"male"
"奈良県","713",2017,"female"
"奈良県","89.3",2017,"ratio"
"奈良県","632",2018,"male"
"奈良県","709",2018,"female"
"奈良県","89.2",2018,"ratio"
"奈良県","628",2019,"male"
"奈良県","705",2019,"female"
"奈良県","89.2",2019,"ratio"
"奈良県","624",2020,"male"
"奈良県","701",2020,"female"
"奈良県","89.1",2020,"ratio"
"和歌山県","450",2016,"male"
"和歌山県","506",2016,"female"
"和歌山県","88.9",2016,"ratio"
"和歌山県","446",2017,"male"
"和歌山県","502",2017,"female"
"和歌山県","88.9",2017,"ratio"
"和歌山県","443",2018,"male"
"和歌山県","497",2018,"female"
"和歌山県","89.1",2018,"ratio"
"和歌山県","439",2019,"male"
"和歌山県","492",2019,"female"
"和歌山県","89.1",2019,"ratio"
"和歌山県","435",2020,"male"
"和歌山県","488",2020,"female"
"和歌山県","89.2",2020,"ratio"
"鳥取県","272",2016,"male"
"鳥取県","298",2016,"female"
"鳥取県","91.3",2016,"ratio"
"鳥取県","270",2017,"male"
"鳥取県","296",2017,"female"
"鳥取県","91.5",2017,"ratio"
"鳥取県","268",2018,"male"
"鳥取県","293",2018,"female"
"鳥取県","91.5",2018,"ratio"
"鳥取県","266",2019,"male"
"鳥取県","291",2019,"female"
"鳥取県","91.6",2019,"ratio"
"鳥取県","264",2020,"male"
"鳥取県","289",2020,"female"
"鳥取県","91.5",2020,"ratio"
"島根県","332",2016,"male"
"島根県","359",2016,"female"
"島根県","92.5",2016,"ratio"
"島根県","330",2017,"male"
"島根県","356",2017,"female"
"島根県","92.8",2017,"ratio"
"島根県","329",2018,"male"
"島根県","353",2018,"female"
"島根県","93.2",2018,"ratio"
"島根県","327",2019,"male"
"島根県","350",2019,"female"
"島根県","93.4",2019,"ratio"
"島根県","324",2020,"male"
"島根県","347",2020,"female"
"島根県","93.5",2020,"ratio"
"岡山県","920",2016,"male"
"岡山県","997",2016,"female"
"岡山県","92.3",2016,"ratio"
"岡山県","917",2017,"male"
"岡山県","994",2017,"female"
"岡山県","92.3",2017,"ratio"
"岡山県","914",2018,"male"
"岡山県","989",2018,"female"
"岡山県","92.4",2018,"ratio"
"岡山県","912",2019,"male"
"岡山県","985",2019,"female"
"岡山県","92.6",2019,"ratio"
"岡山県","908",2020,"male"
"岡山県","980",2020,"female"
"岡山県","92.6",2020,"ratio"
"広島県","1376",2016,"male"
"広島県","1464",2016,"female"
"広島県","94",2016,"ratio"
"広島県","1373",2017,"male"
"広島県","1460",2017,"female"
"広島県","94.1",2017,"ratio"
"広島県","1369",2018,"male"
"広島県","1455",2018,"female"
"広島県","94.1",2018,"ratio"
"広島県","1364",2019,"male"
"広島県","1449",2019,"female"
"広島県","94.2",2019,"ratio"
"広島県","1357",2020,"male"
"広島県","1443",2020,"female"
"広島県","94.1",2020,"ratio"
"山口県","660",2016,"male"
"山口県","734",2016,"female"
"山口県","89.9",2016,"ratio"
"山口県","655",2017,"male"
"山口県","728",2017,"female"
"山口県","90",2017,"ratio"
"山口県","649",2018,"male"
"山口県","720",2018,"female"
"山口県","90.1",2018,"ratio"
"山口県","644",2019,"male"
"山口県","713",2019,"female"
"山口県","90.3",2019,"ratio"
"山口県","637",2020,"male"
"山口県","705",2020,"female"
"山口県","90.3",2020,"ratio"
"徳島県","357",2016,"male"
"徳島県","393",2016,"female"
"徳島県","91",2016,"ratio"
"徳島県","354",2017,"male"
"徳島県","389",2017,"female"
"徳島県","91",2017,"ratio"
"徳島県","351",2018,"male"
"徳島県","385",2018,"female"
"徳島県","91.1",2018,"ratio"
"徳島県","347",2019,"male"
"徳島県","381",2019,"female"
"徳島県","91.1",2019,"ratio"
"徳島県","343",2020,"male"
"徳島県","376",2020,"female"
"徳島県","91.2",2020,"ratio"
"香川県","471",2016,"male"
"香川県","502",2016,"female"
"香川県","93.7",2016,"ratio"
"香川県","468",2017,"male"
"香川県","500",2017,"female"
"香川県","93.7",2017,"ratio"
"香川県","466",2018,"male"
"香川県","498",2018,"female"
"香川県","93.6",2018,"ratio"
"香川県","463",2019,"male"
"香川県","494",2019,"female"
"香川県","93.7",2019,"ratio"
"香川県","459",2020,"male"
"香川県","491",2020,"female"
"香川県","93.5",2020,"ratio"
"愛媛県","651",2016,"male"
"愛媛県","726",2016,"female"
"愛媛県","89.6",2016,"ratio"
"愛媛県","647",2017,"male"
"愛媛県","721",2017,"female"
"愛媛県","89.7",2017,"ratio"
"愛媛県","642",2018,"male"
"愛媛県","715",2018,"female"
"愛媛県","89.8",2018,"ratio"
"愛媛県","638",2019,"male"
"愛媛県","708",2019,"female"
"愛媛県","90.1",2019,"ratio"
"愛媛県","633",2020,"male"
"愛媛県","702",2020,"female"
"愛媛県","90.2",2020,"ratio"
"高知県","339",2016,"male"
"高知県","382",2016,"female"
"高知県","88.9",2016,"ratio"
"高知県","337",2017,"male"
"高知県","378",2017,"female"
"高知県","89.1",2017,"ratio"
"高知県","333",2018,"male"
"高知県","374",2018,"female"
"高知県","89.2",2018,"ratio"
"高知県","330",2019,"male"
"高知県","369",2019,"female"
"高知県","89.4",2019,"ratio"
"高知県","327",2020,"male"
"高知県","365",2020,"female"
"高知県","89.5",2020,"ratio"
"福岡県","2417",2016,"male"
"福岡県","2696",2016,"female"
"福岡県","89.6",2016,"ratio"
"福岡県","2423",2017,"male"
"福岡県","2700",2017,"female"
"福岡県","89.7",2017,"ratio"
"福岡県","2428",2018,"male"
"福岡県","2703",2018,"female"
"福岡県","89.8",2018,"ratio"
"福岡県","2431",2019,"male"
"福岡県","2703",2019,"female"
"福岡県","89.9",2019,"ratio"
"福岡県","2431",2020,"male"
"福岡県","2704",2020,"female"
"福岡県","89.9",2020,"ratio"
"佐賀県","391",2016,"male"
"佐賀県","437",2016,"female"
"佐賀県","89.5",2016,"ratio"
"佐賀県","390",2017,"male"
"佐賀県","435",2017,"female"
"佐賀県","89.7",2017,"ratio"
"佐賀県","388",2018,"male"
"佐賀県","432",2018,"female"
"佐賀県","89.8",2018,"ratio"
"佐賀県","387",2019,"male"
"佐賀県","430",2019,"female"
"佐賀県","89.9",2019,"ratio"
"佐賀県","384",2020,"male"
"佐賀県","427",2020,"female"
"佐賀県","90",2020,"ratio"
"長崎県","642",2016,"male"
"長崎県","725",2016,"female"
"長崎県","88.5",2016,"ratio"
"長崎県","636",2017,"male"
"長崎県","719",2017,"female"
"長崎県","88.5",2017,"ratio"
"長崎県","630",2018,"male"
"長崎県","711",2018,"female"
"長崎県","88.7",2018,"ratio"
"長崎県","624",2019,"male"
"長崎県","703",2019,"female"
"長崎県","88.7",2019,"ratio"
"長崎県","617",2020,"male"
"長崎県","695",2020,"female"
"長崎県","88.7",2020,"ratio"
"熊本県","837",2016,"male"
"熊本県","938",2016,"female"
"熊本県","89.2",2016,"ratio"
"熊本県","834",2017,"male"
"熊本県","933",2017,"female"
"熊本県","89.4",2017,"ratio"
"熊本県","831",2018,"male"
"熊本県","928",2018,"female"
"熊本県","89.6",2018,"ratio"
"熊本県","828",2019,"male"
"熊本県","922",2019,"female"
"熊本県","89.8",2019,"ratio"
"熊本県","822",2020,"male"
"熊本県","916",2020,"female"
"熊本県","89.8",2020,"ratio"
"大分県","549",2016,"male"
"大分県","611",2016,"female"
"大分県","89.9",2016,"ratio"
"大分県","545",2017,"male"
"大分県","607",2017,"female"
"大分県","89.9",2017,"ratio"
"大分県","541",2018,"male"
"大分県","602",2018,"female"
"大分県","90",2018,"ratio"
"大分県","538",2019,"male"
"大分県","596",2019,"female"
"大分県","90.2",2019,"ratio"
"大分県","533",2020,"male"
"大分県","590",2020,"female"
"大分県","90.3",2020,"ratio"
"宮崎県","516",2016,"male"
"宮崎県","581",2016,"female"
"宮崎県","88.9",2016,"ratio"
"宮崎県","514",2017,"male"
"宮崎県","577",2017,"female"
"宮崎県","89",2017,"ratio"
"宮崎県","511",2018,"male"
"宮崎県","573",2018,"female"
"宮崎県","89.1",2018,"ratio"
"宮崎県","508",2019,"male"
"宮崎県","569",2019,"female"
"宮崎県","89.3",2019,"ratio"
"宮崎県","505",2020,"male"
"宮崎県","565",2020,"female"
"宮崎県","89.4",2020,"ratio"
"鹿児島県","768",2016,"male"
"鹿児島県","869",2016,"female"
"鹿児島県","88.4",2016,"ratio"
"鹿児島県","764",2017,"male"
"鹿児島県","862",2017,"female"
"鹿児島県","88.6",2017,"ratio"
"鹿児島県","759",2018,"male"
"鹿児島県","855",2018,"female"
"鹿児島県","88.8",2018,"ratio"
"鹿児島県","754",2019,"male"
"鹿児島県","848",2019,"female"
"鹿児島県","89",2019,"ratio"
"鹿児島県","748",2020,"male"
"鹿児島県","840",2020,"female"
"鹿児島県","89.1",2020,"ratio"
"沖縄県","709",2016,"male"
"沖縄県","733",2016,"female"
"沖縄県","96.7",2016,"ratio"
"沖縄県","712",2017,"male"
"沖縄県","736",2017,"female"
"沖縄県","96.8",2017,"ratio"
"沖縄県","715",2018,"male"
"沖縄県","739",2018,"female"
"沖縄県","96.9",2018,"ratio"
"沖縄県","719",2019,"male"
"沖縄県","742",2019,"female"
"沖縄県","97",2019,"ratio"
"沖縄県","723",2020,"male"
"沖縄県","745",2020,"female"
"沖縄県","97.1",2020,"ratio"
